[NX v21.2.1 Daemon Server] - 2026-09-02T00:24:53.969Z - Started listening on: /var/folders/dh/hdj8y6kj22x5jxqks_l9s8s80000gn/T/2b67ce026cf5f7c276be/d.sock
[NX v21.2.1 Daemon Server] - 2026-09-02T00:24:53.971Z - [WATCHER]: Subscribed to changes within: /Users/test/Documents/code/nx-monorepo-ts (native)
[NX v21.2.1 Daemon Server] - 2026-09-02T00:24:53.979Z - Established a connection. Number of open connections: 1
[NX v21.2.1 Daemon Server] - 2026-09-02T00:24:53.982Z - Closed a connection. Number of open connections: 0
[NX v21.2.1 Daemon Server] - 2026-09-02T00:24:54.036Z - Established a connection. Number of open connections: 1
[NX v21.2.1 Daemon Server] - 2026-09-02T00:24:54.037Z - Established a connection. Number of open connections: 2
[NX v21.2.1 Daemon Server] - 2026-09-02T00:24:54.037Z - Closed a connection. Number of open connections: 1
[NX v21.2.1 Daemon Server] - 2026-09-02T00:24:54.039Z - [REQUEST]: Client Request for Project Graph Received
[NX v21.2.1 Daemon Server] - 2026-09-02T00:24:54.058Z - [WATCHER]: .nx/workspace-data/nx_files.nxt was created or restored
[NX v21.2.1 Daemon Server] - 2026-09-02T00:24:54.312Z - Time taken for 'Load Nx Plugin: /Users/test/Documents/code/nx-monorepo-ts/node_modules/nx/src/plugins/project-json/build-nodes/project-json' 266.44575ms
[NX v21.2.1 Daemon Server] - 2026-09-02T00:24:54.312Z - Time taken for 'Load Nx Plugin: /Users/test/Documents/code/nx-monorepo-ts/node_modules/nx/src/plugins/package-json' 267.298833ms
[NX v21.2.1 Daemon Server] - 2026-09-02T00:24:54.354Z - Time taken for 'loadDefaultNxPlugins' 309.204167ms
[NX v21.2.1 Daemon Server] - 2026-09-02T00:24:54.394Z - Time taken for 'Load Nx Plugin: @nx/eslint/plugin' 351.69575ms
[NX v21.2.1 Daemon Server] - 2026-09-02T00:24:54.424Z - Time taken for 'Load Nx Plugin: @nx/js/typescript' 383.447834ms
[NX v21.2.1 Daemon Server] - 2026-09-02T00:24:54.435Z - Time taken for 'Load Nx Plugin: @nx/jest/plugin' 391.464375ms
[NX v21.2.1 Daemon Server] - 2026-09-02T00:24:54.436Z - Time taken for 'Load Nx Plugin: @nx/react/router-plugin' 394.05841699999996ms
[NX v21.2.1 Daemon Server] - 2026-09-02T00:24:54.444Z - [REQUEST]: Updated workspace context based on watched changes, recomputing project graph...
[NX v21.2.1 Daemon Server] - 2026-09-02T00:24:54.444Z - [REQUEST]: .nx/workspace-data/nx_files.nxt
[NX v21.2.1 Daemon Server] - 2026-09-02T00:24:54.444Z - [REQUEST]: 
[NX v21.2.1 Daemon Server] - 2026-09-02T00:24:54.449Z - [REQUEST]: Updated workspace context based on watched changes, recomputing project graph...
[NX v21.2.1 Daemon Server] - 2026-09-02T00:24:54.449Z - [REQUEST]: .nx/workspace-data/nx_files.nxt
[NX v21.2.1 Daemon Server] - 2026-09-02T00:24:54.449Z - [REQUEST]: 
[NX v21.2.1 Daemon Server] - 2026-09-02T00:24:54.479Z - Time taken for 'loadSpecifiedNxPlugins' 402.50841599999995ms
[NX v21.2.1 Daemon Server] - 2026-09-02T00:24:54.480Z - Established a connection. Number of open connections: 2
[NX v21.2.1 Daemon Server] - 2026-09-02T00:24:54.481Z - Established a connection. Number of open connections: 3
[NX v21.2.1 Daemon Server] - 2026-09-02T00:24:54.481Z - Closed a connection. Number of open connections: 2
[NX v21.2.1 Daemon Server] - 2026-09-02T00:24:54.482Z - Established a connection. Number of open connections: 3
[NX v21.2.1 Daemon Server] - 2026-09-02T00:24:54.482Z - [REQUEST]: Responding to the client. handleHashMultiGlob
[NX v21.2.1 Daemon Server] - 2026-09-02T00:24:54.482Z - Done responding to the client handleHashMultiGlob
[NX v21.2.1 Daemon Server] - 2026-09-02T00:24:54.482Z - Handled HASH_GLOB. Handling time: 0. Response time: 0.
[NX v21.2.1 Daemon Server] - 2026-09-02T00:24:54.482Z - Established a connection. Number of open connections: 4
[NX v21.2.1 Daemon Server] - 2026-09-02T00:24:54.482Z - Closed a connection. Number of open connections: 3
[NX v21.2.1 Daemon Server] - 2026-09-02T00:24:54.483Z - Established a connection. Number of open connections: 4
[NX v21.2.1 Daemon Server] - 2026-09-02T00:24:54.488Z - [REQUEST]: Responding to the client. handleGlob
[NX v21.2.1 Daemon Server] - 2026-09-02T00:24:54.488Z - Done responding to the client handleGlob
[NX v21.2.1 Daemon Server] - 2026-09-02T00:24:54.488Z - Handled GLOB. Handling time: 3. Response time: 0.
[NX v21.2.1 Daemon Server] - 2026-09-02T00:24:54.489Z - Established a connection. Number of open connections: 5
[NX v21.2.1 Daemon Server] - 2026-09-02T00:24:54.490Z - [REQUEST]: Responding to the client. handleHashMultiGlob
[NX v21.2.1 Daemon Server] - 2026-09-02T00:24:54.491Z - Done responding to the client handleHashMultiGlob
[NX v21.2.1 Daemon Server] - 2026-09-02T00:24:54.491Z - Handled HASH_GLOB. Handling time: 0. Response time: 1.
[NX v21.2.1 Daemon Server] - 2026-09-02T00:24:54.492Z - Closed a connection. Number of open connections: 4
[NX v21.2.1 Daemon Server] - 2026-09-02T00:24:54.493Z - Established a connection. Number of open connections: 5
[NX v21.2.1 Daemon Server] - 2026-09-02T00:24:54.494Z - [REQUEST]: Responding to the client. handleGlob
[NX v21.2.1 Daemon Server] - 2026-09-02T00:24:54.494Z - Done responding to the client handleGlob
[NX v21.2.1 Daemon Server] - 2026-09-02T00:24:54.494Z - Handled GLOB. Handling time: 1. Response time: 0.
[NX v21.2.1 Daemon Server] - 2026-09-02T00:24:54.504Z - [REQUEST]: Responding to the client. handleHashMultiGlob
[NX v21.2.1 Daemon Server] - 2026-09-02T00:24:54.504Z - Done responding to the client handleHashMultiGlob
[NX v21.2.1 Daemon Server] - 2026-09-02T00:24:54.504Z - Handled HASH_GLOB. Handling time: 9. Response time: 0.
[NX v21.2.1 Daemon Server] - 2026-09-02T00:24:54.505Z - Established a connection. Number of open connections: 6
[NX v21.2.1 Daemon Server] - 2026-09-02T00:24:54.510Z - [REQUEST]: Responding to the client. handleHashMultiGlob
[NX v21.2.1 Daemon Server] - 2026-09-02T00:24:54.510Z - Done responding to the client handleHashMultiGlob
[NX v21.2.1 Daemon Server] - 2026-09-02T00:24:54.510Z - Handled HASH_GLOB. Handling time: 4. Response time: 0.
[NX v21.2.1 Daemon Server] - 2026-09-02T00:24:54.510Z - Closed a connection. Number of open connections: 5
[NX v21.2.1 Daemon Server] - 2026-09-02T00:24:54.516Z - [REQUEST]: Responding to the client. handleHashMultiGlob
[NX v21.2.1 Daemon Server] - 2026-09-02T00:24:54.516Z - Done responding to the client handleHashMultiGlob
[NX v21.2.1 Daemon Server] - 2026-09-02T00:24:54.516Z - Handled HASH_GLOB. Handling time: 5. Response time: 0.
[NX v21.2.1 Daemon Server] - 2026-09-02T00:24:54.518Z - [REQUEST]: Responding to the client. handleHashMultiGlob
[NX v21.2.1 Daemon Server] - 2026-09-02T00:24:54.518Z - Done responding to the client handleHashMultiGlob
[NX v21.2.1 Daemon Server] - 2026-09-02T00:24:54.518Z - Handled HASH_GLOB. Handling time: 2. Response time: 0.
[NX v21.2.1 Daemon Server] - 2026-09-02T00:24:54.532Z - [REQUEST]: Responding to the client. handleHashMultiGlob
[NX v21.2.1 Daemon Server] - 2026-09-02T00:24:54.532Z - Done responding to the client handleHashMultiGlob
[NX v21.2.1 Daemon Server] - 2026-09-02T00:24:54.532Z - Handled HASH_GLOB. Handling time: 13. Response time: 0.
[NX v21.2.1 Daemon Server] - 2026-09-02T00:24:54.544Z - [REQUEST]: Responding to the client. handleHashMultiGlob
[NX v21.2.1 Daemon Server] - 2026-09-02T00:24:54.544Z - Done responding to the client handleHashMultiGlob
[NX v21.2.1 Daemon Server] - 2026-09-02T00:24:54.544Z - Handled HASH_GLOB. Handling time: 10. Response time: 0.
[NX v21.2.1 Daemon Server] - 2026-09-02T00:24:54.549Z - [WATCHER]: .nx/workspace-data/react-router-8507840353650169656.hash was created or restored
[NX v21.2.1 Daemon Server] - 2026-09-02T00:24:54.649Z - [REQUEST]: Updated workspace context based on watched changes, recomputing project graph...
[NX v21.2.1 Daemon Server] - 2026-09-02T00:24:54.649Z - [REQUEST]: .nx/workspace-data/nx_files.nxt,.nx/workspace-data/react-router-8507840353650169656.hash
[NX v21.2.1 Daemon Server] - 2026-09-02T00:24:54.649Z - [REQUEST]: 
[NX v21.2.1 Daemon Server] - 2026-09-02T00:24:54.659Z - [REQUEST]: Responding to the client. handleHashMultiGlob
[NX v21.2.1 Daemon Server] - 2026-09-02T00:24:54.659Z - Done responding to the client handleHashMultiGlob
[NX v21.2.1 Daemon Server] - 2026-09-02T00:24:54.659Z - Handled HASH_GLOB. Handling time: 1. Response time: 0.
[NX v21.2.1 Daemon Server] - 2026-09-02T00:24:54.659Z - Time taken for 'hash changed files from watcher' 0.24820899999997437ms
[NX v21.2.1 Daemon Server] - 2026-09-02T00:24:54.683Z - [REQUEST]: Responding to the client. handleGlob
[NX v21.2.1 Daemon Server] - 2026-09-02T00:24:54.683Z - Done responding to the client handleGlob
[NX v21.2.1 Daemon Server] - 2026-09-02T00:24:54.683Z - Handled GLOB. Handling time: 1. Response time: 0.
[NX v21.2.1 Daemon Server] - 2026-09-02T00:24:54.691Z - [REQUEST]: Responding to the client. handleHashMultiGlob
[NX v21.2.1 Daemon Server] - 2026-09-02T00:24:54.691Z - Done responding to the client handleHashMultiGlob
[NX v21.2.1 Daemon Server] - 2026-09-02T00:24:54.692Z - Handled HASH_GLOB. Handling time: 6. Response time: 1.
[NX v21.2.1 Daemon Server] - 2026-09-02T00:24:54.708Z - [REQUEST]: Responding to the client. handleHashMultiGlob
[NX v21.2.1 Daemon Server] - 2026-09-02T00:24:54.708Z - Done responding to the client handleHashMultiGlob
[NX v21.2.1 Daemon Server] - 2026-09-02T00:24:54.708Z - Handled HASH_GLOB. Handling time: 8. Response time: 0.
[NX v21.2.1 Daemon Server] - 2026-09-02T00:24:54.724Z - [WATCHER]: .nx/workspace-data/react-router-8507840353650169656.hash was created or restored
[NX v21.2.1 Daemon Server] - 2026-09-02T00:24:54.824Z - [REQUEST]: Updated workspace context based on watched changes, recomputing project graph...
[NX v21.2.1 Daemon Server] - 2026-09-02T00:24:54.825Z - [REQUEST]: .nx/workspace-data/nx_files.nxt,.nx/workspace-data/react-router-8507840353650169656.hash
[NX v21.2.1 Daemon Server] - 2026-09-02T00:24:54.825Z - [REQUEST]: 
[NX v21.2.1 Daemon Server] - 2026-09-02T00:24:54.839Z - [WATCHER]: 2 file(s) created or restored, 0 file(s) modified, 6 file(s) deleted
[NX v21.2.1 Daemon Server] - 2026-09-02T00:24:54.841Z - [REQUEST]: Responding to the client. handleHashMultiGlob
[NX v21.2.1 Daemon Server] - 2026-09-02T00:24:54.841Z - Done responding to the client handleHashMultiGlob
[NX v21.2.1 Daemon Server] - 2026-09-02T00:24:54.841Z - Handled HASH_GLOB. Handling time: 0. Response time: 0.
[NX v21.2.1 Daemon Server] - 2026-09-02T00:24:54.841Z - Time taken for 'hash changed files from watcher' 0.3376670000000104ms
[NX v21.2.1 Daemon Server] - 2026-09-02T00:24:54.847Z - [REQUEST]: Responding to the client. handleHashMultiGlob
[NX v21.2.1 Daemon Server] - 2026-09-02T00:24:54.848Z - Done responding to the client handleHashMultiGlob
[NX v21.2.1 Daemon Server] - 2026-09-02T00:24:54.848Z - Handled HASH_GLOB. Handling time: 4. Response time: 1.
[NX v21.2.1 Daemon Server] - 2026-09-02T00:24:54.908Z - [WATCHER]: 3 file(s) created or restored, 0 file(s) modified, 2 file(s) deleted
[NX v21.2.1 Daemon Server] - 2026-09-02T00:24:54.940Z - [REQUEST]: Updated workspace context based on watched changes, recomputing project graph...
[NX v21.2.1 Daemon Server] - 2026-09-02T00:24:54.940Z - [REQUEST]: .nx/workspace-data/nx_files.nxt,.nx/workspace-data/react-router-8507840353650169656.hash,.nx/workspace-data/tsconfig-files.hash,.nx/workspace-data/tsc-2568428459166798129.hash
[NX v21.2.1 Daemon Server] - 2026-09-02T00:24:54.940Z - [REQUEST]: .nx/workspace-data/tsc-2568428459166798129.hash.34254.566fb21b.tmp,.nx/workspace-data/tsc-2568428459166798129.hash.34254.2cfa9934.tmp,.nx/workspace-data/tsc-2568428459166798129.hash.34254.4baa051f.tmp,.nx/workspace-data/tsconfig-files.hash.34254.92075166.tmp,.nx/workspace-data/tsconfig-files.hash.34254.da5cb407.tmp,.nx/workspace-data/tsconfig-files.hash.34254.774794fc.tmp,.nx/workspace-data/tsc-2568428459166798129.hash.34254.ee8c12fe.tmp,.nx/workspace-data/tsconfig-files.hash.34254.dba2f3de.tmp
[NX v21.2.1 Daemon Server] - 2026-09-02T00:24:54.951Z - [REQUEST]: Responding to the client. handleHashMultiGlob
[NX v21.2.1 Daemon Server] - 2026-09-02T00:24:54.951Z - Done responding to the client handleHashMultiGlob
[NX v21.2.1 Daemon Server] - 2026-09-02T00:24:54.951Z - Handled HASH_GLOB. Handling time: 0. Response time: 0.
[NX v21.2.1 Daemon Server] - 2026-09-02T00:24:54.951Z - Time taken for 'hash changed files from watcher' 0.8563750000000709ms
[NX v21.2.1 Daemon Server] - 2026-09-02T00:24:55.011Z - [REQUEST]: Responding to the client. handleHashMultiGlob
[NX v21.2.1 Daemon Server] - 2026-09-02T00:24:55.011Z - Done responding to the client handleHashMultiGlob
[NX v21.2.1 Daemon Server] - 2026-09-02T00:24:55.011Z - Handled HASH_GLOB. Handling time: 6. Response time: 0.
[NX v21.2.1 Daemon Server] - 2026-09-02T00:24:55.016Z - [WATCHER]: 3 file(s) created or restored, 0 file(s) modified, 2 file(s) deleted
[NX v21.2.1 Daemon Server] - 2026-09-02T00:24:55.118Z - [REQUEST]: Updated workspace context based on watched changes, recomputing project graph...
[NX v21.2.1 Daemon Server] - 2026-09-02T00:24:55.118Z - [REQUEST]: .nx/workspace-data/nx_files.nxt,.nx/workspace-data/react-router-8507840353650169656.hash,.nx/workspace-data/tsconfig-files.hash,.nx/workspace-data/tsc-2568428459166798129.hash
[NX v21.2.1 Daemon Server] - 2026-09-02T00:24:55.118Z - [REQUEST]: .nx/workspace-data/tsc-2568428459166798129.hash.34254.566fb21b.tmp,.nx/workspace-data/tsc-2568428459166798129.hash.34254.2cfa9934.tmp,.nx/workspace-data/tsc-2568428459166798129.hash.34254.4baa051f.tmp,.nx/workspace-data/tsconfig-files.hash.34254.92075166.tmp,.nx/workspace-data/tsconfig-files.hash.34254.da5cb407.tmp,.nx/workspace-data/tsconfig-files.hash.34254.774794fc.tmp,.nx/workspace-data/tsc-2568428459166798129.hash.34254.ee8c12fe.tmp,.nx/workspace-data/tsconfig-files.hash.34254.dba2f3de.tmp,.nx/workspace-data/tsconfig-files.hash.34254.8ca42d00.tmp,.nx/workspace-data/tsc-2568428459166798129.hash.34254.d73fa1c4.tmp
[NX v21.2.1 Daemon Server] - 2026-09-02T00:24:55.128Z - [REQUEST]: Responding to the client. handleHashMultiGlob
[NX v21.2.1 Daemon Server] - 2026-09-02T00:24:55.128Z - Done responding to the client handleHashMultiGlob
[NX v21.2.1 Daemon Server] - 2026-09-02T00:24:55.128Z - Handled HASH_GLOB. Handling time: 0. Response time: 0.
[NX v21.2.1 Daemon Server] - 2026-09-02T00:24:55.128Z - Time taken for 'hash changed files from watcher' 0.8589580000000296ms
[NX v21.2.1 Daemon Server] - 2026-09-02T00:24:55.138Z - [REQUEST]: Responding to the client. handleHashMultiGlob
[NX v21.2.1 Daemon Server] - 2026-09-02T00:24:55.138Z - Done responding to the client handleHashMultiGlob
[NX v21.2.1 Daemon Server] - 2026-09-02T00:24:55.138Z - Handled HASH_GLOB. Handling time: 5. Response time: 0.
[NX v21.2.1 Daemon Server] - 2026-09-02T00:24:55.193Z - [WATCHER]: 2 file(s) created or restored, 1 file(s) modified, 2 file(s) deleted
[NX v21.2.1 Daemon Server] - 2026-09-02T00:24:55.249Z - [WATCHER]: .nx/workspace-data/vite-9347777721732807074.hash was created or restored
[NX v21.2.1 Daemon Server] - 2026-09-02T00:24:55.295Z - [REQUEST]: Updated workspace context based on watched changes, recomputing project graph...
[NX v21.2.1 Daemon Server] - 2026-09-02T00:24:55.295Z - [REQUEST]: .nx/workspace-data/nx_files.nxt,.nx/workspace-data/react-router-8507840353650169656.hash,.nx/workspace-data/tsconfig-files.hash,.nx/workspace-data/tsc-2568428459166798129.hash,.nx/workspace-data/vite-9347777721732807074.hash
[NX v21.2.1 Daemon Server] - 2026-09-02T00:24:55.295Z - [REQUEST]: .nx/workspace-data/tsc-2568428459166798129.hash.34254.566fb21b.tmp,.nx/workspace-data/tsc-2568428459166798129.hash.34254.2cfa9934.tmp,.nx/workspace-data/tsc-2568428459166798129.hash.34254.4baa051f.tmp,.nx/workspace-data/tsconfig-files.hash.34254.92075166.tmp,.nx/workspace-data/tsconfig-files.hash.34254.da5cb407.tmp,.nx/workspace-data/tsconfig-files.hash.34254.774794fc.tmp,.nx/workspace-data/tsc-2568428459166798129.hash.34254.ee8c12fe.tmp,.nx/workspace-data/tsconfig-files.hash.34254.dba2f3de.tmp,.nx/workspace-data/tsconfig-files.hash.34254.8ca42d00.tmp,.nx/workspace-data/tsc-2568428459166798129.hash.34254.d73fa1c4.tmp,.nx/workspace-data/tsc-2568428459166798129.hash.34254.d9c88d04.tmp,.nx/workspace-data/tsconfig-files.hash.34254.fcc12f53.tmp
[NX v21.2.1 Daemon Server] - 2026-09-02T00:24:55.306Z - [REQUEST]: Responding to the client. handleHashMultiGlob
[NX v21.2.1 Daemon Server] - 2026-09-02T00:24:55.307Z - Done responding to the client handleHashMultiGlob
[NX v21.2.1 Daemon Server] - 2026-09-02T00:24:55.307Z - Handled HASH_GLOB. Handling time: 0. Response time: 1.
[NX v21.2.1 Daemon Server] - 2026-09-02T00:24:55.307Z - [WATCHER]: .nx/workspace-data/vite-9347777721732807074.hash was created or restored
[NX v21.2.1 Daemon Server] - 2026-09-02T00:24:55.307Z - Time taken for 'hash changed files from watcher' 1.053541000000223ms
[NX v21.2.1 Daemon Server] - 2026-09-02T00:24:55.312Z - [REQUEST]: Responding to the client. handleHashMultiGlob
[NX v21.2.1 Daemon Server] - 2026-09-02T00:24:55.312Z - Done responding to the client handleHashMultiGlob
[NX v21.2.1 Daemon Server] - 2026-09-02T00:24:55.312Z - Handled HASH_GLOB. Handling time: 4. Response time: 0.
[NX v21.2.1 Daemon Server] - 2026-09-02T00:24:55.371Z - [WATCHER]: 3 file(s) created or restored, 1 file(s) modified, 2 file(s) deleted
[NX v21.2.1 Daemon Server] - 2026-09-02T00:24:55.408Z - [REQUEST]: Updated workspace context based on watched changes, recomputing project graph...
[NX v21.2.1 Daemon Server] - 2026-09-02T00:24:55.408Z - [REQUEST]: .nx/workspace-data/nx_files.nxt,.nx/workspace-data/react-router-8507840353650169656.hash,.nx/workspace-data/tsconfig-files.hash,.nx/workspace-data/tsc-2568428459166798129.hash,.nx/workspace-data/vite-9347777721732807074.hash
[NX v21.2.1 Daemon Server] - 2026-09-02T00:24:55.408Z - [REQUEST]: .nx/workspace-data/tsc-2568428459166798129.hash.34254.566fb21b.tmp,.nx/workspace-data/tsc-2568428459166798129.hash.34254.2cfa9934.tmp,.nx/workspace-data/tsc-2568428459166798129.hash.34254.4baa051f.tmp,.nx/workspace-data/tsconfig-files.hash.34254.92075166.tmp,.nx/workspace-data/tsconfig-files.hash.34254.da5cb407.tmp,.nx/workspace-data/tsconfig-files.hash.34254.774794fc.tmp,.nx/workspace-data/tsc-2568428459166798129.hash.34254.ee8c12fe.tmp,.nx/workspace-data/tsconfig-files.hash.34254.dba2f3de.tmp,.nx/workspace-data/tsconfig-files.hash.34254.8ca42d00.tmp,.nx/workspace-data/tsc-2568428459166798129.hash.34254.d73fa1c4.tmp,.nx/workspace-data/tsc-2568428459166798129.hash.34254.d9c88d04.tmp,.nx/workspace-data/tsconfig-files.hash.34254.fcc12f53.tmp,.nx/workspace-data/tsconfig-files.hash.34254.32f3022c.tmp,.nx/workspace-data/tsc-2568428459166798129.hash.34254.d848e7fa.tmp
[NX v21.2.1 Daemon Server] - 2026-09-02T00:24:55.416Z - [REQUEST]: Responding to the client. handleHashMultiGlob
[NX v21.2.1 Daemon Server] - 2026-09-02T00:24:55.417Z - Done responding to the client handleHashMultiGlob
[NX v21.2.1 Daemon Server] - 2026-09-02T00:24:55.417Z - Handled HASH_GLOB. Handling time: 0. Response time: 1.
[NX v21.2.1 Daemon Server] - 2026-09-02T00:24:55.423Z - [REQUEST]: Responding to the client. handleHashMultiGlob
[NX v21.2.1 Daemon Server] - 2026-09-02T00:24:55.423Z - Done responding to the client handleHashMultiGlob
[NX v21.2.1 Daemon Server] - 2026-09-02T00:24:55.423Z - Handled HASH_GLOB. Handling time: 5. Response time: 0.
[NX v21.2.1 Daemon Server] - 2026-09-02T00:24:55.423Z - Time taken for 'hash changed files from watcher' 0.7598749999999654ms
(node:34258) [DEP0180] DeprecationWarning: fs.Stats constructor is deprecated.
(Use `node --trace-deprecation ...` to show where the warning was created)
[NX v21.2.1 Daemon Server] - 2026-09-02T00:24:55.467Z - [REQUEST]: Responding to the client. handleHashMultiGlob
[NX v21.2.1 Daemon Server] - 2026-09-02T00:24:55.467Z - Done responding to the client handleHashMultiGlob
[NX v21.2.1 Daemon Server] - 2026-09-02T00:24:55.467Z - Handled HASH_GLOB. Handling time: 2. Response time: 0.
[NX v21.2.1 Daemon Server] - 2026-09-02T00:24:55.473Z - [REQUEST]: Responding to the client. handleHashMultiGlob
[NX v21.2.1 Daemon Server] - 2026-09-02T00:24:55.473Z - Done responding to the client handleHashMultiGlob
[NX v21.2.1 Daemon Server] - 2026-09-02T00:24:55.473Z - Handled HASH_GLOB. Handling time: 2. Response time: 0.
[NX v21.2.1 Daemon Server] - 2026-09-02T00:24:55.475Z - [REQUEST]: Responding to the client. handleHashMultiGlob
[NX v21.2.1 Daemon Server] - 2026-09-02T00:24:55.475Z - Done responding to the client handleHashMultiGlob
[NX v21.2.1 Daemon Server] - 2026-09-02T00:24:55.475Z - Handled HASH_GLOB. Handling time: 1. Response time: 0.
[NX v21.2.1 Daemon Server] - 2026-09-02T00:24:55.476Z - [REQUEST]: Responding to the client. handleGlob
[NX v21.2.1 Daemon Server] - 2026-09-02T00:24:55.476Z - Done responding to the client handleGlob
[NX v21.2.1 Daemon Server] - 2026-09-02T00:24:55.476Z - Handled GLOB. Handling time: 0. Response time: 0.
[NX v21.2.1 Daemon Server] - 2026-09-02T00:24:55.478Z - [REQUEST]: Responding to the client. handleHashMultiGlob
[NX v21.2.1 Daemon Server] - 2026-09-02T00:24:55.478Z - Done responding to the client handleHashMultiGlob
[NX v21.2.1 Daemon Server] - 2026-09-02T00:24:55.478Z - Handled HASH_GLOB. Handling time: 1. Response time: 0.
[NX v21.2.1 Daemon Server] - 2026-09-02T00:24:55.481Z - [REQUEST]: Responding to the client. handleHashMultiGlob
[NX v21.2.1 Daemon Server] - 2026-09-02T00:24:55.481Z - Done responding to the client handleHashMultiGlob
[NX v21.2.1 Daemon Server] - 2026-09-02T00:24:55.481Z - Handled HASH_GLOB. Handling time: 2. Response time: 0.
[NX v21.2.1 Daemon Server] - 2026-09-02T00:24:55.482Z - [WATCHER]: 4 file(s) created or restored, 1 file(s) modified, 2 file(s) deleted
[NX v21.2.1 Daemon Server] - 2026-09-02T00:24:55.484Z - [REQUEST]: Responding to the client. handleHashMultiGlob
[NX v21.2.1 Daemon Server] - 2026-09-02T00:24:55.484Z - Done responding to the client handleHashMultiGlob
[NX v21.2.1 Daemon Server] - 2026-09-02T00:24:55.484Z - Handled HASH_GLOB. Handling time: 2. Response time: 0.
[NX v21.2.1 Daemon Server] - 2026-09-02T00:24:55.519Z - Time taken for 'build-project-configs' 86.62320799999998ms
[NX v21.2.1 Daemon Server] - 2026-09-02T00:24:55.520Z - [REQUEST]: Responding to the client. handleGlob
[NX v21.2.1 Daemon Server] - 2026-09-02T00:24:55.520Z - Done responding to the client handleGlob
[NX v21.2.1 Daemon Server] - 2026-09-02T00:24:55.520Z - Handled GLOB. Handling time: 0. Response time: 0.
[NX v21.2.1 Daemon Server] - 2026-09-02T00:24:55.527Z - Time taken for 'build-project-configs' 112.03641700000003ms
[NX v21.2.1 Daemon Server] - 2026-09-02T00:24:55.532Z - [REQUEST]: Responding to the client. handleHashMultiGlob
[NX v21.2.1 Daemon Server] - 2026-09-02T00:24:55.532Z - Done responding to the client handleHashMultiGlob
[NX v21.2.1 Daemon Server] - 2026-09-02T00:24:55.532Z - Handled HASH_GLOB. Handling time: 4. Response time: 0.
[NX v21.2.1 Daemon Server] - 2026-09-02T00:24:55.537Z - [REQUEST]: Responding to the client. handleGlob
[NX v21.2.1 Daemon Server] - 2026-09-02T00:24:55.537Z - Done responding to the client handleGlob
[NX v21.2.1 Daemon Server] - 2026-09-02T00:24:55.537Z - Handled GLOB. Handling time: 1. Response time: 0.
[NX v21.2.1 Daemon Server] - 2026-09-02T00:24:55.537Z - [WATCHER]: 2 file(s) created or restored, 0 file(s) modified, 0 file(s) deleted
[NX v21.2.1 Daemon Server] - 2026-09-02T00:24:55.541Z - Time taken for '@nx/vite/plugin:createDependencies' 15.127082999999857ms
[NX v21.2.1 Daemon Server] - 2026-09-02T00:24:55.543Z - Time taken for '@nx/js/typescript:createDependencies' 17.734750000000076ms
[NX v21.2.1 Daemon Server] - 2026-09-02T00:24:55.548Z - [REQUEST]: Responding to the client. handleGlob
[NX v21.2.1 Daemon Server] - 2026-09-02T00:24:55.548Z - Done responding to the client handleGlob
[NX v21.2.1 Daemon Server] - 2026-09-02T00:24:55.548Z - Handled GLOB. Handling time: 1. Response time: 0.
[NX v21.2.1 Daemon Server] - 2026-09-02T00:24:55.555Z - Time taken for 'build-project-configs' 139.7880419999999ms
[NX v21.2.1 Daemon Server] - 2026-09-02T00:24:55.556Z - [REQUEST]: Responding to the client. handleGlob
[NX v21.2.1 Daemon Server] - 2026-09-02T00:24:55.556Z - Done responding to the client handleGlob
[NX v21.2.1 Daemon Server] - 2026-09-02T00:24:55.556Z - Handled GLOB. Handling time: 0. Response time: 0.
[NX v21.2.1 Daemon Server] - 2026-09-02T00:24:55.556Z - Time taken for '@nx/js/typescript:createDependencies' 5.062709000000041ms
[NX v21.2.1 Daemon Server] - 2026-09-02T00:24:55.561Z - [REQUEST]: Responding to the client. handleHashMultiGlob
[NX v21.2.1 Daemon Server] - 2026-09-02T00:24:55.561Z - Done responding to the client handleHashMultiGlob
[NX v21.2.1 Daemon Server] - 2026-09-02T00:24:55.561Z - Handled HASH_GLOB. Handling time: 4. Response time: 0.
[NX v21.2.1 Daemon Server] - 2026-09-02T00:24:55.566Z - [REQUEST]: Responding to the client. handleHashMultiGlob
[NX v21.2.1 Daemon Server] - 2026-09-02T00:24:55.566Z - Done responding to the client handleHashMultiGlob
[NX v21.2.1 Daemon Server] - 2026-09-02T00:24:55.566Z - Handled HASH_GLOB. Handling time: 4. Response time: 0.
[NX v21.2.1 Daemon Server] - 2026-09-02T00:24:55.568Z - Time taken for '@nx/js/typescript:createDependencies' 17.212084000000004ms
[NX v21.2.1 Daemon Server] - 2026-09-02T00:24:55.569Z - Time taken for '@nx/vite/plugin:createDependencies' 16.14687499999991ms
[NX v21.2.1 Daemon Server] - 2026-09-02T00:24:55.583Z - [REQUEST]: Responding to the client. handleHashMultiGlob
[NX v21.2.1 Daemon Server] - 2026-09-02T00:24:55.583Z - Done responding to the client handleHashMultiGlob
[NX v21.2.1 Daemon Server] - 2026-09-02T00:24:55.583Z - Handled HASH_GLOB. Handling time: 5. Response time: 0.
[NX v21.2.1 Daemon Server] - 2026-09-02T00:24:55.583Z - [REQUEST]: Updated workspace context based on watched changes, recomputing project graph...
[NX v21.2.1 Daemon Server] - 2026-09-02T00:24:55.583Z - [REQUEST]: 
[NX v21.2.1 Daemon Server] - 2026-09-02T00:24:55.583Z - [REQUEST]: 
[NX v21.2.1 Daemon Server] - 2026-09-02T00:24:55.593Z - [REQUEST]: Responding to the client. handleHashMultiGlob
[NX v21.2.1 Daemon Server] - 2026-09-02T00:24:55.593Z - Done responding to the client handleHashMultiGlob
[NX v21.2.1 Daemon Server] - 2026-09-02T00:24:55.593Z - Handled HASH_GLOB. Handling time: 0. Response time: 0.
[NX v21.2.1 Daemon Server] - 2026-09-02T00:24:55.593Z - Time taken for 'hash changed files from watcher' 0.1584170000000995ms
[NX v21.2.1 Daemon Server] - 2026-09-02T00:24:55.601Z - [REQUEST]: Responding to the client. handleHashMultiGlob
[NX v21.2.1 Daemon Server] - 2026-09-02T00:24:55.601Z - Done responding to the client handleHashMultiGlob
[NX v21.2.1 Daemon Server] - 2026-09-02T00:24:55.601Z - Handled HASH_GLOB. Handling time: 6. Response time: 0.
[NX v21.2.1 Daemon Server] - 2026-09-02T00:24:55.604Z - [REQUEST]: Responding to the client. handleHashMultiGlob
[NX v21.2.1 Daemon Server] - 2026-09-02T00:24:55.604Z - Done responding to the client handleHashMultiGlob
[NX v21.2.1 Daemon Server] - 2026-09-02T00:24:55.604Z - Handled HASH_GLOB. Handling time: 2. Response time: 0.
[NX v21.2.1 Daemon Server] - 2026-09-02T00:24:55.625Z - [REQUEST]: Responding to the client. handleHashMultiGlob
[NX v21.2.1 Daemon Server] - 2026-09-02T00:24:55.625Z - Done responding to the client handleHashMultiGlob
[NX v21.2.1 Daemon Server] - 2026-09-02T00:24:55.625Z - Handled HASH_GLOB. Handling time: 4. Response time: 0.
[NX v21.2.1 Daemon Server] - 2026-09-02T00:24:55.625Z - Time taken for 'build-project-configs' 21.939582999999857ms
[NX v21.2.1 Daemon Server] - 2026-09-02T00:24:55.626Z - [WATCHER]: 5 file(s) created or restored, 1 file(s) modified, 2 file(s) deleted
[NX v21.2.1 Daemon Server] - 2026-09-02T00:24:55.626Z - [REQUEST]: Responding to the client. handleGlob
[NX v21.2.1 Daemon Server] - 2026-09-02T00:24:55.627Z - Done responding to the client handleGlob
[NX v21.2.1 Daemon Server] - 2026-09-02T00:24:55.627Z - Handled GLOB. Handling time: 0. Response time: 1.
[NX v21.2.1 Daemon Server] - 2026-09-02T00:24:55.635Z - [REQUEST]: Responding to the client. handleHashMultiGlob
[NX v21.2.1 Daemon Server] - 2026-09-02T00:24:55.635Z - Done responding to the client handleHashMultiGlob
[NX v21.2.1 Daemon Server] - 2026-09-02T00:24:55.635Z - Handled HASH_GLOB. Handling time: 4. Response time: 0.
[NX v21.2.1 Daemon Server] - 2026-09-02T00:24:55.646Z - Time taken for 'build-project-configs' 51.62324999999987ms
[NX v21.2.1 Daemon Server] - 2026-09-02T00:24:55.651Z - Time taken for '@nx/vite/plugin:createDependencies' 5.784249999999929ms
[NX v21.2.1 Daemon Server] - 2026-09-02T00:24:55.651Z - Time taken for '@nx/js/typescript:createDependencies' 6.648000000000138ms
[NX v21.2.1 Daemon Server] - 2026-09-02T00:24:55.658Z - Time taken for '@nx/vite/plugin:createDependencies' 13.005458999999973ms
[NX v21.2.1 Daemon Server] - 2026-09-02T00:24:55.658Z - Time taken for '@nx/js/typescript:createDependencies' 14.058084000000008ms
[NX v21.2.1 Daemon Server] - 2026-09-02T00:24:55.671Z - [WATCHER]: 3 file(s) created or restored, 0 file(s) modified, 0 file(s) deleted
[NX v21.2.1 Daemon Server] - 2026-09-02T00:24:55.727Z - [SYNC]: collect registered sync generators
[NX v21.2.1 Daemon Server] - 2026-09-02T00:24:55.728Z - [SYNC]: scheduling: ["@nx/js:typescript-sync"]
[NX v21.2.1 Daemon Server] - 2026-09-02T00:24:55.728Z - [REQUEST]: Responding to the client. project-graph
[NX v21.2.1 Daemon Server] - 2026-09-02T00:24:55.729Z - Time taken for 'total for creating and serializing project graph' 1689.0406659999999ms
[NX v21.2.1 Daemon Server] - 2026-09-02T00:24:55.729Z - [REQUEST]: Updated workspace context based on watched changes, recomputing project graph...
[NX v21.2.1 Daemon Server] - 2026-09-02T00:24:55.729Z - [REQUEST]: .nx/workspace-data/eslint-2654242865465226088.hash,.nx/workspace-data/jest-7930610538513362720.hash,.nx/workspace-data/vite-9347777721732807074.hash
[NX v21.2.1 Daemon Server] - 2026-09-02T00:24:55.729Z - [REQUEST]: 
[NX v21.2.1 Daemon Server] - 2026-09-02T00:24:55.739Z - [REQUEST]: Responding to the client. handleHashMultiGlob
[NX v21.2.1 Daemon Server] - 2026-09-02T00:24:55.739Z - Done responding to the client handleHashMultiGlob
[NX v21.2.1 Daemon Server] - 2026-09-02T00:24:55.739Z - Handled HASH_GLOB. Handling time: 0. Response time: 0.
[NX v21.2.1 Daemon Server] - 2026-09-02T00:24:55.740Z - [REQUEST]: Responding to the client. handleGlob
[NX v21.2.1 Daemon Server] - 2026-09-02T00:24:55.740Z - Done responding to the client handleGlob
[NX v21.2.1 Daemon Server] - 2026-09-02T00:24:55.740Z - Handled GLOB. Handling time: 1. Response time: 0.
[NX v21.2.1 Daemon Server] - 2026-09-02T00:24:55.740Z - Time taken for 'hash changed files from watcher' 0.3083750000000691ms
[NX v21.2.1 Daemon Server] - 2026-09-02T00:24:55.743Z - [REQUEST]: Responding to the client. handleHashMultiGlob
[NX v21.2.1 Daemon Server] - 2026-09-02T00:24:55.743Z - Done responding to the client handleHashMultiGlob
[NX v21.2.1 Daemon Server] - 2026-09-02T00:24:55.743Z - Handled HASH_GLOB. Handling time: 3. Response time: 0.
[NX v21.2.1 Daemon Server] - 2026-09-02T00:24:55.745Z - [REQUEST]: Responding to the client. handleHashMultiGlob
[NX v21.2.1 Daemon Server] - 2026-09-02T00:24:55.745Z - Done responding to the client handleHashMultiGlob
[NX v21.2.1 Daemon Server] - 2026-09-02T00:24:55.745Z - Handled HASH_GLOB. Handling time: 1. Response time: 0.
[NX v21.2.1 Daemon Server] - 2026-09-02T00:24:55.749Z - [REQUEST]: Responding to the client. handleHashMultiGlob
[NX v21.2.1 Daemon Server] - 2026-09-02T00:24:55.749Z - Done responding to the client handleHashMultiGlob
[NX v21.2.1 Daemon Server] - 2026-09-02T00:24:55.749Z - Handled HASH_GLOB. Handling time: 4. Response time: 0.
[NX v21.2.1 Daemon Server] - 2026-09-02T00:24:55.754Z - Done responding to the client project-graph
[NX v21.2.1 Daemon Server] - 2026-09-02T00:24:55.754Z - Handled REQUEST_PROJECT_GRAPH. Handling time: 1689. Response time: 26.
[NX v21.2.1 Daemon Server] - 2026-09-02T00:24:55.760Z - [REQUEST]: Responding to the client. handleContextFileData
[NX v21.2.1 Daemon Server] - 2026-09-02T00:24:55.761Z - Done responding to the client handleContextFileData
[NX v21.2.1 Daemon Server] - 2026-09-02T00:24:55.761Z - Handled GET_CONTEXT_FILE_DATA. Handling time: 0. Response time: 1.
[NX v21.2.1 Daemon Server] - 2026-09-02T00:24:55.794Z - [SYNC]: collect registered sync generators
[NX v21.2.1 Daemon Server] - 2026-09-02T00:24:55.794Z - [SYNC]: project graph hash is the same, not collecting task sync generators
[NX v21.2.1 Daemon Server] - 2026-09-02T00:24:55.794Z - [SYNC]: nx.json hash is the same, not collecting global sync generators
[NX v21.2.1 Daemon Server] - 2026-09-02T00:24:55.794Z - [SYNC]: scheduling: ["@nx/js:typescript-sync"]
[NX v21.2.1 Daemon Server] - 2026-09-02T00:24:55.795Z - Time taken for 'total execution time for createProjectGraph()' 146.50762499999996ms
[NX v21.2.1 Daemon Server] - 2026-09-02T00:24:55.795Z - [WATCHER]: 8 file(s) created or restored, 1 file(s) modified, 5 file(s) deleted
[NX v21.2.1 Daemon Server] - 2026-09-02T00:24:55.809Z - [SYNC]: collect registered sync generators
[NX v21.2.1 Daemon Server] - 2026-09-02T00:24:55.809Z - [SYNC]: project graph hash is the same, not collecting task sync generators
[NX v21.2.1 Daemon Server] - 2026-09-02T00:24:55.810Z - [SYNC]: nx.json hash is the same, not collecting global sync generators
[NX v21.2.1 Daemon Server] - 2026-09-02T00:24:55.810Z - [SYNC]: scheduling: ["@nx/js:typescript-sync"]
[NX v21.2.1 Daemon Server] - 2026-09-02T00:24:55.810Z - Time taken for 'total execution time for createProjectGraph()' 159.76679200000012ms
[NX v21.2.1 Daemon Server] - 2026-09-02T00:24:55.828Z - [SYNC]: running scheduled generator @nx/js:typescript-sync
[NX v21.2.1 Daemon Server] - 2026-09-02T00:24:55.975Z - [WATCHER]: 3 file(s) created or restored, 0 file(s) modified, 6 file(s) deleted
[NX v21.2.1 Daemon Server] - 2026-09-02T00:24:55.975Z - Established a connection. Number of open connections: 6
[NX v21.2.1 Daemon Server] - 2026-09-02T00:24:55.977Z - [REQUEST]: Updated workspace context based on watched changes, recomputing project graph...
[NX v21.2.1 Daemon Server] - 2026-09-02T00:24:55.977Z - [REQUEST]: .nx/workspace-data/eslint-2654242865465226088.hash,.nx/workspace-data/jest-7930610538513362720.hash,.nx/workspace-data/vite-9347777721732807074.hash,.nx/workspace-data/tsconfig-files.hash,.nx/workspace-data/source-maps.json,.nx/workspace-data/file-map.json,.nx/workspace-data/project-graph.json,.nx/workspace-data/tsc-2568428459166798129.hash,.nx/workspace-data/react-router-8507840353650169656.hash
[NX v21.2.1 Daemon Server] - 2026-09-02T00:24:55.977Z - [REQUEST]: .nx/workspace-data/source-maps.json~945b4a26,.nx/workspace-data/tsc-2568428459166798129.hash.34254.14374f1e.tmp,.nx/workspace-data/file-map.json~945b4a26,.nx/workspace-data/project-graph.json~945b4a26,.nx/workspace-data/tsconfig-files.hash.34254.770dfa7c.tmp,.nx/workspace-data/project-graph.json~0c5460ab,.nx/workspace-data/source-maps.json~0c5460ab,.nx/workspace-data/source-maps.json~cd8c1d1b,.nx/workspace-data/project-graph.json~cd8c1d1b,.nx/workspace-data/file-map.json~0c5460ab,.nx/workspace-data/file-map.json~cd8c1d1b
[NX v21.2.1 Daemon Server] - 2026-09-02T00:24:55.990Z - Established a connection. Number of open connections: 7
[NX v21.2.1 Daemon Server] - 2026-09-02T00:24:55.991Z - [REQUEST]: Responding to the client. handleHashMultiGlob
[NX v21.2.1 Daemon Server] - 2026-09-02T00:24:55.991Z - Done responding to the client handleHashMultiGlob
[NX v21.2.1 Daemon Server] - 2026-09-02T00:24:55.991Z - Handled HASH_GLOB. Handling time: 0. Response time: 0.
[NX v21.2.1 Daemon Server] - 2026-09-02T00:24:55.992Z - [REQUEST]: Responding to the client. handleGlob
[NX v21.2.1 Daemon Server] - 2026-09-02T00:24:55.992Z - Done responding to the client handleGlob
[NX v21.2.1 Daemon Server] - 2026-09-02T00:24:55.992Z - Handled GLOB. Handling time: 1. Response time: 0.
[NX v21.2.1 Daemon Server] - 2026-09-02T00:24:55.992Z - Time taken for 'hash changed files from watcher' 1.0341669999997976ms
[NX v21.2.1 Daemon Server] - 2026-09-02T00:24:55.992Z - Closed a connection. Number of open connections: 6
[NX v21.2.1 Daemon Server] - 2026-09-02T00:24:55.996Z - [REQUEST]: Responding to the client. handleHashMultiGlob
[NX v21.2.1 Daemon Server] - 2026-09-02T00:24:55.996Z - Done responding to the client handleHashMultiGlob
[NX v21.2.1 Daemon Server] - 2026-09-02T00:24:55.996Z - Handled HASH_GLOB. Handling time: 4. Response time: 0.
[NX v21.2.1 Daemon Server] - 2026-09-02T00:24:55.999Z - [REQUEST]: Responding to the client. handleHashMultiGlob
[NX v21.2.1 Daemon Server] - 2026-09-02T00:24:55.999Z - Done responding to the client handleHashMultiGlob
[NX v21.2.1 Daemon Server] - 2026-09-02T00:24:55.999Z - Handled HASH_GLOB. Handling time: 3. Response time: 0.
[NX v21.2.1 Daemon Server] - 2026-09-02T00:24:55.999Z - [REQUEST]: Client Request for Project Graph Received
[NX v21.2.1 Daemon Server] - 2026-09-02T00:24:56.000Z - [REQUEST]: Updated workspace context based on watched changes, recomputing project graph...
[NX v21.2.1 Daemon Server] - 2026-09-02T00:24:56.000Z - [REQUEST]: .nx/workspace-data/eslint-2654242865465226088.hash,.nx/workspace-data/jest-7930610538513362720.hash,.nx/workspace-data/vite-9347777721732807074.hash,.nx/workspace-data/tsconfig-files.hash,.nx/workspace-data/source-maps.json,.nx/workspace-data/file-map.json,.nx/workspace-data/project-graph.json,.nx/workspace-data/tsc-2568428459166798129.hash,.nx/workspace-data/react-router-8507840353650169656.hash
[NX v21.2.1 Daemon Server] - 2026-09-02T00:24:56.000Z - [REQUEST]: .nx/workspace-data/source-maps.json~945b4a26,.nx/workspace-data/tsc-2568428459166798129.hash.34254.14374f1e.tmp,.nx/workspace-data/file-map.json~945b4a26,.nx/workspace-data/project-graph.json~945b4a26,.nx/workspace-data/tsconfig-files.hash.34254.770dfa7c.tmp,.nx/workspace-data/project-graph.json~0c5460ab,.nx/workspace-data/source-maps.json~0c5460ab,.nx/workspace-data/source-maps.json~cd8c1d1b,.nx/workspace-data/project-graph.json~cd8c1d1b,.nx/workspace-data/file-map.json~0c5460ab,.nx/workspace-data/file-map.json~cd8c1d1b
[NX v21.2.1 Daemon Server] - 2026-09-02T00:24:56.009Z - Time taken for 'hash changed files from watcher' 0.8177080000000387ms
[NX v21.2.1 Daemon Server] - 2026-09-02T00:24:56.014Z - [REQUEST]: Responding to the client. handleHashMultiGlob
[NX v21.2.1 Daemon Server] - 2026-09-02T00:24:56.014Z - Done responding to the client handleHashMultiGlob
[NX v21.2.1 Daemon Server] - 2026-09-02T00:24:56.014Z - Handled HASH_GLOB. Handling time: 5. Response time: 0.
[NX v21.2.1 Daemon Server] - 2026-09-02T00:24:56.015Z - [REQUEST]: Responding to the client. handleHashMultiGlob
[NX v21.2.1 Daemon Server] - 2026-09-02T00:24:56.015Z - Done responding to the client handleHashMultiGlob
[NX v21.2.1 Daemon Server] - 2026-09-02T00:24:56.015Z - Handled HASH_GLOB. Handling time: 0. Response time: 0.
[NX v21.2.1 Daemon Server] - 2026-09-02T00:24:56.016Z - [REQUEST]: Responding to the client. handleGlob
[NX v21.2.1 Daemon Server] - 2026-09-02T00:24:56.016Z - Done responding to the client handleGlob
[NX v21.2.1 Daemon Server] - 2026-09-02T00:24:56.016Z - Handled GLOB. Handling time: 1. Response time: 0.
[NX v21.2.1 Daemon Server] - 2026-09-02T00:24:56.019Z - [REQUEST]: Responding to the client. handleHashMultiGlob
[NX v21.2.1 Daemon Server] - 2026-09-02T00:24:56.020Z - Done responding to the client handleHashMultiGlob
[NX v21.2.1 Daemon Server] - 2026-09-02T00:24:56.020Z - Handled HASH_GLOB. Handling time: 3. Response time: 1.
[NX v21.2.1 Daemon Server] - 2026-09-02T00:24:56.022Z - [REQUEST]: Responding to the client. handleHashMultiGlob
[NX v21.2.1 Daemon Server] - 2026-09-02T00:24:56.022Z - Done responding to the client handleHashMultiGlob
[NX v21.2.1 Daemon Server] - 2026-09-02T00:24:56.022Z - Handled HASH_GLOB. Handling time: 2. Response time: 0.
[NX v21.2.1 Daemon Server] - 2026-09-02T00:24:56.022Z - Established a connection. Number of open connections: 7
[NX v21.2.1 Daemon Server] - 2026-09-02T00:24:56.023Z - [REQUEST]: Client Request for Project Graph Received
[NX v21.2.1 Daemon Server] - 2026-09-02T00:24:56.024Z - [REQUEST]: Updated workspace context based on watched changes, recomputing project graph...
[NX v21.2.1 Daemon Server] - 2026-09-02T00:24:56.024Z - [REQUEST]: .nx/workspace-data/eslint-2654242865465226088.hash,.nx/workspace-data/jest-7930610538513362720.hash,.nx/workspace-data/vite-9347777721732807074.hash,.nx/workspace-data/tsconfig-files.hash,.nx/workspace-data/source-maps.json,.nx/workspace-data/file-map.json,.nx/workspace-data/project-graph.json,.nx/workspace-data/tsc-2568428459166798129.hash,.nx/workspace-data/react-router-8507840353650169656.hash
[NX v21.2.1 Daemon Server] - 2026-09-02T00:24:56.024Z - [REQUEST]: .nx/workspace-data/source-maps.json~945b4a26,.nx/workspace-data/tsc-2568428459166798129.hash.34254.14374f1e.tmp,.nx/workspace-data/file-map.json~945b4a26,.nx/workspace-data/project-graph.json~945b4a26,.nx/workspace-data/tsconfig-files.hash.34254.770dfa7c.tmp,.nx/workspace-data/project-graph.json~0c5460ab,.nx/workspace-data/source-maps.json~0c5460ab,.nx/workspace-data/source-maps.json~cd8c1d1b,.nx/workspace-data/project-graph.json~cd8c1d1b,.nx/workspace-data/file-map.json~0c5460ab,.nx/workspace-data/file-map.json~cd8c1d1b
[NX v21.2.1 Daemon Server] - 2026-09-02T00:24:56.032Z - Time taken for 'hash changed files from watcher' 0.8752080000003843ms
[NX v21.2.1 Daemon Server] - 2026-09-02T00:24:56.033Z - [REQUEST]: Responding to the client. handleHashMultiGlob
[NX v21.2.1 Daemon Server] - 2026-09-02T00:24:56.033Z - Done responding to the client handleHashMultiGlob
[NX v21.2.1 Daemon Server] - 2026-09-02T00:24:56.033Z - Handled HASH_GLOB. Handling time: 0. Response time: 0.
[NX v21.2.1 Daemon Server] - 2026-09-02T00:24:56.038Z - [REQUEST]: Responding to the client. handleHashMultiGlob
[NX v21.2.1 Daemon Server] - 2026-09-02T00:24:56.038Z - Done responding to the client handleHashMultiGlob
[NX v21.2.1 Daemon Server] - 2026-09-02T00:24:56.038Z - Handled HASH_GLOB. Handling time: 5. Response time: 0.
[NX v21.2.1 Daemon Server] - 2026-09-02T00:24:56.038Z - Closed a connection. Number of open connections: 6
[NX v21.2.1 Daemon Server] - 2026-09-02T00:24:56.043Z - [REQUEST]: Responding to the client. handleHashMultiGlob
[NX v21.2.1 Daemon Server] - 2026-09-02T00:24:56.043Z - Done responding to the client handleHashMultiGlob
[NX v21.2.1 Daemon Server] - 2026-09-02T00:24:56.043Z - Handled HASH_GLOB. Handling time: 3. Response time: 0.
[NX v21.2.1 Daemon Server] - 2026-09-02T00:24:56.045Z - [REQUEST]: Responding to the client. handleHashMultiGlob
[NX v21.2.1 Daemon Server] - 2026-09-02T00:24:56.045Z - Done responding to the client handleHashMultiGlob
[NX v21.2.1 Daemon Server] - 2026-09-02T00:24:56.045Z - Handled HASH_GLOB. Handling time: 2. Response time: 0.
[NX v21.2.1 Daemon Server] - 2026-09-02T00:24:56.046Z - [REQUEST]: Responding to the client. handleGlob
[NX v21.2.1 Daemon Server] - 2026-09-02T00:24:56.046Z - Done responding to the client handleGlob
[NX v21.2.1 Daemon Server] - 2026-09-02T00:24:56.046Z - Handled GLOB. Handling time: 1. Response time: 0.
[NX v21.2.1 Daemon Server] - 2026-09-02T00:24:56.057Z - [SYNC]: collect registered sync generators
[NX v21.2.1 Daemon Server] - 2026-09-02T00:24:56.057Z - [SYNC]: project graph hash is the same, not collecting task sync generators
[NX v21.2.1 Daemon Server] - 2026-09-02T00:24:56.057Z - [SYNC]: nx.json hash is the same, not collecting global sync generators
[NX v21.2.1 Daemon Server] - 2026-09-02T00:24:56.057Z - [SYNC]: scheduling: ["@nx/js:typescript-sync"]
[NX v21.2.1 Daemon Server] - 2026-09-02T00:24:56.057Z - Time taken for 'total execution time for createProjectGraph()' 410.80566699999986ms
[NX v21.2.1 Daemon Server] - 2026-09-02T00:24:56.061Z - [REQUEST]: Responding to the client. handleHashMultiGlob
[NX v21.2.1 Daemon Server] - 2026-09-02T00:24:56.061Z - Done responding to the client handleHashMultiGlob
[NX v21.2.1 Daemon Server] - 2026-09-02T00:24:56.061Z - Handled HASH_GLOB. Handling time: 4. Response time: 0.
[NX v21.2.1 Daemon Server] - 2026-09-02T00:24:56.062Z - [WATCHER]: 2 file(s) created or restored, 4 file(s) modified, 6 file(s) deleted
[NX v21.2.1 Daemon Server] - 2026-09-02T00:24:56.129Z - [SYNC]: collect registered sync generators
[NX v21.2.1 Daemon Server] - 2026-09-02T00:24:56.129Z - [SYNC]: project graph hash is the same, not collecting task sync generators
[NX v21.2.1 Daemon Server] - 2026-09-02T00:24:56.129Z - [SYNC]: nx.json hash is the same, not collecting global sync generators
[NX v21.2.1 Daemon Server] - 2026-09-02T00:24:56.129Z - [SYNC]: scheduling: ["@nx/js:typescript-sync"]
[NX v21.2.1 Daemon Server] - 2026-09-02T00:24:56.129Z - [SYNC]: collect registered sync generators
[NX v21.2.1 Daemon Server] - 2026-09-02T00:24:56.130Z - [SYNC]: project graph hash is the same, not collecting task sync generators
[NX v21.2.1 Daemon Server] - 2026-09-02T00:24:56.130Z - [SYNC]: nx.json hash is the same, not collecting global sync generators
[NX v21.2.1 Daemon Server] - 2026-09-02T00:24:56.130Z - [SYNC]: scheduling: ["@nx/js:typescript-sync"]
[NX v21.2.1 Daemon Server] - 2026-09-02T00:24:56.130Z - [SYNC]: collect registered sync generators
[NX v21.2.1 Daemon Server] - 2026-09-02T00:24:56.130Z - [SYNC]: project graph hash is the same, not collecting task sync generators
[NX v21.2.1 Daemon Server] - 2026-09-02T00:24:56.130Z - [SYNC]: nx.json hash is the same, not collecting global sync generators
[NX v21.2.1 Daemon Server] - 2026-09-02T00:24:56.130Z - [SYNC]: scheduling: ["@nx/js:typescript-sync"]
[NX v21.2.1 Daemon Server] - 2026-09-02T00:24:56.130Z - [SYNC]: collect registered sync generators
[NX v21.2.1 Daemon Server] - 2026-09-02T00:24:56.130Z - [SYNC]: project graph hash is the same, not collecting task sync generators
[NX v21.2.1 Daemon Server] - 2026-09-02T00:24:56.130Z - [SYNC]: nx.json hash is the same, not collecting global sync generators
[NX v21.2.1 Daemon Server] - 2026-09-02T00:24:56.130Z - [SYNC]: scheduling: ["@nx/js:typescript-sync"]
[NX v21.2.1 Daemon Server] - 2026-09-02T00:24:56.131Z - Time taken for 'createDependencies' 436.923458ms
[NX v21.2.1 Daemon Server] - 2026-09-02T00:24:56.131Z - [WATCHER]: 3 file(s) created or restored, 1 file(s) modified, 3 file(s) deleted
[NX v21.2.1 Daemon Server] - 2026-09-02T00:24:56.133Z - Time taken for '@nx/vite/plugin:createDependencies' 19.932000000000244ms
[NX v21.2.1 Daemon Server] - 2026-09-02T00:24:56.136Z - Time taken for '@nx/js/typescript:createDependencies' 23.79745899999989ms
[NX v21.2.1 Daemon Server] - 2026-09-02T00:24:56.149Z - [SYNC]: collect registered sync generators
[NX v21.2.1 Daemon Server] - 2026-09-02T00:24:56.149Z - [SYNC]: project graph hash is the same, not collecting task sync generators
[NX v21.2.1 Daemon Server] - 2026-09-02T00:24:56.150Z - [SYNC]: nx.json hash is the same, not collecting global sync generators
[NX v21.2.1 Daemon Server] - 2026-09-02T00:24:56.150Z - [SYNC]: scheduling: ["@nx/js:typescript-sync"]
[NX v21.2.1 Daemon Server] - 2026-09-02T00:24:56.150Z - Time taken for 'total execution time for createProjectGraph()' 51.582042ms
[NX v21.2.1 Daemon Server] - 2026-09-02T00:24:56.150Z - Time taken for '@nx/js/typescript:createDependencies' 37.41429199999993ms
[NX v21.2.1 Daemon Server] - 2026-09-02T00:24:56.162Z - [REQUEST]: Updated workspace context based on watched changes, recomputing project graph...
[NX v21.2.1 Daemon Server] - 2026-09-02T00:24:56.162Z - [REQUEST]: .nx/workspace-data/file-map.json,.nx/workspace-data/source-maps.json,.nx/workspace-data/project-graph.json,.nx/workspace-data/eslint-2654242865465226088.hash
[NX v21.2.1 Daemon Server] - 2026-09-02T00:24:56.162Z - [REQUEST]: .nx/workspace-data/source-maps.json~f2a0d035,.nx/workspace-data/project-graph.json~f2a0d035,.nx/workspace-data/file-map.json~f2a0d035
[NX v21.2.1 Daemon Server] - 2026-09-02T00:24:56.170Z - [REQUEST]: Responding to the client. handleHashMultiGlob
[NX v21.2.1 Daemon Server] - 2026-09-02T00:24:56.170Z - Done responding to the client handleHashMultiGlob
[NX v21.2.1 Daemon Server] - 2026-09-02T00:24:56.170Z - Handled HASH_GLOB. Handling time: 0. Response time: 0.
[NX v21.2.1 Daemon Server] - 2026-09-02T00:24:56.171Z - [REQUEST]: Responding to the client. handleGlob
[NX v21.2.1 Daemon Server] - 2026-09-02T00:24:56.171Z - Done responding to the client handleGlob
[NX v21.2.1 Daemon Server] - 2026-09-02T00:24:56.171Z - Handled GLOB. Handling time: 1. Response time: 0.
[NX v21.2.1 Daemon Server] - 2026-09-02T00:24:56.171Z - Time taken for 'hash changed files from watcher' 0.5845000000003893ms
[NX v21.2.1 Daemon Server] - 2026-09-02T00:24:56.175Z - [REQUEST]: Responding to the client. handleHashMultiGlob
[NX v21.2.1 Daemon Server] - 2026-09-02T00:24:56.175Z - Done responding to the client handleHashMultiGlob
[NX v21.2.1 Daemon Server] - 2026-09-02T00:24:56.175Z - Handled HASH_GLOB. Handling time: 4. Response time: 0.
[NX v21.2.1 Daemon Server] - 2026-09-02T00:24:56.177Z - [REQUEST]: Responding to the client. handleHashMultiGlob
[NX v21.2.1 Daemon Server] - 2026-09-02T00:24:56.177Z - Done responding to the client handleHashMultiGlob
[NX v21.2.1 Daemon Server] - 2026-09-02T00:24:56.177Z - Handled HASH_GLOB. Handling time: 2. Response time: 0.
[NX v21.2.1 Daemon Server] - 2026-09-02T00:24:56.181Z - [REQUEST]: Responding to the client. handleHashMultiGlob
[NX v21.2.1 Daemon Server] - 2026-09-02T00:24:56.181Z - Done responding to the client handleHashMultiGlob
[NX v21.2.1 Daemon Server] - 2026-09-02T00:24:56.181Z - Handled HASH_GLOB. Handling time: 4. Response time: 0.
[NX v21.2.1 Daemon Server] - 2026-09-02T00:24:56.181Z - [WATCHER]: 3 file(s) created or restored, 0 file(s) modified, 15 file(s) deleted
[NX v21.2.1 Daemon Server] - 2026-09-02T00:24:56.193Z - [SYNC]: collect registered sync generators
[NX v21.2.1 Daemon Server] - 2026-09-02T00:24:56.193Z - [SYNC]: project graph hash is the same, not collecting task sync generators
[NX v21.2.1 Daemon Server] - 2026-09-02T00:24:56.193Z - [SYNC]: nx.json hash is the same, not collecting global sync generators
[NX v21.2.1 Daemon Server] - 2026-09-02T00:24:56.193Z - [SYNC]: scheduling: ["@nx/js:typescript-sync"]
[NX v21.2.1 Daemon Server] - 2026-09-02T00:24:56.193Z - Time taken for 'total execution time for createProjectGraph()' 95.13699999999972ms
[NX v21.2.1 Daemon Server] - 2026-09-02T00:24:56.217Z - [SYNC]: collect registered sync generators
[NX v21.2.1 Daemon Server] - 2026-09-02T00:24:56.217Z - [SYNC]: project graph hash is the same, not collecting task sync generators
[NX v21.2.1 Daemon Server] - 2026-09-02T00:24:56.217Z - [SYNC]: nx.json hash is the same, not collecting global sync generators
[NX v21.2.1 Daemon Server] - 2026-09-02T00:24:56.217Z - [SYNC]: scheduling: ["@nx/js:typescript-sync"]
[NX v21.2.1 Daemon Server] - 2026-09-02T00:24:56.218Z - [REQUEST]: Responding to the client. project-graph
[NX v21.2.1 Daemon Server] - 2026-09-02T00:24:56.218Z - [REQUEST]: Responding to the client. project-graph
[NX v21.2.1 Daemon Server] - 2026-09-02T00:24:56.219Z - Time taken for 'total for creating and serializing project graph' 194.8098329999998ms
[NX v21.2.1 Daemon Server] - 2026-09-02T00:24:56.225Z - Time taken for 'build-project-configs' 56.337125000000015ms
[NX v21.2.1 Daemon Server] - 2026-09-02T00:24:56.226Z - Done responding to the client project-graph
[NX v21.2.1 Daemon Server] - 2026-09-02T00:24:56.226Z - Handled REQUEST_PROJECT_GRAPH. Handling time: 195. Response time: 8.
[NX v21.2.1 Daemon Server] - 2026-09-02T00:24:56.227Z - Done responding to the client project-graph
[NX v21.2.1 Daemon Server] - 2026-09-02T00:24:56.227Z - Handled REQUEST_PROJECT_GRAPH. Handling time: 219. Response time: 9.
[NX v21.2.1 Daemon Server] - 2026-09-02T00:24:56.234Z - [SYNC]: @nx/js:typescript-sync changes: 
[NX v21.2.1 Daemon Server] - 2026-09-02T00:24:56.234Z - Time taken for 'run-sync-generator:@nx/js:typescript-sync' 405.69949999999994ms
[NX v21.2.1 Daemon Server] - 2026-09-02T00:24:56.235Z - [REQUEST]: Client Request for Project Graph Received
[NX v21.2.1 Daemon Server] - 2026-09-02T00:24:56.235Z - [WATCHER]: 5 file(s) created or restored, 4 file(s) modified, 14 file(s) deleted
[NX v21.2.1 Daemon Server] - 2026-09-02T00:24:56.235Z - Time taken for '@nx/js/typescript:createDependencies' 12.5143750000002ms
[NX v21.2.1 Daemon Server] - 2026-09-02T00:24:56.243Z - [SYNC]: collect registered sync generators
[NX v21.2.1 Daemon Server] - 2026-09-02T00:24:56.244Z - [SYNC]: project graph hash is the same, not collecting task sync generators
[NX v21.2.1 Daemon Server] - 2026-09-02T00:24:56.244Z - [SYNC]: nx.json hash is the same, not collecting global sync generators
[NX v21.2.1 Daemon Server] - 2026-09-02T00:24:56.244Z - [SYNC]: scheduling: ["@nx/js:typescript-sync"]
[NX v21.2.1 Daemon Server] - 2026-09-02T00:24:56.244Z - [SYNC]: collect registered sync generators
[NX v21.2.1 Daemon Server] - 2026-09-02T00:24:56.244Z - [SYNC]: project graph hash is the same, not collecting task sync generators
[NX v21.2.1 Daemon Server] - 2026-09-02T00:24:56.244Z - [SYNC]: nx.json hash is the same, not collecting global sync generators
[NX v21.2.1 Daemon Server] - 2026-09-02T00:24:56.244Z - [SYNC]: scheduling: ["@nx/js:typescript-sync"]
[NX v21.2.1 Daemon Server] - 2026-09-02T00:24:56.244Z - [REQUEST]: Responding to the client. project-graph
[NX v21.2.1 Daemon Server] - 2026-09-02T00:24:56.245Z - Time taken for 'total execution time for createProjectGraph()' 16.140499999999975ms
[NX v21.2.1 Daemon Server] - 2026-09-02T00:24:56.246Z - Done responding to the client project-graph
[NX v21.2.1 Daemon Server] - 2026-09-02T00:24:56.246Z - Handled REQUEST_PROJECT_GRAPH. Handling time: 9. Response time: 2.
[NX v21.2.1 Daemon Server] - 2026-09-02T00:24:56.249Z - Established a connection. Number of open connections: 7
[NX v21.2.1 Daemon Server] - 2026-09-02T00:24:56.257Z - [SYNC]: running scheduled generator @nx/js:typescript-sync
[NX v21.2.1 Daemon Server] - 2026-09-02T00:24:56.259Z - [REQUEST]: Client Request for Project Graph Received
[NX v21.2.1 Daemon Server] - 2026-09-02T00:24:56.260Z - [REQUEST]: Updated workspace context based on watched changes, recomputing project graph...
[NX v21.2.1 Daemon Server] - 2026-09-02T00:24:56.260Z - [REQUEST]: .nx/workspace-data/tsc-2568428459166798129.hash,.nx/workspace-data/tsconfig-files.hash,.nx/workspace-data/project-graph.json,.nx/workspace-data/source-maps.json,.nx/workspace-data/file-map.json,.nx/workspace-data/eslint-2654242865465226088.hash,.nx/workspace-data/jest-7930610538513362720.hash,.nx/workspace-data/vite-9347777721732807074.hash,.nx/workspace-data/react-router-8507840353650169656.hash
[NX v21.2.1 Daemon Server] - 2026-09-02T00:24:56.260Z - [REQUEST]: .nx/workspace-data/tsc-2568428459166798129.hash.34254.2f9b3d47.tmp,.nx/workspace-data/file-map.json~508790e1,.nx/workspace-data/project-graph.json~a515a28e,.nx/workspace-data/source-maps.json~a515a28e,.nx/workspace-data/source-maps.json~c3a70c6c,.nx/workspace-data/tsconfig-files.hash.34254.96b604c8.tmp,.nx/workspace-data/file-map.json~a515a28e,.nx/workspace-data/source-maps.json~a1ac298e,.nx/workspace-data/file-map.json~c3a70c6c,.nx/workspace-data/project-graph.json~a1ac298e,.nx/workspace-data/source-maps.json~508790e1,.nx/workspace-data/file-map.json~a1ac298e,.nx/workspace-data/project-graph.json~508790e1,.nx/workspace-data/project-graph.json~c3a70c6c
[NX v21.2.1 Daemon Server] - 2026-09-02T00:24:56.267Z - Time taken for 'hash changed files from watcher' 0.9028339999999844ms
[NX v21.2.1 Daemon Server] - 2026-09-02T00:24:56.267Z - [REQUEST]: Responding to the client. handleHashMultiGlob
[NX v21.2.1 Daemon Server] - 2026-09-02T00:24:56.267Z - Done responding to the client handleHashMultiGlob
[NX v21.2.1 Daemon Server] - 2026-09-02T00:24:56.267Z - Handled HASH_GLOB. Handling time: 0. Response time: 0.
[NX v21.2.1 Daemon Server] - 2026-09-02T00:24:56.268Z - [REQUEST]: Responding to the client. handleGlob
[NX v21.2.1 Daemon Server] - 2026-09-02T00:24:56.268Z - Done responding to the client handleGlob
[NX v21.2.1 Daemon Server] - 2026-09-02T00:24:56.268Z - Handled GLOB. Handling time: 1. Response time: 0.
[NX v21.2.1 Daemon Server] - 2026-09-02T00:24:56.275Z - [REQUEST]: Responding to the client. handleHashMultiGlob
[NX v21.2.1 Daemon Server] - 2026-09-02T00:24:56.275Z - Done responding to the client handleHashMultiGlob
[NX v21.2.1 Daemon Server] - 2026-09-02T00:24:56.275Z - Handled HASH_GLOB. Handling time: 4. Response time: 0.
[NX v21.2.1 Daemon Server] - 2026-09-02T00:24:56.279Z - [REQUEST]: Responding to the client. handleHashMultiGlob
[NX v21.2.1 Daemon Server] - 2026-09-02T00:24:56.279Z - Done responding to the client handleHashMultiGlob
[NX v21.2.1 Daemon Server] - 2026-09-02T00:24:56.279Z - Handled HASH_GLOB. Handling time: 3. Response time: 0.
[NX v21.2.1 Daemon Server] - 2026-09-02T00:24:56.280Z - [REQUEST]: Responding to the client. handleHashMultiGlob
[NX v21.2.1 Daemon Server] - 2026-09-02T00:24:56.280Z - Done responding to the client handleHashMultiGlob
[NX v21.2.1 Daemon Server] - 2026-09-02T00:24:56.280Z - Handled HASH_GLOB. Handling time: 1. Response time: 0.
[NX v21.2.1 Daemon Server] - 2026-09-02T00:24:56.296Z - Time taken for 'build-project-configs' 29.955582999999933ms
[NX v21.2.1 Daemon Server] - 2026-09-02T00:24:56.298Z - Time taken for '@nx/js/typescript:createDependencies' 5.444458999999824ms
[NX v21.2.1 Daemon Server] - 2026-09-02T00:24:56.299Z - Time taken for '@nx/vite/plugin:createDependencies' 4.451708999999937ms
[NX v21.2.1 Daemon Server] - 2026-09-02T00:24:56.310Z - [SYNC]: collect registered sync generators
[NX v21.2.1 Daemon Server] - 2026-09-02T00:24:56.310Z - [SYNC]: project graph hash is the same, not collecting task sync generators
[NX v21.2.1 Daemon Server] - 2026-09-02T00:24:56.310Z - [SYNC]: nx.json hash is the same, not collecting global sync generators
[NX v21.2.1 Daemon Server] - 2026-09-02T00:24:56.310Z - [SYNC]: scheduling: ["@nx/js:typescript-sync"]
[NX v21.2.1 Daemon Server] - 2026-09-02T00:24:56.310Z - [REQUEST]: Responding to the client. project-graph
[NX v21.2.1 Daemon Server] - 2026-09-02T00:24:56.311Z - Time taken for 'total for creating and serializing project graph' 51.83070799999996ms
[NX v21.2.1 Daemon Server] - 2026-09-02T00:24:56.311Z - [WATCHER]: 5 file(s) created or restored, 4 file(s) modified, 6 file(s) deleted
[NX v21.2.1 Daemon Server] - 2026-09-02T00:24:56.312Z - [REQUEST]: Responding to the client. File watch changed
[NX v21.2.1 Daemon Server] - 2026-09-02T00:24:56.312Z - Done responding to the client File watch changed
[NX v21.2.1 Daemon Server] - 2026-09-02T00:24:56.312Z - Handled FILE-WATCH-CHANGED. Handling time: 0. Response time: 0.
[NX v21.2.1 Daemon Server] - 2026-09-02T00:24:56.312Z - Time taken for 'changed-projects' 0.1720420000001468ms
[NX v21.2.1 Daemon Server] - 2026-09-02T00:24:56.313Z - Done responding to the client project-graph
[NX v21.2.1 Daemon Server] - 2026-09-02T00:24:56.313Z - Handled REQUEST_PROJECT_GRAPH. Handling time: 51. Response time: 3.
[NX v21.2.1 Daemon Server] - 2026-09-02T00:24:56.319Z - [SYNC]: @nx/js:typescript-sync changes: 
[NX v21.2.1 Daemon Server] - 2026-09-02T00:24:56.319Z - Time taken for 'run-sync-generator:@nx/js:typescript-sync' 61.199208ms
[NX v21.2.1 Daemon Server] - 2026-09-02T00:24:56.372Z - [WATCHER]: 3 file(s) created or restored, 0 file(s) modified, 3 file(s) deleted
[NX v21.2.1 Daemon Server] - 2026-09-02T00:24:56.372Z - [REQUEST]: Responding to the client. File watch changed
[NX v21.2.1 Daemon Server] - 2026-09-02T00:24:56.372Z - Done responding to the client File watch changed
[NX v21.2.1 Daemon Server] - 2026-09-02T00:24:56.372Z - Handled FILE-WATCH-CHANGED. Handling time: 0. Response time: 0.
[NX v21.2.1 Daemon Server] - 2026-09-02T00:24:56.372Z - Time taken for 'changed-projects' 0.04562500000020009ms
[NX v21.2.1 Daemon Server] - 2026-09-02T00:24:56.413Z - [REQUEST]: Updated workspace context based on watched changes, recomputing project graph...
[NX v21.2.1 Daemon Server] - 2026-09-02T00:24:56.413Z - [REQUEST]: .nx/workspace-data/tsconfig-files.hash,.nx/workspace-data/file-map.json,.nx/workspace-data/tsc-2568428459166798129.hash,.nx/workspace-data/project-graph.json,.nx/workspace-data/source-maps.json,.nx/workspace-data/jest-7930610538513362720.hash,.nx/workspace-data/react-router-8507840353650169656.hash,.nx/workspace-data/vite-9347777721732807074.hash,.nx/workspace-data/eslint-2654242865465226088.hash
[NX v21.2.1 Daemon Server] - 2026-09-02T00:24:56.413Z - [REQUEST]: .nx/workspace-data/project-graph.json~18ca92f5,.nx/workspace-data/source-maps.json~18ca92f5,.nx/workspace-data/tsconfig-files.hash.34254.1fed2b06.tmp,.nx/workspace-data/file-map.json~18ca92f5,.nx/workspace-data/tsc-2568428459166798129.hash.34254.0a711966.tmp,.git/index.lock,.nx/workspace-data/source-maps.json~b169f410,.nx/workspace-data/file-map.json~b169f410,.nx/workspace-data/project-graph.json~b169f410
[NX v21.2.1 Daemon Server] - 2026-09-02T00:24:56.419Z - [REQUEST]: Responding to the client. handleHashMultiGlob
[NX v21.2.1 Daemon Server] - 2026-09-02T00:24:56.419Z - Done responding to the client handleHashMultiGlob
[NX v21.2.1 Daemon Server] - 2026-09-02T00:24:56.419Z - Handled HASH_GLOB. Handling time: 0. Response time: 0.
[NX v21.2.1 Daemon Server] - 2026-09-02T00:24:56.420Z - [REQUEST]: Responding to the client. handleGlob
[NX v21.2.1 Daemon Server] - 2026-09-02T00:24:56.420Z - Done responding to the client handleGlob
[NX v21.2.1 Daemon Server] - 2026-09-02T00:24:56.420Z - Handled GLOB. Handling time: 0. Response time: 0.
[NX v21.2.1 Daemon Server] - 2026-09-02T00:24:56.420Z - Time taken for 'hash changed files from watcher' 0.7072080000002643ms
[NX v21.2.1 Daemon Server] - 2026-09-02T00:24:56.423Z - [REQUEST]: Responding to the client. handleHashMultiGlob
[NX v21.2.1 Daemon Server] - 2026-09-02T00:24:56.424Z - Done responding to the client handleHashMultiGlob
[NX v21.2.1 Daemon Server] - 2026-09-02T00:24:56.424Z - Handled HASH_GLOB. Handling time: 3. Response time: 1.
[NX v21.2.1 Daemon Server] - 2026-09-02T00:24:56.425Z - [REQUEST]: Responding to the client. handleHashMultiGlob
[NX v21.2.1 Daemon Server] - 2026-09-02T00:24:56.425Z - Done responding to the client handleHashMultiGlob
[NX v21.2.1 Daemon Server] - 2026-09-02T00:24:56.425Z - Handled HASH_GLOB. Handling time: 1. Response time: 0.
[NX v21.2.1 Daemon Server] - 2026-09-02T00:24:56.429Z - [REQUEST]: Responding to the client. handleHashMultiGlob
[NX v21.2.1 Daemon Server] - 2026-09-02T00:24:56.429Z - Done responding to the client handleHashMultiGlob
[NX v21.2.1 Daemon Server] - 2026-09-02T00:24:56.429Z - Handled HASH_GLOB. Handling time: 3. Response time: 0.
[NX v21.2.1 Daemon Server] - 2026-09-02T00:24:56.448Z - Time taken for 'build-project-configs' 28.941207999999733ms
[NX v21.2.1 Daemon Server] - 2026-09-02T00:24:56.450Z - Time taken for '@nx/js/typescript:createDependencies' 5.2268340000000535ms
[NX v21.2.1 Daemon Server] - 2026-09-02T00:24:56.450Z - Time taken for '@nx/vite/plugin:createDependencies' 4.128500000000258ms
[NX v21.2.1 Daemon Server] - 2026-09-02T00:24:56.463Z - [SYNC]: collect registered sync generators
[NX v21.2.1 Daemon Server] - 2026-09-02T00:24:56.463Z - [SYNC]: project graph hash is the same, not collecting task sync generators
[NX v21.2.1 Daemon Server] - 2026-09-02T00:24:56.463Z - [SYNC]: nx.json hash is the same, not collecting global sync generators
[NX v21.2.1 Daemon Server] - 2026-09-02T00:24:56.463Z - [SYNC]: scheduling: ["@nx/js:typescript-sync"]
[NX v21.2.1 Daemon Server] - 2026-09-02T00:24:56.463Z - [REQUEST]: Responding to the client. File watch changed
[NX v21.2.1 Daemon Server] - 2026-09-02T00:24:56.463Z - Done responding to the client File watch changed
[NX v21.2.1 Daemon Server] - 2026-09-02T00:24:56.463Z - Handled FILE-WATCH-CHANGED. Handling time: 0. Response time: 0.
[NX v21.2.1 Daemon Server] - 2026-09-02T00:24:56.463Z - Time taken for 'total execution time for createProjectGraph()' 12.688916000000063ms
[NX v21.2.1 Daemon Server] - 2026-09-02T00:24:56.484Z - [WATCHER]: 5 file(s) created or restored, 4 file(s) modified, 5 file(s) deleted
[NX v21.2.1 Daemon Server] - 2026-09-02T00:24:56.484Z - [REQUEST]: Responding to the client. File watch changed
[NX v21.2.1 Daemon Server] - 2026-09-02T00:24:56.484Z - Done responding to the client File watch changed
[NX v21.2.1 Daemon Server] - 2026-09-02T00:24:56.484Z - Handled FILE-WATCH-CHANGED. Handling time: 0. Response time: 0.
[NX v21.2.1 Daemon Server] - 2026-09-02T00:24:56.484Z - Time taken for 'changed-projects' 0.050666999999975815ms
[NX v21.2.1 Daemon Server] - 2026-09-02T00:24:56.584Z - [REQUEST]: Updated workspace context based on watched changes, recomputing project graph...
[NX v21.2.1 Daemon Server] - 2026-09-02T00:24:56.585Z - [REQUEST]: .nx/workspace-data/tsc-2568428459166798129.hash,.nx/workspace-data/tsconfig-files.hash,.nx/workspace-data/source-maps.json,.nx/workspace-data/project-graph.json,.nx/workspace-data/file-map.json,.nx/workspace-data/eslint-2654242865465226088.hash,.nx/workspace-data/jest-7930610538513362720.hash,.nx/workspace-data/react-router-8507840353650169656.hash,.nx/workspace-data/vite-9347777721732807074.hash
[NX v21.2.1 Daemon Server] - 2026-09-02T00:24:56.585Z - [REQUEST]: .nx/workspace-data/tsconfig-files.hash.34254.23d6114b.tmp,.nx/workspace-data/source-maps.json~1d2cdf69,.nx/workspace-data/project-graph.json~1d2cdf69,.nx/workspace-data/file-map.json~1d2cdf69,.nx/workspace-data/tsc-2568428459166798129.hash.34254.99e7b318.tmp
[NX v21.2.1 Daemon Server] - 2026-09-02T00:24:56.599Z - [REQUEST]: Responding to the client. handleHashMultiGlob
[NX v21.2.1 Daemon Server] - 2026-09-02T00:24:56.599Z - Done responding to the client handleHashMultiGlob
[NX v21.2.1 Daemon Server] - 2026-09-02T00:24:56.599Z - Handled HASH_GLOB. Handling time: 0. Response time: 0.
[NX v21.2.1 Daemon Server] - 2026-09-02T00:24:56.599Z - [REQUEST]: Responding to the client. handleGlob
[NX v21.2.1 Daemon Server] - 2026-09-02T00:24:56.600Z - Done responding to the client handleGlob
[NX v21.2.1 Daemon Server] - 2026-09-02T00:24:56.600Z - Handled GLOB. Handling time: 0. Response time: 1.
[NX v21.2.1 Daemon Server] - 2026-09-02T00:24:56.600Z - Time taken for 'hash changed files from watcher' 0.7927500000000691ms
[NX v21.2.1 Daemon Server] - 2026-09-02T00:24:56.604Z - [REQUEST]: Responding to the client. handleHashMultiGlob
[NX v21.2.1 Daemon Server] - 2026-09-02T00:24:56.604Z - Done responding to the client handleHashMultiGlob
[NX v21.2.1 Daemon Server] - 2026-09-02T00:24:56.604Z - Handled HASH_GLOB. Handling time: 4. Response time: 0.
[NX v21.2.1 Daemon Server] - 2026-09-02T00:24:56.606Z - [REQUEST]: Responding to the client. handleHashMultiGlob
[NX v21.2.1 Daemon Server] - 2026-09-02T00:24:56.606Z - Done responding to the client handleHashMultiGlob
[NX v21.2.1 Daemon Server] - 2026-09-02T00:24:56.606Z - Handled HASH_GLOB. Handling time: 2. Response time: 0.
[NX v21.2.1 Daemon Server] - 2026-09-02T00:24:56.611Z - [REQUEST]: Responding to the client. handleHashMultiGlob
[NX v21.2.1 Daemon Server] - 2026-09-02T00:24:56.611Z - Done responding to the client handleHashMultiGlob
[NX v21.2.1 Daemon Server] - 2026-09-02T00:24:56.611Z - Handled HASH_GLOB. Handling time: 5. Response time: 0.
[NX v21.2.1 Daemon Server] - 2026-09-02T00:24:56.629Z - Time taken for 'build-project-configs' 37.93566699999974ms
[NX v21.2.1 Daemon Server] - 2026-09-02T00:24:56.631Z - Time taken for '@nx/js/typescript:createDependencies' 5.160833000000366ms
[NX v21.2.1 Daemon Server] - 2026-09-02T00:24:56.631Z - Time taken for '@nx/vite/plugin:createDependencies' 4.1454170000001795ms
[NX v21.2.1 Daemon Server] - 2026-09-02T00:24:56.643Z - [SYNC]: collect registered sync generators
[NX v21.2.1 Daemon Server] - 2026-09-02T00:24:56.644Z - [SYNC]: project graph hash is the same, not collecting task sync generators
[NX v21.2.1 Daemon Server] - 2026-09-02T00:24:56.644Z - [SYNC]: nx.json hash is the same, not collecting global sync generators
[NX v21.2.1 Daemon Server] - 2026-09-02T00:24:56.644Z - [SYNC]: scheduling: ["@nx/js:typescript-sync"]
[NX v21.2.1 Daemon Server] - 2026-09-02T00:24:56.644Z - [REQUEST]: Responding to the client. File watch changed
[NX v21.2.1 Daemon Server] - 2026-09-02T00:24:56.644Z - Done responding to the client File watch changed
[NX v21.2.1 Daemon Server] - 2026-09-02T00:24:56.644Z - Handled FILE-WATCH-CHANGED. Handling time: 0. Response time: 0.
[NX v21.2.1 Daemon Server] - 2026-09-02T00:24:56.644Z - Time taken for 'total execution time for createProjectGraph()' 12.099125000000186ms
[NX v21.2.1 Daemon Server] - 2026-09-02T00:24:56.661Z - [WATCHER]: 5 file(s) created or restored, 4 file(s) modified, 5 file(s) deleted
[NX v21.2.1 Daemon Server] - 2026-09-02T00:24:56.662Z - [REQUEST]: Responding to the client. File watch changed
[NX v21.2.1 Daemon Server] - 2026-09-02T00:24:56.662Z - Done responding to the client File watch changed
[NX v21.2.1 Daemon Server] - 2026-09-02T00:24:56.662Z - Handled FILE-WATCH-CHANGED. Handling time: 0. Response time: 0.
[NX v21.2.1 Daemon Server] - 2026-09-02T00:24:56.662Z - Time taken for 'changed-projects' 0.04033300000037343ms
[NX v21.2.1 Daemon Server] - 2026-09-02T00:24:56.711Z - [SYNC]: running scheduled generator @nx/js:typescript-sync
[NX v21.2.1 Daemon Server] - 2026-09-02T00:24:56.711Z - [REQUEST]: Client Request for Project Graph Received
[NX v21.2.1 Daemon Server] - 2026-09-02T00:24:56.712Z - [REQUEST]: Updated workspace context based on watched changes, recomputing project graph...
[NX v21.2.1 Daemon Server] - 2026-09-02T00:24:56.712Z - [REQUEST]: .nx/workspace-data/project-graph.json,.nx/workspace-data/source-maps.json,.nx/workspace-data/file-map.json,.nx/workspace-data/tsconfig-files.hash,.nx/workspace-data/tsc-2568428459166798129.hash,.nx/workspace-data/vite-9347777721732807074.hash,.nx/workspace-data/eslint-2654242865465226088.hash,.nx/workspace-data/react-router-8507840353650169656.hash,.nx/workspace-data/jest-7930610538513362720.hash
[NX v21.2.1 Daemon Server] - 2026-09-02T00:24:56.712Z - [REQUEST]: .nx/workspace-data/project-graph.json~3df24f23,.nx/workspace-data/source-maps.json~3df24f23,.nx/workspace-data/tsconfig-files.hash.34254.59b37dfc.tmp,.nx/workspace-data/file-map.json~3df24f23,.nx/workspace-data/tsc-2568428459166798129.hash.34254.8445ec7c.tmp
[NX v21.2.1 Daemon Server] - 2026-09-02T00:24:56.718Z - Time taken for 'hash changed files from watcher' 0.560790999999881ms
[NX v21.2.1 Daemon Server] - 2026-09-02T00:24:56.719Z - [REQUEST]: Responding to the client. handleHashMultiGlob
[NX v21.2.1 Daemon Server] - 2026-09-02T00:24:56.719Z - Done responding to the client handleHashMultiGlob
[NX v21.2.1 Daemon Server] - 2026-09-02T00:24:56.719Z - Handled HASH_GLOB. Handling time: 0. Response time: 0.
[NX v21.2.1 Daemon Server] - 2026-09-02T00:24:56.720Z - [REQUEST]: Responding to the client. handleGlob
[NX v21.2.1 Daemon Server] - 2026-09-02T00:24:56.720Z - Done responding to the client handleGlob
[NX v21.2.1 Daemon Server] - 2026-09-02T00:24:56.720Z - Handled GLOB. Handling time: 1. Response time: 0.
[NX v21.2.1 Daemon Server] - 2026-09-02T00:24:56.723Z - [REQUEST]: Responding to the client. handleHashMultiGlob
[NX v21.2.1 Daemon Server] - 2026-09-02T00:24:56.723Z - Done responding to the client handleHashMultiGlob
[NX v21.2.1 Daemon Server] - 2026-09-02T00:24:56.723Z - Handled HASH_GLOB. Handling time: 3. Response time: 0.
[NX v21.2.1 Daemon Server] - 2026-09-02T00:24:56.725Z - [REQUEST]: Responding to the client. handleHashMultiGlob
[NX v21.2.1 Daemon Server] - 2026-09-02T00:24:56.725Z - Done responding to the client handleHashMultiGlob
[NX v21.2.1 Daemon Server] - 2026-09-02T00:24:56.725Z - Handled HASH_GLOB. Handling time: 2. Response time: 0.
[NX v21.2.1 Daemon Server] - 2026-09-02T00:24:56.729Z - [REQUEST]: Responding to the client. handleHashMultiGlob
[NX v21.2.1 Daemon Server] - 2026-09-02T00:24:56.729Z - Done responding to the client handleHashMultiGlob
[NX v21.2.1 Daemon Server] - 2026-09-02T00:24:56.729Z - Handled HASH_GLOB. Handling time: 4. Response time: 0.
[NX v21.2.1 Daemon Server] - 2026-09-02T00:24:56.748Z - Time taken for 'build-project-configs' 29.441707999999835ms
[NX v21.2.1 Daemon Server] - 2026-09-02T00:24:56.750Z - Time taken for '@nx/js/typescript:createDependencies' 4.996458999999959ms
[NX v21.2.1 Daemon Server] - 2026-09-02T00:24:56.750Z - Time taken for '@nx/vite/plugin:createDependencies' 3.989375000000109ms
[NX v21.2.1 Daemon Server] - 2026-09-02T00:24:56.761Z - [SYNC]: collect registered sync generators
[NX v21.2.1 Daemon Server] - 2026-09-02T00:24:56.761Z - [SYNC]: project graph hash is the same, not collecting task sync generators
[NX v21.2.1 Daemon Server] - 2026-09-02T00:24:56.761Z - [SYNC]: nx.json hash is the same, not collecting global sync generators
[NX v21.2.1 Daemon Server] - 2026-09-02T00:24:56.762Z - [SYNC]: scheduling: ["@nx/js:typescript-sync"]
[NX v21.2.1 Daemon Server] - 2026-09-02T00:24:56.762Z - [REQUEST]: Responding to the client. project-graph
[NX v21.2.1 Daemon Server] - 2026-09-02T00:24:56.762Z - Time taken for 'total for creating and serializing project graph' 50.11500000000024ms
[NX v21.2.1 Daemon Server] - 2026-09-02T00:24:56.763Z - Done responding to the client project-graph
[NX v21.2.1 Daemon Server] - 2026-09-02T00:24:56.763Z - Handled REQUEST_PROJECT_GRAPH. Handling time: 51. Response time: 1.
[NX v21.2.1 Daemon Server] - 2026-09-02T00:24:56.769Z - [SYNC]: @nx/js:typescript-sync changes: 
[NX v21.2.1 Daemon Server] - 2026-09-02T00:24:56.769Z - Time taken for 'run-sync-generator:@nx/js:typescript-sync' 57.89991700000019ms
[NX v21.2.1 Daemon Server] - 2026-09-02T00:24:56.783Z - [WATCHER]: 5 file(s) created or restored, 4 file(s) modified, 5 file(s) deleted
[NX v21.2.1 Daemon Server] - 2026-09-02T00:24:56.783Z - [REQUEST]: Responding to the client. File watch changed
[NX v21.2.1 Daemon Server] - 2026-09-02T00:24:56.783Z - Done responding to the client File watch changed
[NX v21.2.1 Daemon Server] - 2026-09-02T00:24:56.783Z - Handled FILE-WATCH-CHANGED. Handling time: 0. Response time: 0.
[NX v21.2.1 Daemon Server] - 2026-09-02T00:24:56.783Z - Time taken for 'changed-projects' 0.03537499999993088ms
[NX v21.2.1 Daemon Server] - 2026-09-02T00:24:56.884Z - [REQUEST]: Updated workspace context based on watched changes, recomputing project graph...
[NX v21.2.1 Daemon Server] - 2026-09-02T00:24:56.884Z - [REQUEST]: .nx/workspace-data/project-graph.json,.nx/workspace-data/tsc-2568428459166798129.hash,.nx/workspace-data/source-maps.json,.nx/workspace-data/tsconfig-files.hash,.nx/workspace-data/file-map.json,.nx/workspace-data/react-router-8507840353650169656.hash,.nx/workspace-data/jest-7930610538513362720.hash,.nx/workspace-data/vite-9347777721732807074.hash,.nx/workspace-data/eslint-2654242865465226088.hash
[NX v21.2.1 Daemon Server] - 2026-09-02T00:24:56.884Z - [REQUEST]: .nx/workspace-data/tsconfig-files.hash.34254.0a7052bc.tmp,.nx/workspace-data/tsc-2568428459166798129.hash.34254.0d8fcba0.tmp,.nx/workspace-data/project-graph.json~09041c53,.nx/workspace-data/source-maps.json~09041c53,.nx/workspace-data/file-map.json~09041c53
[NX v21.2.1 Daemon Server] - 2026-09-02T00:24:56.891Z - [REQUEST]: Responding to the client. handleHashMultiGlob
[NX v21.2.1 Daemon Server] - 2026-09-02T00:24:56.891Z - Done responding to the client handleHashMultiGlob
[NX v21.2.1 Daemon Server] - 2026-09-02T00:24:56.891Z - Handled HASH_GLOB. Handling time: 0. Response time: 0.
[NX v21.2.1 Daemon Server] - 2026-09-02T00:24:56.892Z - [REQUEST]: Responding to the client. handleGlob
[NX v21.2.1 Daemon Server] - 2026-09-02T00:24:56.892Z - Done responding to the client handleGlob
[NX v21.2.1 Daemon Server] - 2026-09-02T00:24:56.892Z - Handled GLOB. Handling time: 1. Response time: 0.
[NX v21.2.1 Daemon Server] - 2026-09-02T00:24:56.892Z - Time taken for 'hash changed files from watcher' 0.6571669999998448ms
[NX v21.2.1 Daemon Server] - 2026-09-02T00:24:56.895Z - [REQUEST]: Responding to the client. handleHashMultiGlob
[NX v21.2.1 Daemon Server] - 2026-09-02T00:24:56.895Z - Done responding to the client handleHashMultiGlob
[NX v21.2.1 Daemon Server] - 2026-09-02T00:24:56.895Z - Handled HASH_GLOB. Handling time: 3. Response time: 0.
[NX v21.2.1 Daemon Server] - 2026-09-02T00:24:56.897Z - [REQUEST]: Responding to the client. handleHashMultiGlob
[NX v21.2.1 Daemon Server] - 2026-09-02T00:24:56.897Z - Done responding to the client handleHashMultiGlob
[NX v21.2.1 Daemon Server] - 2026-09-02T00:24:56.897Z - Handled HASH_GLOB. Handling time: 2. Response time: 0.
[NX v21.2.1 Daemon Server] - 2026-09-02T00:24:56.901Z - [REQUEST]: Responding to the client. handleHashMultiGlob
[NX v21.2.1 Daemon Server] - 2026-09-02T00:24:56.901Z - Done responding to the client handleHashMultiGlob
[NX v21.2.1 Daemon Server] - 2026-09-02T00:24:56.901Z - Handled HASH_GLOB. Handling time: 4. Response time: 0.
[NX v21.2.1 Daemon Server] - 2026-09-02T00:24:56.921Z - Time taken for 'build-project-configs' 30.84012500000017ms
[NX v21.2.1 Daemon Server] - 2026-09-02T00:24:56.923Z - Time taken for '@nx/js/typescript:createDependencies' 5.084959000000254ms
[NX v21.2.1 Daemon Server] - 2026-09-02T00:24:56.923Z - Time taken for '@nx/vite/plugin:createDependencies' 4.033124999999927ms
[NX v21.2.1 Daemon Server] - 2026-09-02T00:24:56.934Z - [SYNC]: collect registered sync generators
[NX v21.2.1 Daemon Server] - 2026-09-02T00:24:56.935Z - [SYNC]: project graph hash is the same, not collecting task sync generators
[NX v21.2.1 Daemon Server] - 2026-09-02T00:24:56.935Z - [SYNC]: nx.json hash is the same, not collecting global sync generators
[NX v21.2.1 Daemon Server] - 2026-09-02T00:24:56.935Z - [SYNC]: scheduling: ["@nx/js:typescript-sync"]
[NX v21.2.1 Daemon Server] - 2026-09-02T00:24:56.935Z - [REQUEST]: Responding to the client. File watch changed
[NX v21.2.1 Daemon Server] - 2026-09-02T00:24:56.935Z - Done responding to the client File watch changed
[NX v21.2.1 Daemon Server] - 2026-09-02T00:24:56.935Z - Handled FILE-WATCH-CHANGED. Handling time: 0. Response time: 0.
[NX v21.2.1 Daemon Server] - 2026-09-02T00:24:56.935Z - Time taken for 'total execution time for createProjectGraph()' 11.804875000000266ms
[NX v21.2.1 Daemon Server] - 2026-09-02T00:24:56.955Z - [WATCHER]: 5 file(s) created or restored, 4 file(s) modified, 5 file(s) deleted
[NX v21.2.1 Daemon Server] - 2026-09-02T00:24:56.955Z - [REQUEST]: Responding to the client. File watch changed
[NX v21.2.1 Daemon Server] - 2026-09-02T00:24:56.955Z - Done responding to the client File watch changed
[NX v21.2.1 Daemon Server] - 2026-09-02T00:24:56.955Z - Handled FILE-WATCH-CHANGED. Handling time: 0. Response time: 0.
[NX v21.2.1 Daemon Server] - 2026-09-02T00:24:56.955Z - Time taken for 'changed-projects' 0.04045799999994415ms
[NX v21.2.1 Daemon Server] - 2026-09-02T00:24:57.056Z - [REQUEST]: Updated workspace context based on watched changes, recomputing project graph...
[NX v21.2.1 Daemon Server] - 2026-09-02T00:24:57.056Z - [REQUEST]: .nx/workspace-data/tsc-2568428459166798129.hash,.nx/workspace-data/tsconfig-files.hash,.nx/workspace-data/project-graph.json,.nx/workspace-data/source-maps.json,.nx/workspace-data/file-map.json,.nx/workspace-data/vite-9347777721732807074.hash,.nx/workspace-data/eslint-2654242865465226088.hash,.nx/workspace-data/react-router-8507840353650169656.hash,.nx/workspace-data/jest-7930610538513362720.hash
[NX v21.2.1 Daemon Server] - 2026-09-02T00:24:57.056Z - [REQUEST]: .nx/workspace-data/tsc-2568428459166798129.hash.34254.63ded2c8.tmp,.nx/workspace-data/project-graph.json~41f8a6ea,.nx/workspace-data/tsconfig-files.hash.34254.1c7286eb.tmp,.nx/workspace-data/file-map.json~41f8a6ea,.nx/workspace-data/source-maps.json~41f8a6ea
[NX v21.2.1 Daemon Server] - 2026-09-02T00:24:57.063Z - [REQUEST]: Responding to the client. handleHashMultiGlob
[NX v21.2.1 Daemon Server] - 2026-09-02T00:24:57.063Z - Done responding to the client handleHashMultiGlob
[NX v21.2.1 Daemon Server] - 2026-09-02T00:24:57.063Z - Handled HASH_GLOB. Handling time: 0. Response time: 0.
[NX v21.2.1 Daemon Server] - 2026-09-02T00:24:57.065Z - [REQUEST]: Responding to the client. handleGlob
[NX v21.2.1 Daemon Server] - 2026-09-02T00:24:57.065Z - Done responding to the client handleGlob
[NX v21.2.1 Daemon Server] - 2026-09-02T00:24:57.065Z - Handled GLOB. Handling time: 1. Response time: 0.
[NX v21.2.1 Daemon Server] - 2026-09-02T00:24:57.065Z - Time taken for 'hash changed files from watcher' 0.665958000000046ms
[NX v21.2.1 Daemon Server] - 2026-09-02T00:24:57.068Z - [REQUEST]: Responding to the client. handleHashMultiGlob
[NX v21.2.1 Daemon Server] - 2026-09-02T00:24:57.068Z - Done responding to the client handleHashMultiGlob
[NX v21.2.1 Daemon Server] - 2026-09-02T00:24:57.068Z - Handled HASH_GLOB. Handling time: 3. Response time: 0.
[NX v21.2.1 Daemon Server] - 2026-09-02T00:24:57.070Z - [REQUEST]: Responding to the client. handleHashMultiGlob
[NX v21.2.1 Daemon Server] - 2026-09-02T00:24:57.070Z - Done responding to the client handleHashMultiGlob
[NX v21.2.1 Daemon Server] - 2026-09-02T00:24:57.070Z - Handled HASH_GLOB. Handling time: 1. Response time: 0.
[NX v21.2.1 Daemon Server] - 2026-09-02T00:24:57.074Z - [REQUEST]: Responding to the client. handleHashMultiGlob
[NX v21.2.1 Daemon Server] - 2026-09-02T00:24:57.074Z - Done responding to the client handleHashMultiGlob
[NX v21.2.1 Daemon Server] - 2026-09-02T00:24:57.074Z - Handled HASH_GLOB. Handling time: 3. Response time: 0.
[NX v21.2.1 Daemon Server] - 2026-09-02T00:24:57.093Z - Time taken for 'build-project-configs' 31.201624999999694ms
[NX v21.2.1 Daemon Server] - 2026-09-02T00:24:57.096Z - Time taken for '@nx/js/typescript:createDependencies' 5.440000000000055ms
[NX v21.2.1 Daemon Server] - 2026-09-02T00:24:57.097Z - Time taken for '@nx/vite/plugin:createDependencies' 5.978249999999662ms
[NX v21.2.1 Daemon Server] - 2026-09-02T00:24:57.107Z - [SYNC]: collect registered sync generators
[NX v21.2.1 Daemon Server] - 2026-09-02T00:24:57.107Z - [SYNC]: project graph hash is the same, not collecting task sync generators
[NX v21.2.1 Daemon Server] - 2026-09-02T00:24:57.107Z - [SYNC]: nx.json hash is the same, not collecting global sync generators
[NX v21.2.1 Daemon Server] - 2026-09-02T00:24:57.107Z - [SYNC]: scheduling: ["@nx/js:typescript-sync"]
[NX v21.2.1 Daemon Server] - 2026-09-02T00:24:57.107Z - [REQUEST]: Responding to the client. File watch changed
[NX v21.2.1 Daemon Server] - 2026-09-02T00:24:57.107Z - Done responding to the client File watch changed
[NX v21.2.1 Daemon Server] - 2026-09-02T00:24:57.107Z - Handled FILE-WATCH-CHANGED. Handling time: 0. Response time: 0.
[NX v21.2.1 Daemon Server] - 2026-09-02T00:24:57.107Z - Time taken for 'total execution time for createProjectGraph()' 11.977750000000015ms
[NX v21.2.1 Daemon Server] - 2026-09-02T00:24:57.128Z - [WATCHER]: 5 file(s) created or restored, 4 file(s) modified, 5 file(s) deleted
[NX v21.2.1 Daemon Server] - 2026-09-02T00:24:57.129Z - [REQUEST]: Responding to the client. File watch changed
[NX v21.2.1 Daemon Server] - 2026-09-02T00:24:57.129Z - Done responding to the client File watch changed
[NX v21.2.1 Daemon Server] - 2026-09-02T00:24:57.129Z - Handled FILE-WATCH-CHANGED. Handling time: 0. Response time: 0.
[NX v21.2.1 Daemon Server] - 2026-09-02T00:24:57.129Z - Time taken for 'changed-projects' 0.03720899999962057ms
[NX v21.2.1 Daemon Server] - 2026-09-02T00:24:57.229Z - [REQUEST]: Updated workspace context based on watched changes, recomputing project graph...
[NX v21.2.1 Daemon Server] - 2026-09-02T00:24:57.229Z - [REQUEST]: .nx/workspace-data/file-map.json,.nx/workspace-data/tsconfig-files.hash,.nx/workspace-data/project-graph.json,.nx/workspace-data/tsc-2568428459166798129.hash,.nx/workspace-data/source-maps.json,.nx/workspace-data/vite-9347777721732807074.hash,.nx/workspace-data/jest-7930610538513362720.hash,.nx/workspace-data/react-router-8507840353650169656.hash,.nx/workspace-data/eslint-2654242865465226088.hash
[NX v21.2.1 Daemon Server] - 2026-09-02T00:24:57.229Z - [REQUEST]: .nx/workspace-data/source-maps.json~73888c76,.nx/workspace-data/tsconfig-files.hash.34254.2c80d77c.tmp,.nx/workspace-data/project-graph.json~73888c76,.nx/workspace-data/file-map.json~73888c76,.nx/workspace-data/tsc-2568428459166798129.hash.34254.8ed0fde2.tmp
[NX v21.2.1 Daemon Server] - 2026-09-02T00:24:57.237Z - [REQUEST]: Responding to the client. handleHashMultiGlob
[NX v21.2.1 Daemon Server] - 2026-09-02T00:24:57.237Z - Done responding to the client handleHashMultiGlob
[NX v21.2.1 Daemon Server] - 2026-09-02T00:24:57.237Z - Handled HASH_GLOB. Handling time: 0. Response time: 0.
[NX v21.2.1 Daemon Server] - 2026-09-02T00:24:57.238Z - [REQUEST]: Responding to the client. handleGlob
[NX v21.2.1 Daemon Server] - 2026-09-02T00:24:57.238Z - Done responding to the client handleGlob
[NX v21.2.1 Daemon Server] - 2026-09-02T00:24:57.238Z - Handled GLOB. Handling time: 0. Response time: 0.
[NX v21.2.1 Daemon Server] - 2026-09-02T00:24:57.238Z - Time taken for 'hash changed files from watcher' 0.7493750000003274ms
[NX v21.2.1 Daemon Server] - 2026-09-02T00:24:57.242Z - [REQUEST]: Responding to the client. handleHashMultiGlob
[NX v21.2.1 Daemon Server] - 2026-09-02T00:24:57.242Z - Done responding to the client handleHashMultiGlob
[NX v21.2.1 Daemon Server] - 2026-09-02T00:24:57.242Z - Handled HASH_GLOB. Handling time: 3. Response time: 0.
[NX v21.2.1 Daemon Server] - 2026-09-02T00:24:57.244Z - [REQUEST]: Responding to the client. handleHashMultiGlob
[NX v21.2.1 Daemon Server] - 2026-09-02T00:24:57.244Z - Done responding to the client handleHashMultiGlob
[NX v21.2.1 Daemon Server] - 2026-09-02T00:24:57.244Z - Handled HASH_GLOB. Handling time: 2. Response time: 0.
[NX v21.2.1 Daemon Server] - 2026-09-02T00:24:57.248Z - [REQUEST]: Responding to the client. handleHashMultiGlob
[NX v21.2.1 Daemon Server] - 2026-09-02T00:24:57.248Z - Done responding to the client handleHashMultiGlob
[NX v21.2.1 Daemon Server] - 2026-09-02T00:24:57.248Z - Handled HASH_GLOB. Handling time: 4. Response time: 0.
[NX v21.2.1 Daemon Server] - 2026-09-02T00:24:57.267Z - Time taken for 'build-project-configs' 31.407000000000153ms
[NX v21.2.1 Daemon Server] - 2026-09-02T00:24:57.269Z - Time taken for '@nx/js/typescript:createDependencies' 5.067250000000058ms
[NX v21.2.1 Daemon Server] - 2026-09-02T00:24:57.269Z - Time taken for '@nx/vite/plugin:createDependencies' 4.039166999999907ms
[NX v21.2.1 Daemon Server] - 2026-09-02T00:24:57.281Z - [SYNC]: collect registered sync generators
[NX v21.2.1 Daemon Server] - 2026-09-02T00:24:57.281Z - [SYNC]: project graph hash is the same, not collecting task sync generators
[NX v21.2.1 Daemon Server] - 2026-09-02T00:24:57.281Z - [SYNC]: nx.json hash is the same, not collecting global sync generators
[NX v21.2.1 Daemon Server] - 2026-09-02T00:24:57.281Z - [SYNC]: scheduling: ["@nx/js:typescript-sync"]
[NX v21.2.1 Daemon Server] - 2026-09-02T00:24:57.281Z - [REQUEST]: Responding to the client. File watch changed
[NX v21.2.1 Daemon Server] - 2026-09-02T00:24:57.281Z - Done responding to the client File watch changed
[NX v21.2.1 Daemon Server] - 2026-09-02T00:24:57.281Z - Handled FILE-WATCH-CHANGED. Handling time: 0. Response time: 0.
[NX v21.2.1 Daemon Server] - 2026-09-02T00:24:57.281Z - Time taken for 'total execution time for createProjectGraph()' 11.432957999999871ms
[NX v21.2.1 Daemon Server] - 2026-09-02T00:24:57.303Z - [WATCHER]: 5 file(s) created or restored, 4 file(s) modified, 5 file(s) deleted
[NX v21.2.1 Daemon Server] - 2026-09-02T00:24:57.303Z - [REQUEST]: Responding to the client. File watch changed
[NX v21.2.1 Daemon Server] - 2026-09-02T00:24:57.303Z - Done responding to the client File watch changed
[NX v21.2.1 Daemon Server] - 2026-09-02T00:24:57.303Z - Handled FILE-WATCH-CHANGED. Handling time: 0. Response time: 0.
[NX v21.2.1 Daemon Server] - 2026-09-02T00:24:57.303Z - Time taken for 'changed-projects' 0.028374999999869033ms
[NX v21.2.1 Daemon Server] - 2026-09-02T00:24:57.404Z - [REQUEST]: Updated workspace context based on watched changes, recomputing project graph...
[NX v21.2.1 Daemon Server] - 2026-09-02T00:24:57.404Z - [REQUEST]: .nx/workspace-data/file-map.json,.nx/workspace-data/source-maps.json,.nx/workspace-data/tsconfig-files.hash,.nx/workspace-data/tsc-2568428459166798129.hash,.nx/workspace-data/project-graph.json,.nx/workspace-data/react-router-8507840353650169656.hash,.nx/workspace-data/vite-9347777721732807074.hash,.nx/workspace-data/eslint-2654242865465226088.hash,.nx/workspace-data/jest-7930610538513362720.hash
[NX v21.2.1 Daemon Server] - 2026-09-02T00:24:57.404Z - [REQUEST]: .nx/workspace-data/file-map.json~89b07177,.nx/workspace-data/tsc-2568428459166798129.hash.34254.34a4bd2d.tmp,.nx/workspace-data/tsconfig-files.hash.34254.f09881d1.tmp,.nx/workspace-data/project-graph.json~89b07177,.nx/workspace-data/source-maps.json~89b07177
[NX v21.2.1 Daemon Server] - 2026-09-02T00:24:57.411Z - [REQUEST]: Responding to the client. handleHashMultiGlob
[NX v21.2.1 Daemon Server] - 2026-09-02T00:24:57.411Z - Done responding to the client handleHashMultiGlob
[NX v21.2.1 Daemon Server] - 2026-09-02T00:24:57.411Z - Handled HASH_GLOB. Handling time: 0. Response time: 0.
[NX v21.2.1 Daemon Server] - 2026-09-02T00:24:57.412Z - [REQUEST]: Responding to the client. handleGlob
[NX v21.2.1 Daemon Server] - 2026-09-02T00:24:57.412Z - Done responding to the client handleGlob
[NX v21.2.1 Daemon Server] - 2026-09-02T00:24:57.412Z - Handled GLOB. Handling time: 1. Response time: 0.
[NX v21.2.1 Daemon Server] - 2026-09-02T00:24:57.412Z - Time taken for 'hash changed files from watcher' 0.6579999999999018ms
[NX v21.2.1 Daemon Server] - 2026-09-02T00:24:57.416Z - [REQUEST]: Responding to the client. handleHashMultiGlob
[NX v21.2.1 Daemon Server] - 2026-09-02T00:24:57.416Z - Done responding to the client handleHashMultiGlob
[NX v21.2.1 Daemon Server] - 2026-09-02T00:24:57.416Z - Handled HASH_GLOB. Handling time: 4. Response time: 0.
[NX v21.2.1 Daemon Server] - 2026-09-02T00:24:57.418Z - [REQUEST]: Responding to the client. handleHashMultiGlob
[NX v21.2.1 Daemon Server] - 2026-09-02T00:24:57.418Z - Done responding to the client handleHashMultiGlob
[NX v21.2.1 Daemon Server] - 2026-09-02T00:24:57.418Z - Handled HASH_GLOB. Handling time: 2. Response time: 0.
[NX v21.2.1 Daemon Server] - 2026-09-02T00:24:57.422Z - [REQUEST]: Responding to the client. handleHashMultiGlob
[NX v21.2.1 Daemon Server] - 2026-09-02T00:24:57.422Z - Done responding to the client handleHashMultiGlob
[NX v21.2.1 Daemon Server] - 2026-09-02T00:24:57.422Z - Handled HASH_GLOB. Handling time: 4. Response time: 0.
[NX v21.2.1 Daemon Server] - 2026-09-02T00:24:57.441Z - Time taken for 'build-project-configs' 30.810417000000143ms
[NX v21.2.1 Daemon Server] - 2026-09-02T00:24:57.443Z - Time taken for '@nx/js/typescript:createDependencies' 5.0191249999998035ms
[NX v21.2.1 Daemon Server] - 2026-09-02T00:24:57.443Z - Time taken for '@nx/vite/plugin:createDependencies' 3.9395839999997406ms
[NX v21.2.1 Daemon Server] - 2026-09-02T00:24:57.454Z - [SYNC]: collect registered sync generators
[NX v21.2.1 Daemon Server] - 2026-09-02T00:24:57.455Z - [SYNC]: project graph hash is the same, not collecting task sync generators
[NX v21.2.1 Daemon Server] - 2026-09-02T00:24:57.455Z - [SYNC]: nx.json hash is the same, not collecting global sync generators
[NX v21.2.1 Daemon Server] - 2026-09-02T00:24:57.455Z - [SYNC]: scheduling: ["@nx/js:typescript-sync"]
[NX v21.2.1 Daemon Server] - 2026-09-02T00:24:57.455Z - [REQUEST]: Responding to the client. File watch changed
[NX v21.2.1 Daemon Server] - 2026-09-02T00:24:57.455Z - Done responding to the client File watch changed
[NX v21.2.1 Daemon Server] - 2026-09-02T00:24:57.455Z - Handled FILE-WATCH-CHANGED. Handling time: 0. Response time: 0.
[NX v21.2.1 Daemon Server] - 2026-09-02T00:24:57.455Z - Time taken for 'total execution time for createProjectGraph()' 11.453625000000102ms
[NX v21.2.1 Daemon Server] - 2026-09-02T00:24:57.475Z - [WATCHER]: 5 file(s) created or restored, 4 file(s) modified, 5 file(s) deleted
[NX v21.2.1 Daemon Server] - 2026-09-02T00:24:57.475Z - [REQUEST]: Responding to the client. File watch changed
[NX v21.2.1 Daemon Server] - 2026-09-02T00:24:57.475Z - Done responding to the client File watch changed
[NX v21.2.1 Daemon Server] - 2026-09-02T00:24:57.475Z - Handled FILE-WATCH-CHANGED. Handling time: 0. Response time: 0.
[NX v21.2.1 Daemon Server] - 2026-09-02T00:24:57.475Z - Time taken for 'changed-projects' 0.03245799999967858ms
[NX v21.2.1 Daemon Server] - 2026-09-02T00:24:57.562Z - [SYNC]: running scheduled generator @nx/js:typescript-sync
[NX v21.2.1 Daemon Server] - 2026-09-02T00:24:57.563Z - [REQUEST]: Client Request for Project Graph Received
[NX v21.2.1 Daemon Server] - 2026-09-02T00:24:57.564Z - [REQUEST]: Updated workspace context based on watched changes, recomputing project graph...
[NX v21.2.1 Daemon Server] - 2026-09-02T00:24:57.564Z - [REQUEST]: .nx/workspace-data/source-maps.json,.nx/workspace-data/file-map.json,.nx/workspace-data/tsconfig-files.hash,.nx/workspace-data/project-graph.json,.nx/workspace-data/tsc-2568428459166798129.hash,.nx/workspace-data/eslint-2654242865465226088.hash,.nx/workspace-data/jest-7930610538513362720.hash,.nx/workspace-data/vite-9347777721732807074.hash,.nx/workspace-data/react-router-8507840353650169656.hash
[NX v21.2.1 Daemon Server] - 2026-09-02T00:24:57.564Z - [REQUEST]: .nx/workspace-data/file-map.json~2d0911ae,.nx/workspace-data/tsc-2568428459166798129.hash.34254.e285584d.tmp,.nx/workspace-data/project-graph.json~2d0911ae,.nx/workspace-data/tsconfig-files.hash.34254.0da1f03f.tmp,.nx/workspace-data/source-maps.json~2d0911ae
[NX v21.2.1 Daemon Server] - 2026-09-02T00:24:57.571Z - Time taken for 'hash changed files from watcher' 0.70049999999992ms
[NX v21.2.1 Daemon Server] - 2026-09-02T00:24:57.572Z - [REQUEST]: Responding to the client. handleHashMultiGlob
[NX v21.2.1 Daemon Server] - 2026-09-02T00:24:57.572Z - Done responding to the client handleHashMultiGlob
[NX v21.2.1 Daemon Server] - 2026-09-02T00:24:57.572Z - Handled HASH_GLOB. Handling time: 0. Response time: 0.
[NX v21.2.1 Daemon Server] - 2026-09-02T00:24:57.572Z - [REQUEST]: Responding to the client. handleGlob
[NX v21.2.1 Daemon Server] - 2026-09-02T00:24:57.572Z - Done responding to the client handleGlob
[NX v21.2.1 Daemon Server] - 2026-09-02T00:24:57.572Z - Handled GLOB. Handling time: 0. Response time: 0.
[NX v21.2.1 Daemon Server] - 2026-09-02T00:24:57.576Z - [REQUEST]: Responding to the client. handleHashMultiGlob
[NX v21.2.1 Daemon Server] - 2026-09-02T00:24:57.576Z - Done responding to the client handleHashMultiGlob
[NX v21.2.1 Daemon Server] - 2026-09-02T00:24:57.576Z - Handled HASH_GLOB. Handling time: 3. Response time: 0.
[NX v21.2.1 Daemon Server] - 2026-09-02T00:24:57.578Z - [REQUEST]: Responding to the client. handleHashMultiGlob
[NX v21.2.1 Daemon Server] - 2026-09-02T00:24:57.578Z - Done responding to the client handleHashMultiGlob
[NX v21.2.1 Daemon Server] - 2026-09-02T00:24:57.578Z - Handled HASH_GLOB. Handling time: 2. Response time: 0.
[NX v21.2.1 Daemon Server] - 2026-09-02T00:24:57.582Z - [REQUEST]: Responding to the client. handleHashMultiGlob
[NX v21.2.1 Daemon Server] - 2026-09-02T00:24:57.582Z - Done responding to the client handleHashMultiGlob
[NX v21.2.1 Daemon Server] - 2026-09-02T00:24:57.582Z - Handled HASH_GLOB. Handling time: 4. Response time: 0.
[NX v21.2.1 Daemon Server] - 2026-09-02T00:24:57.601Z - Time taken for 'build-project-configs' 30.27529199999981ms
[NX v21.2.1 Daemon Server] - 2026-09-02T00:24:57.603Z - Time taken for '@nx/js/typescript:createDependencies' 5.180957999999919ms
[NX v21.2.1 Daemon Server] - 2026-09-02T00:24:57.603Z - Time taken for '@nx/vite/plugin:createDependencies' 4.091083999999682ms
[NX v21.2.1 Daemon Server] - 2026-09-02T00:24:57.614Z - [SYNC]: collect registered sync generators
[NX v21.2.1 Daemon Server] - 2026-09-02T00:24:57.615Z - [SYNC]: project graph hash is the same, not collecting task sync generators
[NX v21.2.1 Daemon Server] - 2026-09-02T00:24:57.615Z - [SYNC]: nx.json hash is the same, not collecting global sync generators
[NX v21.2.1 Daemon Server] - 2026-09-02T00:24:57.615Z - [SYNC]: scheduling: ["@nx/js:typescript-sync"]
[NX v21.2.1 Daemon Server] - 2026-09-02T00:24:57.615Z - [REQUEST]: Responding to the client. project-graph
[NX v21.2.1 Daemon Server] - 2026-09-02T00:24:57.615Z - Time taken for 'total for creating and serializing project graph' 51.27058299999999ms
[NX v21.2.1 Daemon Server] - 2026-09-02T00:24:57.616Z - Done responding to the client project-graph
[NX v21.2.1 Daemon Server] - 2026-09-02T00:24:57.616Z - Handled REQUEST_PROJECT_GRAPH. Handling time: 52. Response time: 1.
[NX v21.2.1 Daemon Server] - 2026-09-02T00:24:57.622Z - [SYNC]: @nx/js:typescript-sync changes: 
[NX v21.2.1 Daemon Server] - 2026-09-02T00:24:57.622Z - Time taken for 'run-sync-generator:@nx/js:typescript-sync' 59.40650000000005ms
[NX v21.2.1 Daemon Server] - 2026-09-02T00:24:57.637Z - [WATCHER]: 5 file(s) created or restored, 4 file(s) modified, 5 file(s) deleted
[NX v21.2.1 Daemon Server] - 2026-09-02T00:24:57.637Z - [REQUEST]: Responding to the client. File watch changed
[NX v21.2.1 Daemon Server] - 2026-09-02T00:24:57.637Z - Done responding to the client File watch changed
[NX v21.2.1 Daemon Server] - 2026-09-02T00:24:57.637Z - Handled FILE-WATCH-CHANGED. Handling time: 0. Response time: 0.
[NX v21.2.1 Daemon Server] - 2026-09-02T00:24:57.637Z - Time taken for 'changed-projects' 0.04366699999991397ms
[NX v21.2.1 Daemon Server] - 2026-09-02T00:24:57.738Z - [REQUEST]: Updated workspace context based on watched changes, recomputing project graph...
[NX v21.2.1 Daemon Server] - 2026-09-02T00:24:57.738Z - [REQUEST]: .nx/workspace-data/tsconfig-files.hash,.nx/workspace-data/project-graph.json,.nx/workspace-data/file-map.json,.nx/workspace-data/source-maps.json,.nx/workspace-data/tsc-2568428459166798129.hash,.nx/workspace-data/react-router-8507840353650169656.hash,.nx/workspace-data/jest-7930610538513362720.hash,.nx/workspace-data/eslint-2654242865465226088.hash,.nx/workspace-data/vite-9347777721732807074.hash
[NX v21.2.1 Daemon Server] - 2026-09-02T00:24:57.738Z - [REQUEST]: .nx/workspace-data/tsc-2568428459166798129.hash.34254.7f857f21.tmp,.nx/workspace-data/tsconfig-files.hash.34254.d260dd40.tmp,.nx/workspace-data/project-graph.json~9103606b,.nx/workspace-data/source-maps.json~9103606b,.nx/workspace-data/file-map.json~9103606b
[NX v21.2.1 Daemon Server] - 2026-09-02T00:24:57.745Z - [REQUEST]: Responding to the client. handleHashMultiGlob
[NX v21.2.1 Daemon Server] - 2026-09-02T00:24:57.745Z - Done responding to the client handleHashMultiGlob
[NX v21.2.1 Daemon Server] - 2026-09-02T00:24:57.745Z - Handled HASH_GLOB. Handling time: 0. Response time: 0.
[NX v21.2.1 Daemon Server] - 2026-09-02T00:24:57.746Z - [REQUEST]: Responding to the client. handleGlob
[NX v21.2.1 Daemon Server] - 2026-09-02T00:24:57.746Z - Done responding to the client handleGlob
[NX v21.2.1 Daemon Server] - 2026-09-02T00:24:57.746Z - Handled GLOB. Handling time: 0. Response time: 0.
[NX v21.2.1 Daemon Server] - 2026-09-02T00:24:57.746Z - Time taken for 'hash changed files from watcher' 0.6245420000000195ms
[NX v21.2.1 Daemon Server] - 2026-09-02T00:24:57.750Z - [REQUEST]: Responding to the client. handleHashMultiGlob
[NX v21.2.1 Daemon Server] - 2026-09-02T00:24:57.750Z - Done responding to the client handleHashMultiGlob
[NX v21.2.1 Daemon Server] - 2026-09-02T00:24:57.750Z - Handled HASH_GLOB. Handling time: 4. Response time: 0.
[NX v21.2.1 Daemon Server] - 2026-09-02T00:24:57.751Z - [REQUEST]: Responding to the client. handleHashMultiGlob
[NX v21.2.1 Daemon Server] - 2026-09-02T00:24:57.751Z - Done responding to the client handleHashMultiGlob
[NX v21.2.1 Daemon Server] - 2026-09-02T00:24:57.751Z - Handled HASH_GLOB. Handling time: 1. Response time: 0.
[NX v21.2.1 Daemon Server] - 2026-09-02T00:24:57.755Z - [REQUEST]: Responding to the client. handleHashMultiGlob
[NX v21.2.1 Daemon Server] - 2026-09-02T00:24:57.755Z - Done responding to the client handleHashMultiGlob
[NX v21.2.1 Daemon Server] - 2026-09-02T00:24:57.755Z - Handled HASH_GLOB. Handling time: 3. Response time: 0.
[NX v21.2.1 Daemon Server] - 2026-09-02T00:24:57.775Z - Time taken for 'build-project-configs' 30.085667000000285ms
[NX v21.2.1 Daemon Server] - 2026-09-02T00:24:57.777Z - Time taken for '@nx/js/typescript:createDependencies' 5.020999999999731ms
[NX v21.2.1 Daemon Server] - 2026-09-02T00:24:57.777Z - Time taken for '@nx/vite/plugin:createDependencies' 3.9670420000002196ms
[NX v21.2.1 Daemon Server] - 2026-09-02T00:24:57.788Z - [SYNC]: collect registered sync generators
[NX v21.2.1 Daemon Server] - 2026-09-02T00:24:57.788Z - [SYNC]: project graph hash is the same, not collecting task sync generators
[NX v21.2.1 Daemon Server] - 2026-09-02T00:24:57.788Z - [SYNC]: nx.json hash is the same, not collecting global sync generators
[NX v21.2.1 Daemon Server] - 2026-09-02T00:24:57.788Z - [SYNC]: scheduling: ["@nx/js:typescript-sync"]
[NX v21.2.1 Daemon Server] - 2026-09-02T00:24:57.788Z - [REQUEST]: Responding to the client. File watch changed
[NX v21.2.1 Daemon Server] - 2026-09-02T00:24:57.788Z - Done responding to the client File watch changed
[NX v21.2.1 Daemon Server] - 2026-09-02T00:24:57.788Z - Handled FILE-WATCH-CHANGED. Handling time: 0. Response time: 0.
[NX v21.2.1 Daemon Server] - 2026-09-02T00:24:57.788Z - Time taken for 'total execution time for createProjectGraph()' 11.792249999999967ms
[NX v21.2.1 Daemon Server] - 2026-09-02T00:24:57.809Z - [WATCHER]: 5 file(s) created or restored, 4 file(s) modified, 5 file(s) deleted
[NX v21.2.1 Daemon Server] - 2026-09-02T00:24:57.809Z - [REQUEST]: Responding to the client. File watch changed
[NX v21.2.1 Daemon Server] - 2026-09-02T00:24:57.809Z - Done responding to the client File watch changed
[NX v21.2.1 Daemon Server] - 2026-09-02T00:24:57.809Z - Handled FILE-WATCH-CHANGED. Handling time: 0. Response time: 0.
[NX v21.2.1 Daemon Server] - 2026-09-02T00:24:57.809Z - Time taken for 'changed-projects' 0.037541000000146596ms
[NX v21.2.1 Daemon Server] - 2026-09-02T00:24:57.910Z - [REQUEST]: Updated workspace context based on watched changes, recomputing project graph...
[NX v21.2.1 Daemon Server] - 2026-09-02T00:24:57.911Z - [REQUEST]: .nx/workspace-data/tsc-2568428459166798129.hash,.nx/workspace-data/source-maps.json,.nx/workspace-data/file-map.json,.nx/workspace-data/tsconfig-files.hash,.nx/workspace-data/project-graph.json,.nx/workspace-data/vite-9347777721732807074.hash,.nx/workspace-data/react-router-8507840353650169656.hash,.nx/workspace-data/jest-7930610538513362720.hash,.nx/workspace-data/eslint-2654242865465226088.hash
[NX v21.2.1 Daemon Server] - 2026-09-02T00:24:57.911Z - [REQUEST]: .nx/workspace-data/tsconfig-files.hash.34254.482b5d1b.tmp,.nx/workspace-data/source-maps.json~7abd798d,.nx/workspace-data/tsc-2568428459166798129.hash.34254.17a44d74.tmp,.nx/workspace-data/project-graph.json~7abd798d,.nx/workspace-data/file-map.json~7abd798d
[NX v21.2.1 Daemon Server] - 2026-09-02T00:24:57.926Z - [REQUEST]: Responding to the client. handleHashMultiGlob
[NX v21.2.1 Daemon Server] - 2026-09-02T00:24:57.926Z - Done responding to the client handleHashMultiGlob
[NX v21.2.1 Daemon Server] - 2026-09-02T00:24:57.926Z - Handled HASH_GLOB. Handling time: 0. Response time: 0.
[NX v21.2.1 Daemon Server] - 2026-09-02T00:24:57.932Z - [REQUEST]: Responding to the client. handleGlob
[NX v21.2.1 Daemon Server] - 2026-09-02T00:24:57.932Z - Done responding to the client handleGlob
[NX v21.2.1 Daemon Server] - 2026-09-02T00:24:57.932Z - Handled GLOB. Handling time: 6. Response time: 0.
[NX v21.2.1 Daemon Server] - 2026-09-02T00:24:57.932Z - Time taken for 'hash changed files from watcher' 1.4484170000000631ms
[NX v21.2.1 Daemon Server] - 2026-09-02T00:24:57.941Z - [REQUEST]: Responding to the client. handleHashMultiGlob
[NX v21.2.1 Daemon Server] - 2026-09-02T00:24:57.941Z - Done responding to the client handleHashMultiGlob
[NX v21.2.1 Daemon Server] - 2026-09-02T00:24:57.941Z - Handled HASH_GLOB. Handling time: 8. Response time: 0.
[NX v21.2.1 Daemon Server] - 2026-09-02T00:24:57.943Z - [REQUEST]: Responding to the client. handleHashMultiGlob
[NX v21.2.1 Daemon Server] - 2026-09-02T00:24:57.943Z - Done responding to the client handleHashMultiGlob
[NX v21.2.1 Daemon Server] - 2026-09-02T00:24:57.943Z - Handled HASH_GLOB. Handling time: 2. Response time: 0.
[NX v21.2.1 Daemon Server] - 2026-09-02T00:24:57.948Z - [REQUEST]: Responding to the client. handleHashMultiGlob
[NX v21.2.1 Daemon Server] - 2026-09-02T00:24:57.948Z - Done responding to the client handleHashMultiGlob
[NX v21.2.1 Daemon Server] - 2026-09-02T00:24:57.948Z - Handled HASH_GLOB. Handling time: 4. Response time: 0.
[NX v21.2.1 Daemon Server] - 2026-09-02T00:24:57.981Z - Time taken for 'build-project-configs' 60.75883299999987ms
[NX v21.2.1 Daemon Server] - 2026-09-02T00:24:57.984Z - Time taken for '@nx/vite/plugin:createDependencies' 6.013667000000169ms
[NX v21.2.1 Daemon Server] - 2026-09-02T00:24:57.984Z - Time taken for '@nx/js/typescript:createDependencies' 7.727042000000438ms
[NX v21.2.1 Daemon Server] - 2026-09-02T00:24:57.992Z - [WATCHER]: 2 file(s) created or restored, 4 file(s) modified, 2 file(s) deleted
[NX v21.2.1 Daemon Server] - 2026-09-02T00:24:57.992Z - [REQUEST]: Responding to the client. File watch changed
[NX v21.2.1 Daemon Server] - 2026-09-02T00:24:57.992Z - Done responding to the client File watch changed
[NX v21.2.1 Daemon Server] - 2026-09-02T00:24:57.992Z - Handled FILE-WATCH-CHANGED. Handling time: 0. Response time: 0.
[NX v21.2.1 Daemon Server] - 2026-09-02T00:24:57.992Z - Time taken for 'changed-projects' 0.05979200000001583ms
[NX v21.2.1 Daemon Server] - 2026-09-02T00:24:58.006Z - [SYNC]: collect registered sync generators
[NX v21.2.1 Daemon Server] - 2026-09-02T00:24:58.007Z - [SYNC]: project graph hash is the same, not collecting task sync generators
[NX v21.2.1 Daemon Server] - 2026-09-02T00:24:58.007Z - [SYNC]: nx.json hash is the same, not collecting global sync generators
[NX v21.2.1 Daemon Server] - 2026-09-02T00:24:58.007Z - [SYNC]: scheduling: ["@nx/js:typescript-sync"]
[NX v21.2.1 Daemon Server] - 2026-09-02T00:24:58.007Z - [REQUEST]: Responding to the client. File watch changed
[NX v21.2.1 Daemon Server] - 2026-09-02T00:24:58.007Z - Done responding to the client File watch changed
[NX v21.2.1 Daemon Server] - 2026-09-02T00:24:58.007Z - Handled FILE-WATCH-CHANGED. Handling time: 0. Response time: 0.
[NX v21.2.1 Daemon Server] - 2026-09-02T00:24:58.007Z - Time taken for 'total execution time for createProjectGraph()' 23.81787499999973ms
[NX v21.2.1 Daemon Server] - 2026-09-02T00:24:58.068Z - [WATCHER]: 3 file(s) created or restored, 0 file(s) modified, 3 file(s) deleted
[NX v21.2.1 Daemon Server] - 2026-09-02T00:24:58.068Z - [REQUEST]: Responding to the client. File watch changed
[NX v21.2.1 Daemon Server] - 2026-09-02T00:24:58.068Z - Done responding to the client File watch changed
[NX v21.2.1 Daemon Server] - 2026-09-02T00:24:58.068Z - Handled FILE-WATCH-CHANGED. Handling time: 0. Response time: 0.
[NX v21.2.1 Daemon Server] - 2026-09-02T00:24:58.068Z - Time taken for 'changed-projects' 0.03891699999985576ms
[NX v21.2.1 Daemon Server] - 2026-09-02T00:24:58.092Z - [REQUEST]: Updated workspace context based on watched changes, recomputing project graph...
[NX v21.2.1 Daemon Server] - 2026-09-02T00:24:58.092Z - [REQUEST]: .nx/workspace-data/tsconfig-files.hash,.nx/workspace-data/tsc-2568428459166798129.hash,.nx/workspace-data/vite-9347777721732807074.hash,.nx/workspace-data/jest-7930610538513362720.hash,.nx/workspace-data/react-router-8507840353650169656.hash,.nx/workspace-data/eslint-2654242865465226088.hash,.nx/workspace-data/file-map.json,.nx/workspace-data/project-graph.json,.nx/workspace-data/source-maps.json
[NX v21.2.1 Daemon Server] - 2026-09-02T00:24:58.092Z - [REQUEST]: .nx/workspace-data/tsc-2568428459166798129.hash.34254.07c5acb0.tmp,.nx/workspace-data/tsconfig-files.hash.34254.7104487d.tmp,.nx/workspace-data/project-graph.json~d6f08e7a,.nx/workspace-data/source-maps.json~d6f08e7a,.nx/workspace-data/file-map.json~d6f08e7a
[NX v21.2.1 Daemon Server] - 2026-09-02T00:24:58.099Z - [REQUEST]: Responding to the client. handleHashMultiGlob
[NX v21.2.1 Daemon Server] - 2026-09-02T00:24:58.099Z - Done responding to the client handleHashMultiGlob
[NX v21.2.1 Daemon Server] - 2026-09-02T00:24:58.099Z - Handled HASH_GLOB. Handling time: 0. Response time: 0.
[NX v21.2.1 Daemon Server] - 2026-09-02T00:24:58.100Z - [REQUEST]: Responding to the client. handleGlob
[NX v21.2.1 Daemon Server] - 2026-09-02T00:24:58.100Z - Done responding to the client handleGlob
[NX v21.2.1 Daemon Server] - 2026-09-02T00:24:58.100Z - Handled GLOB. Handling time: 1. Response time: 0.
[NX v21.2.1 Daemon Server] - 2026-09-02T00:24:58.100Z - Time taken for 'hash changed files from watcher' 0.7382920000000013ms
[NX v21.2.1 Daemon Server] - 2026-09-02T00:24:58.102Z - [REQUEST]: Responding to the client. handleHashMultiGlob
[NX v21.2.1 Daemon Server] - 2026-09-02T00:24:58.102Z - Done responding to the client handleHashMultiGlob
[NX v21.2.1 Daemon Server] - 2026-09-02T00:24:58.102Z - Handled HASH_GLOB. Handling time: 2. Response time: 0.
[NX v21.2.1 Daemon Server] - 2026-09-02T00:24:58.106Z - [REQUEST]: Responding to the client. handleHashMultiGlob
[NX v21.2.1 Daemon Server] - 2026-09-02T00:24:58.106Z - Done responding to the client handleHashMultiGlob
[NX v21.2.1 Daemon Server] - 2026-09-02T00:24:58.106Z - Handled HASH_GLOB. Handling time: 3. Response time: 0.
[NX v21.2.1 Daemon Server] - 2026-09-02T00:24:58.111Z - [REQUEST]: Responding to the client. handleHashMultiGlob
[NX v21.2.1 Daemon Server] - 2026-09-02T00:24:58.111Z - Done responding to the client handleHashMultiGlob
[NX v21.2.1 Daemon Server] - 2026-09-02T00:24:58.111Z - Handled HASH_GLOB. Handling time: 4. Response time: 0.
[NX v21.2.1 Daemon Server] - 2026-09-02T00:24:58.129Z - Time taken for 'build-project-configs' 30.528167000000394ms
[NX v21.2.1 Daemon Server] - 2026-09-02T00:24:58.131Z - Time taken for '@nx/js/typescript:createDependencies' 5.017249999999876ms
[NX v21.2.1 Daemon Server] - 2026-09-02T00:24:58.131Z - Time taken for '@nx/vite/plugin:createDependencies' 4.035374999999476ms
[NX v21.2.1 Daemon Server] - 2026-09-02T00:24:58.143Z - [SYNC]: collect registered sync generators
[NX v21.2.1 Daemon Server] - 2026-09-02T00:24:58.143Z - [SYNC]: project graph hash is the same, not collecting task sync generators
[NX v21.2.1 Daemon Server] - 2026-09-02T00:24:58.143Z - [SYNC]: nx.json hash is the same, not collecting global sync generators
[NX v21.2.1 Daemon Server] - 2026-09-02T00:24:58.143Z - [SYNC]: scheduling: ["@nx/js:typescript-sync"]
[NX v21.2.1 Daemon Server] - 2026-09-02T00:24:58.143Z - [REQUEST]: Responding to the client. File watch changed
[NX v21.2.1 Daemon Server] - 2026-09-02T00:24:58.143Z - Done responding to the client File watch changed
[NX v21.2.1 Daemon Server] - 2026-09-02T00:24:58.143Z - Handled FILE-WATCH-CHANGED. Handling time: 0. Response time: 0.
[NX v21.2.1 Daemon Server] - 2026-09-02T00:24:58.143Z - Time taken for 'total execution time for createProjectGraph()' 12.164625000000342ms
[NX v21.2.1 Daemon Server] - 2026-09-02T00:24:58.162Z - [WATCHER]: 5 file(s) created or restored, 4 file(s) modified, 5 file(s) deleted
[NX v21.2.1 Daemon Server] - 2026-09-02T00:24:58.162Z - [REQUEST]: Responding to the client. File watch changed
[NX v21.2.1 Daemon Server] - 2026-09-02T00:24:58.162Z - Done responding to the client File watch changed
[NX v21.2.1 Daemon Server] - 2026-09-02T00:24:58.162Z - Handled FILE-WATCH-CHANGED. Handling time: 0. Response time: 0.
[NX v21.2.1 Daemon Server] - 2026-09-02T00:24:58.162Z - Time taken for 'changed-projects' 0.05387500000051659ms
[NX v21.2.1 Daemon Server] - 2026-09-02T00:24:58.263Z - [REQUEST]: Updated workspace context based on watched changes, recomputing project graph...
[NX v21.2.1 Daemon Server] - 2026-09-02T00:24:58.263Z - [REQUEST]: .nx/workspace-data/source-maps.json,.nx/workspace-data/file-map.json,.nx/workspace-data/project-graph.json,.nx/workspace-data/tsc-2568428459166798129.hash,.nx/workspace-data/tsconfig-files.hash,.nx/workspace-data/vite-9347777721732807074.hash,.nx/workspace-data/eslint-2654242865465226088.hash,.nx/workspace-data/react-router-8507840353650169656.hash,.nx/workspace-data/jest-7930610538513362720.hash
[NX v21.2.1 Daemon Server] - 2026-09-02T00:24:58.263Z - [REQUEST]: .nx/workspace-data/project-graph.json~3044fd38,.nx/workspace-data/source-maps.json~3044fd38,.nx/workspace-data/file-map.json~3044fd38,.nx/workspace-data/tsc-2568428459166798129.hash.34254.811d77ef.tmp,.nx/workspace-data/tsconfig-files.hash.34254.bf92309f.tmp
[NX v21.2.1 Daemon Server] - 2026-09-02T00:24:58.270Z - [REQUEST]: Responding to the client. handleHashMultiGlob
[NX v21.2.1 Daemon Server] - 2026-09-02T00:24:58.270Z - Done responding to the client handleHashMultiGlob
[NX v21.2.1 Daemon Server] - 2026-09-02T00:24:58.270Z - Handled HASH_GLOB. Handling time: 0. Response time: 0.
[NX v21.2.1 Daemon Server] - 2026-09-02T00:24:58.271Z - [REQUEST]: Responding to the client. handleGlob
[NX v21.2.1 Daemon Server] - 2026-09-02T00:24:58.271Z - Done responding to the client handleGlob
[NX v21.2.1 Daemon Server] - 2026-09-02T00:24:58.271Z - Handled GLOB. Handling time: 1. Response time: 0.
[NX v21.2.1 Daemon Server] - 2026-09-02T00:24:58.271Z - Time taken for 'hash changed files from watcher' 0.8658340000001772ms
[NX v21.2.1 Daemon Server] - 2026-09-02T00:24:58.274Z - [REQUEST]: Responding to the client. handleHashMultiGlob
[NX v21.2.1 Daemon Server] - 2026-09-02T00:24:58.274Z - Done responding to the client handleHashMultiGlob
[NX v21.2.1 Daemon Server] - 2026-09-02T00:24:58.274Z - Handled HASH_GLOB. Handling time: 3. Response time: 0.
[NX v21.2.1 Daemon Server] - 2026-09-02T00:24:58.276Z - [REQUEST]: Responding to the client. handleHashMultiGlob
[NX v21.2.1 Daemon Server] - 2026-09-02T00:24:58.276Z - Done responding to the client handleHashMultiGlob
[NX v21.2.1 Daemon Server] - 2026-09-02T00:24:58.276Z - Handled HASH_GLOB. Handling time: 1. Response time: 0.
[NX v21.2.1 Daemon Server] - 2026-09-02T00:24:58.280Z - [REQUEST]: Responding to the client. handleHashMultiGlob
[NX v21.2.1 Daemon Server] - 2026-09-02T00:24:58.280Z - Done responding to the client handleHashMultiGlob
[NX v21.2.1 Daemon Server] - 2026-09-02T00:24:58.280Z - Handled HASH_GLOB. Handling time: 4. Response time: 0.
[NX v21.2.1 Daemon Server] - 2026-09-02T00:24:58.300Z - Time taken for 'build-project-configs' 30.065209000000323ms
[NX v21.2.1 Daemon Server] - 2026-09-02T00:24:58.302Z - Time taken for '@nx/js/typescript:createDependencies' 5.134374999999636ms
[NX v21.2.1 Daemon Server] - 2026-09-02T00:24:58.302Z - Time taken for '@nx/vite/plugin:createDependencies' 4.101209000000381ms
[NX v21.2.1 Daemon Server] - 2026-09-02T00:24:58.314Z - [SYNC]: collect registered sync generators
[NX v21.2.1 Daemon Server] - 2026-09-02T00:24:58.314Z - [SYNC]: project graph hash is the same, not collecting task sync generators
[NX v21.2.1 Daemon Server] - 2026-09-02T00:24:58.314Z - [SYNC]: nx.json hash is the same, not collecting global sync generators
[NX v21.2.1 Daemon Server] - 2026-09-02T00:24:58.314Z - [SYNC]: scheduling: ["@nx/js:typescript-sync"]
[NX v21.2.1 Daemon Server] - 2026-09-02T00:24:58.314Z - [REQUEST]: Responding to the client. File watch changed
[NX v21.2.1 Daemon Server] - 2026-09-02T00:24:58.314Z - Done responding to the client File watch changed
[NX v21.2.1 Daemon Server] - 2026-09-02T00:24:58.315Z - Handled FILE-WATCH-CHANGED. Handling time: 0. Response time: 1.
[NX v21.2.1 Daemon Server] - 2026-09-02T00:24:58.315Z - Time taken for 'total execution time for createProjectGraph()' 12.409667000000809ms
[NX v21.2.1 Daemon Server] - 2026-09-02T00:24:58.333Z - [WATCHER]: 5 file(s) created or restored, 4 file(s) modified, 5 file(s) deleted
[NX v21.2.1 Daemon Server] - 2026-09-02T00:24:58.333Z - [REQUEST]: Responding to the client. File watch changed
[NX v21.2.1 Daemon Server] - 2026-09-02T00:24:58.333Z - Done responding to the client File watch changed
[NX v21.2.1 Daemon Server] - 2026-09-02T00:24:58.333Z - Handled FILE-WATCH-CHANGED. Handling time: 0. Response time: 0.
[NX v21.2.1 Daemon Server] - 2026-09-02T00:24:58.333Z - Time taken for 'changed-projects' 0.03137499999957072ms
[NX v21.2.1 Daemon Server] - 2026-09-02T00:24:58.435Z - [REQUEST]: Updated workspace context based on watched changes, recomputing project graph...
[NX v21.2.1 Daemon Server] - 2026-09-02T00:24:58.435Z - [REQUEST]: .nx/workspace-data/tsconfig-files.hash,.nx/workspace-data/file-map.json,.nx/workspace-data/project-graph.json,.nx/workspace-data/tsc-2568428459166798129.hash,.nx/workspace-data/source-maps.json,.nx/workspace-data/jest-7930610538513362720.hash,.nx/workspace-data/eslint-2654242865465226088.hash,.nx/workspace-data/vite-9347777721732807074.hash,.nx/workspace-data/react-router-8507840353650169656.hash
[NX v21.2.1 Daemon Server] - 2026-09-02T00:24:58.435Z - [REQUEST]: .nx/workspace-data/tsconfig-files.hash.34254.3cce1236.tmp,.nx/workspace-data/project-graph.json~ec7ae415,.nx/workspace-data/tsc-2568428459166798129.hash.34254.980e874d.tmp,.nx/workspace-data/source-maps.json~ec7ae415,.nx/workspace-data/file-map.json~ec7ae415
[NX v21.2.1 Daemon Server] - 2026-09-02T00:24:58.443Z - [REQUEST]: Responding to the client. handleHashMultiGlob
[NX v21.2.1 Daemon Server] - 2026-09-02T00:24:58.443Z - Done responding to the client handleHashMultiGlob
[NX v21.2.1 Daemon Server] - 2026-09-02T00:24:58.443Z - Handled HASH_GLOB. Handling time: 1. Response time: 0.
[NX v21.2.1 Daemon Server] - 2026-09-02T00:24:58.443Z - [REQUEST]: Responding to the client. handleGlob
[NX v21.2.1 Daemon Server] - 2026-09-02T00:24:58.443Z - Done responding to the client handleGlob
[NX v21.2.1 Daemon Server] - 2026-09-02T00:24:58.443Z - Handled GLOB. Handling time: 0. Response time: 0.
[NX v21.2.1 Daemon Server] - 2026-09-02T00:24:58.443Z - Time taken for 'hash changed files from watcher' 0.765041999999994ms
[NX v21.2.1 Daemon Server] - 2026-09-02T00:24:58.448Z - [REQUEST]: Responding to the client. handleHashMultiGlob
[NX v21.2.1 Daemon Server] - 2026-09-02T00:24:58.448Z - Done responding to the client handleHashMultiGlob
[NX v21.2.1 Daemon Server] - 2026-09-02T00:24:58.448Z - Handled HASH_GLOB. Handling time: 4. Response time: 0.
[NX v21.2.1 Daemon Server] - 2026-09-02T00:24:58.450Z - [REQUEST]: Responding to the client. handleHashMultiGlob
[NX v21.2.1 Daemon Server] - 2026-09-02T00:24:58.450Z - Done responding to the client handleHashMultiGlob
[NX v21.2.1 Daemon Server] - 2026-09-02T00:24:58.450Z - Handled HASH_GLOB. Handling time: 2. Response time: 0.
[NX v21.2.1 Daemon Server] - 2026-09-02T00:24:58.454Z - [REQUEST]: Responding to the client. handleHashMultiGlob
[NX v21.2.1 Daemon Server] - 2026-09-02T00:24:58.454Z - Done responding to the client handleHashMultiGlob
[NX v21.2.1 Daemon Server] - 2026-09-02T00:24:58.454Z - Handled HASH_GLOB. Handling time: 4. Response time: 0.
[NX v21.2.1 Daemon Server] - 2026-09-02T00:24:58.477Z - Time taken for 'build-project-configs' 33.838832999999795ms
[NX v21.2.1 Daemon Server] - 2026-09-02T00:24:58.479Z - Time taken for '@nx/vite/plugin:createDependencies' 5.927834000000075ms
[NX v21.2.1 Daemon Server] - 2026-09-02T00:24:58.480Z - Time taken for '@nx/js/typescript:createDependencies' 7.256916999999703ms
[NX v21.2.1 Daemon Server] - 2026-09-02T00:24:58.491Z - [SYNC]: collect registered sync generators
[NX v21.2.1 Daemon Server] - 2026-09-02T00:24:58.492Z - [SYNC]: project graph hash is the same, not collecting task sync generators
[NX v21.2.1 Daemon Server] - 2026-09-02T00:24:58.492Z - [SYNC]: nx.json hash is the same, not collecting global sync generators
[NX v21.2.1 Daemon Server] - 2026-09-02T00:24:58.492Z - [SYNC]: scheduling: ["@nx/js:typescript-sync"]
[NX v21.2.1 Daemon Server] - 2026-09-02T00:24:58.492Z - [REQUEST]: Responding to the client. File watch changed
[NX v21.2.1 Daemon Server] - 2026-09-02T00:24:58.492Z - Done responding to the client File watch changed
[NX v21.2.1 Daemon Server] - 2026-09-02T00:24:58.492Z - Handled FILE-WATCH-CHANGED. Handling time: 0. Response time: 0.
[NX v21.2.1 Daemon Server] - 2026-09-02T00:24:58.492Z - Time taken for 'total execution time for createProjectGraph()' 13.64825000000019ms
[NX v21.2.1 Daemon Server] - 2026-09-02T00:24:58.506Z - [WATCHER]: 5 file(s) created or restored, 4 file(s) modified, 5 file(s) deleted
[NX v21.2.1 Daemon Server] - 2026-09-02T00:24:58.506Z - [REQUEST]: Responding to the client. File watch changed
[NX v21.2.1 Daemon Server] - 2026-09-02T00:24:58.506Z - Done responding to the client File watch changed
[NX v21.2.1 Daemon Server] - 2026-09-02T00:24:58.506Z - Handled FILE-WATCH-CHANGED. Handling time: 0. Response time: 0.
[NX v21.2.1 Daemon Server] - 2026-09-02T00:24:58.506Z - Time taken for 'changed-projects' 0.038333999999849766ms
[NX v21.2.1 Daemon Server] - 2026-09-02T00:24:58.607Z - [REQUEST]: Updated workspace context based on watched changes, recomputing project graph...
[NX v21.2.1 Daemon Server] - 2026-09-02T00:24:58.607Z - [REQUEST]: .nx/workspace-data/project-graph.json,.nx/workspace-data/file-map.json,.nx/workspace-data/source-maps.json,.nx/workspace-data/tsconfig-files.hash,.nx/workspace-data/tsc-2568428459166798129.hash,.nx/workspace-data/jest-7930610538513362720.hash,.nx/workspace-data/vite-9347777721732807074.hash,.nx/workspace-data/eslint-2654242865465226088.hash,.nx/workspace-data/react-router-8507840353650169656.hash
[NX v21.2.1 Daemon Server] - 2026-09-02T00:24:58.607Z - [REQUEST]: .nx/workspace-data/source-maps.json~423c513c,.nx/workspace-data/project-graph.json~423c513c,.nx/workspace-data/file-map.json~423c513c,.nx/workspace-data/tsc-2568428459166798129.hash.34254.3f88e936.tmp,.nx/workspace-data/tsconfig-files.hash.34254.4472d48e.tmp
[NX v21.2.1 Daemon Server] - 2026-09-02T00:24:58.616Z - [REQUEST]: Responding to the client. handleHashMultiGlob
[NX v21.2.1 Daemon Server] - 2026-09-02T00:24:58.616Z - Done responding to the client handleHashMultiGlob
[NX v21.2.1 Daemon Server] - 2026-09-02T00:24:58.616Z - Handled HASH_GLOB. Handling time: 0. Response time: 0.
[NX v21.2.1 Daemon Server] - 2026-09-02T00:24:58.616Z - [REQUEST]: Responding to the client. handleGlob
[NX v21.2.1 Daemon Server] - 2026-09-02T00:24:58.616Z - Done responding to the client handleGlob
[NX v21.2.1 Daemon Server] - 2026-09-02T00:24:58.616Z - Handled GLOB. Handling time: 0. Response time: 0.
[NX v21.2.1 Daemon Server] - 2026-09-02T00:24:58.616Z - Time taken for 'hash changed files from watcher' 0.8082500000000437ms
[NX v21.2.1 Daemon Server] - 2026-09-02T00:24:58.621Z - [REQUEST]: Responding to the client. handleHashMultiGlob
[NX v21.2.1 Daemon Server] - 2026-09-02T00:24:58.621Z - Done responding to the client handleHashMultiGlob
[NX v21.2.1 Daemon Server] - 2026-09-02T00:24:58.621Z - Handled HASH_GLOB. Handling time: 4. Response time: 0.
[NX v21.2.1 Daemon Server] - 2026-09-02T00:24:58.623Z - [REQUEST]: Responding to the client. handleHashMultiGlob
[NX v21.2.1 Daemon Server] - 2026-09-02T00:24:58.623Z - Done responding to the client handleHashMultiGlob
[NX v21.2.1 Daemon Server] - 2026-09-02T00:24:58.623Z - Handled HASH_GLOB. Handling time: 2. Response time: 0.
[NX v21.2.1 Daemon Server] - 2026-09-02T00:24:58.627Z - [REQUEST]: Responding to the client. handleHashMultiGlob
[NX v21.2.1 Daemon Server] - 2026-09-02T00:24:58.627Z - Done responding to the client handleHashMultiGlob
[NX v21.2.1 Daemon Server] - 2026-09-02T00:24:58.627Z - Handled HASH_GLOB. Handling time: 4. Response time: 0.
[NX v21.2.1 Daemon Server] - 2026-09-02T00:24:58.646Z - Time taken for 'build-project-configs' 31.65587500000038ms
[NX v21.2.1 Daemon Server] - 2026-09-02T00:24:58.648Z - Time taken for '@nx/js/typescript:createDependencies' 5.212916999999834ms
[NX v21.2.1 Daemon Server] - 2026-09-02T00:24:58.648Z - Time taken for '@nx/vite/plugin:createDependencies' 4.154874999999265ms
[NX v21.2.1 Daemon Server] - 2026-09-02T00:24:58.659Z - [SYNC]: collect registered sync generators
[NX v21.2.1 Daemon Server] - 2026-09-02T00:24:58.659Z - [SYNC]: project graph hash is the same, not collecting task sync generators
[NX v21.2.1 Daemon Server] - 2026-09-02T00:24:58.659Z - [SYNC]: nx.json hash is the same, not collecting global sync generators
[NX v21.2.1 Daemon Server] - 2026-09-02T00:24:58.659Z - [SYNC]: scheduling: ["@nx/js:typescript-sync"]
[NX v21.2.1 Daemon Server] - 2026-09-02T00:24:58.659Z - [REQUEST]: Responding to the client. File watch changed
[NX v21.2.1 Daemon Server] - 2026-09-02T00:24:58.659Z - Done responding to the client File watch changed
[NX v21.2.1 Daemon Server] - 2026-09-02T00:24:58.659Z - Handled FILE-WATCH-CHANGED. Handling time: 0. Response time: 0.
[NX v21.2.1 Daemon Server] - 2026-09-02T00:24:58.659Z - Time taken for 'total execution time for createProjectGraph()' 11.729667000000518ms
[NX v21.2.1 Daemon Server] - 2026-09-02T00:24:58.680Z - [WATCHER]: 5 file(s) created or restored, 4 file(s) modified, 5 file(s) deleted
[NX v21.2.1 Daemon Server] - 2026-09-02T00:24:58.680Z - [REQUEST]: Responding to the client. File watch changed
[NX v21.2.1 Daemon Server] - 2026-09-02T00:24:58.680Z - Done responding to the client File watch changed
[NX v21.2.1 Daemon Server] - 2026-09-02T00:24:58.680Z - Handled FILE-WATCH-CHANGED. Handling time: 0. Response time: 0.
[NX v21.2.1 Daemon Server] - 2026-09-02T00:24:58.680Z - Time taken for 'changed-projects' 0.029833999999937078ms
[NX v21.2.1 Daemon Server] - 2026-09-02T00:24:58.781Z - [REQUEST]: Updated workspace context based on watched changes, recomputing project graph...
[NX v21.2.1 Daemon Server] - 2026-09-02T00:24:58.781Z - [REQUEST]: .nx/workspace-data/project-graph.json,.nx/workspace-data/tsc-2568428459166798129.hash,.nx/workspace-data/file-map.json,.nx/workspace-data/tsconfig-files.hash,.nx/workspace-data/source-maps.json,.nx/workspace-data/jest-7930610538513362720.hash,.nx/workspace-data/react-router-8507840353650169656.hash,.nx/workspace-data/eslint-2654242865465226088.hash,.nx/workspace-data/vite-9347777721732807074.hash
[NX v21.2.1 Daemon Server] - 2026-09-02T00:24:58.781Z - [REQUEST]: .nx/workspace-data/source-maps.json~e6102c90,.nx/workspace-data/tsc-2568428459166798129.hash.34254.85af4ffc.tmp,.nx/workspace-data/tsconfig-files.hash.34254.4096236f.tmp,.nx/workspace-data/project-graph.json~e6102c90,.nx/workspace-data/file-map.json~e6102c90
[NX v21.2.1 Daemon Server] - 2026-09-02T00:24:58.789Z - [REQUEST]: Responding to the client. handleHashMultiGlob
[NX v21.2.1 Daemon Server] - 2026-09-02T00:24:58.789Z - Done responding to the client handleHashMultiGlob
[NX v21.2.1 Daemon Server] - 2026-09-02T00:24:58.789Z - Handled HASH_GLOB. Handling time: 0. Response time: 0.
[NX v21.2.1 Daemon Server] - 2026-09-02T00:24:58.790Z - [REQUEST]: Responding to the client. handleGlob
[NX v21.2.1 Daemon Server] - 2026-09-02T00:24:58.790Z - Done responding to the client handleGlob
[NX v21.2.1 Daemon Server] - 2026-09-02T00:24:58.790Z - Handled GLOB. Handling time: 1. Response time: 0.
[NX v21.2.1 Daemon Server] - 2026-09-02T00:24:58.790Z - Time taken for 'hash changed files from watcher' 0.585041999999703ms
[NX v21.2.1 Daemon Server] - 2026-09-02T00:24:58.793Z - [REQUEST]: Responding to the client. handleHashMultiGlob
[NX v21.2.1 Daemon Server] - 2026-09-02T00:24:58.793Z - Done responding to the client handleHashMultiGlob
[NX v21.2.1 Daemon Server] - 2026-09-02T00:24:58.793Z - Handled HASH_GLOB. Handling time: 3. Response time: 0.
[NX v21.2.1 Daemon Server] - 2026-09-02T00:24:58.795Z - [REQUEST]: Responding to the client. handleHashMultiGlob
[NX v21.2.1 Daemon Server] - 2026-09-02T00:24:58.795Z - Done responding to the client handleHashMultiGlob
[NX v21.2.1 Daemon Server] - 2026-09-02T00:24:58.795Z - Handled HASH_GLOB. Handling time: 1. Response time: 0.
[NX v21.2.1 Daemon Server] - 2026-09-02T00:24:58.800Z - [REQUEST]: Responding to the client. handleHashMultiGlob
[NX v21.2.1 Daemon Server] - 2026-09-02T00:24:58.800Z - Done responding to the client handleHashMultiGlob
[NX v21.2.1 Daemon Server] - 2026-09-02T00:24:58.800Z - Handled HASH_GLOB. Handling time: 4. Response time: 0.
[NX v21.2.1 Daemon Server] - 2026-09-02T00:24:58.819Z - Time taken for 'build-project-configs' 31.751250000000255ms
[NX v21.2.1 Daemon Server] - 2026-09-02T00:24:58.821Z - Time taken for '@nx/js/typescript:createDependencies' 5.050916000000143ms
[NX v21.2.1 Daemon Server] - 2026-09-02T00:24:58.821Z - Time taken for '@nx/vite/plugin:createDependencies' 4.084959000000708ms
[NX v21.2.1 Daemon Server] - 2026-09-02T00:24:58.832Z - [SYNC]: collect registered sync generators
[NX v21.2.1 Daemon Server] - 2026-09-02T00:24:58.832Z - [SYNC]: project graph hash is the same, not collecting task sync generators
[NX v21.2.1 Daemon Server] - 2026-09-02T00:24:58.832Z - [SYNC]: nx.json hash is the same, not collecting global sync generators
[NX v21.2.1 Daemon Server] - 2026-09-02T00:24:58.832Z - [SYNC]: scheduling: ["@nx/js:typescript-sync"]
[NX v21.2.1 Daemon Server] - 2026-09-02T00:24:58.832Z - [REQUEST]: Responding to the client. File watch changed
[NX v21.2.1 Daemon Server] - 2026-09-02T00:24:58.832Z - Done responding to the client File watch changed
[NX v21.2.1 Daemon Server] - 2026-09-02T00:24:58.832Z - Handled FILE-WATCH-CHANGED. Handling time: 0. Response time: 0.
[NX v21.2.1 Daemon Server] - 2026-09-02T00:24:58.832Z - Time taken for 'total execution time for createProjectGraph()' 11.49579199999971ms
[NX v21.2.1 Daemon Server] - 2026-09-02T00:24:58.852Z - [WATCHER]: 5 file(s) created or restored, 4 file(s) modified, 5 file(s) deleted
[NX v21.2.1 Daemon Server] - 2026-09-02T00:24:58.852Z - [REQUEST]: Responding to the client. File watch changed
[NX v21.2.1 Daemon Server] - 2026-09-02T00:24:58.852Z - Done responding to the client File watch changed
[NX v21.2.1 Daemon Server] - 2026-09-02T00:24:58.852Z - Handled FILE-WATCH-CHANGED. Handling time: 0. Response time: 0.
[NX v21.2.1 Daemon Server] - 2026-09-02T00:24:58.852Z - Time taken for 'changed-projects' 0.024333000000297034ms
[NX v21.2.1 Daemon Server] - 2026-09-02T00:24:58.954Z - [REQUEST]: Updated workspace context based on watched changes, recomputing project graph...
[NX v21.2.1 Daemon Server] - 2026-09-02T00:24:58.954Z - [REQUEST]: .nx/workspace-data/tsc-2568428459166798129.hash,.nx/workspace-data/tsconfig-files.hash,.nx/workspace-data/project-graph.json,.nx/workspace-data/source-maps.json,.nx/workspace-data/file-map.json,.nx/workspace-data/eslint-2654242865465226088.hash,.nx/workspace-data/vite-9347777721732807074.hash,.nx/workspace-data/jest-7930610538513362720.hash,.nx/workspace-data/react-router-8507840353650169656.hash
[NX v21.2.1 Daemon Server] - 2026-09-02T00:24:58.954Z - [REQUEST]: .nx/workspace-data/source-maps.json~944aa260,.nx/workspace-data/tsc-2568428459166798129.hash.34254.df75cfc1.tmp,.nx/workspace-data/tsconfig-files.hash.34254.52336b9b.tmp,.nx/workspace-data/project-graph.json~944aa260,.nx/workspace-data/file-map.json~944aa260
[NX v21.2.1 Daemon Server] - 2026-09-02T00:24:58.961Z - [REQUEST]: Responding to the client. handleHashMultiGlob
[NX v21.2.1 Daemon Server] - 2026-09-02T00:24:58.961Z - Done responding to the client handleHashMultiGlob
[NX v21.2.1 Daemon Server] - 2026-09-02T00:24:58.961Z - Handled HASH_GLOB. Handling time: 0. Response time: 0.
[NX v21.2.1 Daemon Server] - 2026-09-02T00:24:58.961Z - [REQUEST]: Responding to the client. handleGlob
[NX v21.2.1 Daemon Server] - 2026-09-02T00:24:58.961Z - Done responding to the client handleGlob
[NX v21.2.1 Daemon Server] - 2026-09-02T00:24:58.961Z - Handled GLOB. Handling time: 0. Response time: 0.
[NX v21.2.1 Daemon Server] - 2026-09-02T00:24:58.961Z - Time taken for 'hash changed files from watcher' 0.7329579999995985ms
[NX v21.2.1 Daemon Server] - 2026-09-02T00:24:58.965Z - [REQUEST]: Responding to the client. handleHashMultiGlob
[NX v21.2.1 Daemon Server] - 2026-09-02T00:24:58.965Z - Done responding to the client handleHashMultiGlob
[NX v21.2.1 Daemon Server] - 2026-09-02T00:24:58.965Z - Handled HASH_GLOB. Handling time: 3. Response time: 0.
[NX v21.2.1 Daemon Server] - 2026-09-02T00:24:58.967Z - [REQUEST]: Responding to the client. handleHashMultiGlob
[NX v21.2.1 Daemon Server] - 2026-09-02T00:24:58.967Z - Done responding to the client handleHashMultiGlob
[NX v21.2.1 Daemon Server] - 2026-09-02T00:24:58.967Z - Handled HASH_GLOB. Handling time: 2. Response time: 0.
[NX v21.2.1 Daemon Server] - 2026-09-02T00:24:58.971Z - [REQUEST]: Responding to the client. handleHashMultiGlob
[NX v21.2.1 Daemon Server] - 2026-09-02T00:24:58.971Z - Done responding to the client handleHashMultiGlob
[NX v21.2.1 Daemon Server] - 2026-09-02T00:24:58.971Z - Handled HASH_GLOB. Handling time: 4. Response time: 0.
[NX v21.2.1 Daemon Server] - 2026-09-02T00:24:58.989Z - Time taken for 'build-project-configs' 28.87195900000006ms
[NX v21.2.1 Daemon Server] - 2026-09-02T00:24:58.991Z - Time taken for '@nx/js/typescript:createDependencies' 5.160165999999663ms
[NX v21.2.1 Daemon Server] - 2026-09-02T00:24:59.004Z - [SYNC]: collect registered sync generators
[NX v21.2.1 Daemon Server] - 2026-09-02T00:24:59.005Z - [SYNC]: project graph hash is the same, not collecting task sync generators
[NX v21.2.1 Daemon Server] - 2026-09-02T00:24:59.005Z - [SYNC]: nx.json hash is the same, not collecting global sync generators
[NX v21.2.1 Daemon Server] - 2026-09-02T00:24:59.005Z - [SYNC]: scheduling: ["@nx/js:typescript-sync"]
[NX v21.2.1 Daemon Server] - 2026-09-02T00:24:59.005Z - [REQUEST]: Responding to the client. File watch changed
[NX v21.2.1 Daemon Server] - 2026-09-02T00:24:59.005Z - Done responding to the client File watch changed
[NX v21.2.1 Daemon Server] - 2026-09-02T00:24:59.005Z - Handled FILE-WATCH-CHANGED. Handling time: 0. Response time: 0.
[NX v21.2.1 Daemon Server] - 2026-09-02T00:24:59.005Z - Time taken for 'total execution time for createProjectGraph()' 13.76666699999987ms
[NX v21.2.1 Daemon Server] - 2026-09-02T00:24:59.023Z - [WATCHER]: 5 file(s) created or restored, 4 file(s) modified, 5 file(s) deleted
[NX v21.2.1 Daemon Server] - 2026-09-02T00:24:59.023Z - [REQUEST]: Responding to the client. File watch changed
[NX v21.2.1 Daemon Server] - 2026-09-02T00:24:59.023Z - Done responding to the client File watch changed
[NX v21.2.1 Daemon Server] - 2026-09-02T00:24:59.023Z - Handled FILE-WATCH-CHANGED. Handling time: 0. Response time: 0.
[NX v21.2.1 Daemon Server] - 2026-09-02T00:24:59.023Z - Time taken for 'changed-projects' 0.02554099999997561ms
[NX v21.2.1 Daemon Server] - 2026-09-02T00:24:59.124Z - [REQUEST]: Updated workspace context based on watched changes, recomputing project graph...
[NX v21.2.1 Daemon Server] - 2026-09-02T00:24:59.124Z - [REQUEST]: .nx/workspace-data/source-maps.json,.nx/workspace-data/tsconfig-files.hash,.nx/workspace-data/tsc-2568428459166798129.hash,.nx/workspace-data/project-graph.json,.nx/workspace-data/file-map.json,.nx/workspace-data/react-router-8507840353650169656.hash,.nx/workspace-data/eslint-2654242865465226088.hash,.nx/workspace-data/vite-9347777721732807074.hash,.nx/workspace-data/jest-7930610538513362720.hash
[NX v21.2.1 Daemon Server] - 2026-09-02T00:24:59.124Z - [REQUEST]: .nx/workspace-data/project-graph.json~19e65ed7,.nx/workspace-data/tsc-2568428459166798129.hash.34254.464ba196.tmp,.nx/workspace-data/tsconfig-files.hash.34254.d0343788.tmp,.nx/workspace-data/source-maps.json~19e65ed7,.nx/workspace-data/file-map.json~19e65ed7
[NX v21.2.1 Daemon Server] - 2026-09-02T00:24:59.132Z - [REQUEST]: Responding to the client. handleHashMultiGlob
[NX v21.2.1 Daemon Server] - 2026-09-02T00:24:59.132Z - Done responding to the client handleHashMultiGlob
[NX v21.2.1 Daemon Server] - 2026-09-02T00:24:59.132Z - Handled HASH_GLOB. Handling time: 0. Response time: 0.
[NX v21.2.1 Daemon Server] - 2026-09-02T00:24:59.133Z - [REQUEST]: Responding to the client. handleGlob
[NX v21.2.1 Daemon Server] - 2026-09-02T00:24:59.133Z - Done responding to the client handleGlob
[NX v21.2.1 Daemon Server] - 2026-09-02T00:24:59.133Z - Handled GLOB. Handling time: 1. Response time: 0.
[NX v21.2.1 Daemon Server] - 2026-09-02T00:24:59.133Z - Time taken for 'hash changed files from watcher' 0.8645830000004935ms
[NX v21.2.1 Daemon Server] - 2026-09-02T00:24:59.136Z - [REQUEST]: Responding to the client. handleHashMultiGlob
[NX v21.2.1 Daemon Server] - 2026-09-02T00:24:59.136Z - Done responding to the client handleHashMultiGlob
[NX v21.2.1 Daemon Server] - 2026-09-02T00:24:59.136Z - Handled HASH_GLOB. Handling time: 3. Response time: 0.
[NX v21.2.1 Daemon Server] - 2026-09-02T00:24:59.138Z - [REQUEST]: Responding to the client. handleHashMultiGlob
[NX v21.2.1 Daemon Server] - 2026-09-02T00:24:59.138Z - Done responding to the client handleHashMultiGlob
[NX v21.2.1 Daemon Server] - 2026-09-02T00:24:59.138Z - Handled HASH_GLOB. Handling time: 2. Response time: 0.
[NX v21.2.1 Daemon Server] - 2026-09-02T00:24:59.142Z - [REQUEST]: Responding to the client. handleHashMultiGlob
[NX v21.2.1 Daemon Server] - 2026-09-02T00:24:59.142Z - Done responding to the client handleHashMultiGlob
[NX v21.2.1 Daemon Server] - 2026-09-02T00:24:59.142Z - Handled HASH_GLOB. Handling time: 4. Response time: 0.
[NX v21.2.1 Daemon Server] - 2026-09-02T00:24:59.161Z - Time taken for 'build-project-configs' 29.49383300000045ms
[NX v21.2.1 Daemon Server] - 2026-09-02T00:24:59.163Z - Time taken for '@nx/js/typescript:createDependencies' 5.693708000000697ms
[NX v21.2.1 Daemon Server] - 2026-09-02T00:24:59.163Z - Time taken for '@nx/vite/plugin:createDependencies' 4.621874999999818ms
[NX v21.2.1 Daemon Server] - 2026-09-02T00:24:59.174Z - [SYNC]: collect registered sync generators
[NX v21.2.1 Daemon Server] - 2026-09-02T00:24:59.175Z - [SYNC]: project graph hash is the same, not collecting task sync generators
[NX v21.2.1 Daemon Server] - 2026-09-02T00:24:59.175Z - [SYNC]: nx.json hash is the same, not collecting global sync generators
[NX v21.2.1 Daemon Server] - 2026-09-02T00:24:59.175Z - [SYNC]: scheduling: ["@nx/js:typescript-sync"]
[NX v21.2.1 Daemon Server] - 2026-09-02T00:24:59.175Z - [REQUEST]: Responding to the client. File watch changed
[NX v21.2.1 Daemon Server] - 2026-09-02T00:24:59.175Z - Done responding to the client File watch changed
[NX v21.2.1 Daemon Server] - 2026-09-02T00:24:59.175Z - Handled FILE-WATCH-CHANGED. Handling time: 0. Response time: 0.
[NX v21.2.1 Daemon Server] - 2026-09-02T00:24:59.175Z - Time taken for 'total execution time for createProjectGraph()' 12.458542000000307ms
[NX v21.2.1 Daemon Server] - 2026-09-02T00:24:59.196Z - [WATCHER]: 5 file(s) created or restored, 4 file(s) modified, 5 file(s) deleted
[NX v21.2.1 Daemon Server] - 2026-09-02T00:24:59.196Z - [REQUEST]: Responding to the client. File watch changed
[NX v21.2.1 Daemon Server] - 2026-09-02T00:24:59.196Z - Done responding to the client File watch changed
[NX v21.2.1 Daemon Server] - 2026-09-02T00:24:59.196Z - Handled FILE-WATCH-CHANGED. Handling time: 0. Response time: 0.
[NX v21.2.1 Daemon Server] - 2026-09-02T00:24:59.197Z - Time taken for 'changed-projects' 0.029666999999790278ms
[NX v21.2.1 Daemon Server] - 2026-09-02T00:24:59.215Z - [SYNC]: running scheduled generator @nx/js:typescript-sync
[NX v21.2.1 Daemon Server] - 2026-09-02T00:24:59.215Z - [REQUEST]: Client Request for Project Graph Received
[NX v21.2.1 Daemon Server] - 2026-09-02T00:24:59.216Z - [REQUEST]: Updated workspace context based on watched changes, recomputing project graph...
[NX v21.2.1 Daemon Server] - 2026-09-02T00:24:59.216Z - [REQUEST]: .nx/workspace-data/tsc-2568428459166798129.hash,.nx/workspace-data/project-graph.json,.nx/workspace-data/source-maps.json,.nx/workspace-data/tsconfig-files.hash,.nx/workspace-data/file-map.json,.nx/workspace-data/vite-9347777721732807074.hash,.nx/workspace-data/react-router-8507840353650169656.hash,.nx/workspace-data/jest-7930610538513362720.hash,.nx/workspace-data/eslint-2654242865465226088.hash
[NX v21.2.1 Daemon Server] - 2026-09-02T00:24:59.216Z - [REQUEST]: .nx/workspace-data/project-graph.json~c74d0c95,.nx/workspace-data/tsc-2568428459166798129.hash.34254.a1972a6f.tmp,.nx/workspace-data/file-map.json~c74d0c95,.nx/workspace-data/tsconfig-files.hash.34254.e6d9872e.tmp,.nx/workspace-data/source-maps.json~c74d0c95
[NX v21.2.1 Daemon Server] - 2026-09-02T00:24:59.222Z - Time taken for 'hash changed files from watcher' 0.5534999999999854ms
[NX v21.2.1 Daemon Server] - 2026-09-02T00:24:59.222Z - [REQUEST]: Responding to the client. handleHashMultiGlob
[NX v21.2.1 Daemon Server] - 2026-09-02T00:24:59.222Z - Done responding to the client handleHashMultiGlob
[NX v21.2.1 Daemon Server] - 2026-09-02T00:24:59.222Z - Handled HASH_GLOB. Handling time: 0. Response time: 0.
[NX v21.2.1 Daemon Server] - 2026-09-02T00:24:59.223Z - [REQUEST]: Responding to the client. handleGlob
[NX v21.2.1 Daemon Server] - 2026-09-02T00:24:59.223Z - Done responding to the client handleGlob
[NX v21.2.1 Daemon Server] - 2026-09-02T00:24:59.223Z - Handled GLOB. Handling time: 1. Response time: 0.
[NX v21.2.1 Daemon Server] - 2026-09-02T00:24:59.226Z - [REQUEST]: Responding to the client. handleHashMultiGlob
[NX v21.2.1 Daemon Server] - 2026-09-02T00:24:59.226Z - Done responding to the client handleHashMultiGlob
[NX v21.2.1 Daemon Server] - 2026-09-02T00:24:59.226Z - Handled HASH_GLOB. Handling time: 3. Response time: 0.
[NX v21.2.1 Daemon Server] - 2026-09-02T00:24:59.228Z - [REQUEST]: Responding to the client. handleHashMultiGlob
[NX v21.2.1 Daemon Server] - 2026-09-02T00:24:59.228Z - Done responding to the client handleHashMultiGlob
[NX v21.2.1 Daemon Server] - 2026-09-02T00:24:59.228Z - Handled HASH_GLOB. Handling time: 1. Response time: 0.
[NX v21.2.1 Daemon Server] - 2026-09-02T00:24:59.232Z - [REQUEST]: Responding to the client. handleHashMultiGlob
[NX v21.2.1 Daemon Server] - 2026-09-02T00:24:59.232Z - Done responding to the client handleHashMultiGlob
[NX v21.2.1 Daemon Server] - 2026-09-02T00:24:59.232Z - Handled HASH_GLOB. Handling time: 4. Response time: 0.
[NX v21.2.1 Daemon Server] - 2026-09-02T00:24:59.250Z - Time taken for 'build-project-configs' 28.002124999999978ms
[NX v21.2.1 Daemon Server] - 2026-09-02T00:24:59.252Z - Time taken for '@nx/js/typescript:createDependencies' 4.952041999999892ms
[NX v21.2.1 Daemon Server] - 2026-09-02T00:24:59.252Z - Time taken for '@nx/vite/plugin:createDependencies' 3.9047499999996944ms
[NX v21.2.1 Daemon Server] - 2026-09-02T00:24:59.263Z - [SYNC]: collect registered sync generators
[NX v21.2.1 Daemon Server] - 2026-09-02T00:24:59.263Z - [SYNC]: project graph hash is the same, not collecting task sync generators
[NX v21.2.1 Daemon Server] - 2026-09-02T00:24:59.263Z - [SYNC]: nx.json hash is the same, not collecting global sync generators
[NX v21.2.1 Daemon Server] - 2026-09-02T00:24:59.263Z - [SYNC]: scheduling: ["@nx/js:typescript-sync"]
[NX v21.2.1 Daemon Server] - 2026-09-02T00:24:59.263Z - [REQUEST]: Responding to the client. project-graph
[NX v21.2.1 Daemon Server] - 2026-09-02T00:24:59.264Z - Time taken for 'total for creating and serializing project graph' 47.96349999999984ms
[NX v21.2.1 Daemon Server] - 2026-09-02T00:24:59.265Z - Done responding to the client project-graph
[NX v21.2.1 Daemon Server] - 2026-09-02T00:24:59.265Z - Handled REQUEST_PROJECT_GRAPH. Handling time: 48. Response time: 2.
[NX v21.2.1 Daemon Server] - 2026-09-02T00:24:59.270Z - [SYNC]: @nx/js:typescript-sync changes: 
[NX v21.2.1 Daemon Server] - 2026-09-02T00:24:59.270Z - Time taken for 'run-sync-generator:@nx/js:typescript-sync' 55.71458299999995ms
[NX v21.2.1 Daemon Server] - 2026-09-02T00:24:59.286Z - [WATCHER]: 5 file(s) created or restored, 4 file(s) modified, 5 file(s) deleted
[NX v21.2.1 Daemon Server] - 2026-09-02T00:24:59.287Z - [REQUEST]: Responding to the client. File watch changed
[NX v21.2.1 Daemon Server] - 2026-09-02T00:24:59.287Z - Done responding to the client File watch changed
[NX v21.2.1 Daemon Server] - 2026-09-02T00:24:59.287Z - Handled FILE-WATCH-CHANGED. Handling time: 0. Response time: 0.
[NX v21.2.1 Daemon Server] - 2026-09-02T00:24:59.287Z - Time taken for 'changed-projects' 0.035709000000679225ms
[NX v21.2.1 Daemon Server] - 2026-09-02T00:24:59.388Z - [REQUEST]: Updated workspace context based on watched changes, recomputing project graph...
[NX v21.2.1 Daemon Server] - 2026-09-02T00:24:59.388Z - [REQUEST]: .nx/workspace-data/file-map.json,.nx/workspace-data/tsconfig-files.hash,.nx/workspace-data/tsc-2568428459166798129.hash,.nx/workspace-data/project-graph.json,.nx/workspace-data/source-maps.json,.nx/workspace-data/react-router-8507840353650169656.hash,.nx/workspace-data/eslint-2654242865465226088.hash,.nx/workspace-data/jest-7930610538513362720.hash,.nx/workspace-data/vite-9347777721732807074.hash
[NX v21.2.1 Daemon Server] - 2026-09-02T00:24:59.388Z - [REQUEST]: .nx/workspace-data/file-map.json~b4e0cad4,.nx/workspace-data/tsconfig-files.hash.34254.e2c15803.tmp,.nx/workspace-data/project-graph.json~b4e0cad4,.nx/workspace-data/tsc-2568428459166798129.hash.34254.05821c85.tmp,.nx/workspace-data/source-maps.json~b4e0cad4
[NX v21.2.1 Daemon Server] - 2026-09-02T00:24:59.395Z - [REQUEST]: Responding to the client. handleHashMultiGlob
[NX v21.2.1 Daemon Server] - 2026-09-02T00:24:59.395Z - Done responding to the client handleHashMultiGlob
[NX v21.2.1 Daemon Server] - 2026-09-02T00:24:59.395Z - Handled HASH_GLOB. Handling time: 0. Response time: 0.
[NX v21.2.1 Daemon Server] - 2026-09-02T00:24:59.396Z - [REQUEST]: Responding to the client. handleGlob
[NX v21.2.1 Daemon Server] - 2026-09-02T00:24:59.396Z - Done responding to the client handleGlob
[NX v21.2.1 Daemon Server] - 2026-09-02T00:24:59.396Z - Handled GLOB. Handling time: 1. Response time: 0.
[NX v21.2.1 Daemon Server] - 2026-09-02T00:24:59.396Z - Time taken for 'hash changed files from watcher' 0.7730000000001382ms
[NX v21.2.1 Daemon Server] - 2026-09-02T00:24:59.400Z - [REQUEST]: Responding to the client. handleHashMultiGlob
[NX v21.2.1 Daemon Server] - 2026-09-02T00:24:59.400Z - Done responding to the client handleHashMultiGlob
[NX v21.2.1 Daemon Server] - 2026-09-02T00:24:59.400Z - Handled HASH_GLOB. Handling time: 4. Response time: 0.
[NX v21.2.1 Daemon Server] - 2026-09-02T00:24:59.401Z - [REQUEST]: Responding to the client. handleHashMultiGlob
[NX v21.2.1 Daemon Server] - 2026-09-02T00:24:59.402Z - Done responding to the client handleHashMultiGlob
[NX v21.2.1 Daemon Server] - 2026-09-02T00:24:59.402Z - Handled HASH_GLOB. Handling time: 1. Response time: 1.
[NX v21.2.1 Daemon Server] - 2026-09-02T00:24:59.406Z - [REQUEST]: Responding to the client. handleHashMultiGlob
[NX v21.2.1 Daemon Server] - 2026-09-02T00:24:59.406Z - Done responding to the client handleHashMultiGlob
[NX v21.2.1 Daemon Server] - 2026-09-02T00:24:59.406Z - Handled HASH_GLOB. Handling time: 4. Response time: 0.
[NX v21.2.1 Daemon Server] - 2026-09-02T00:24:59.425Z - Time taken for 'build-project-configs' 30.477332999999817ms
[NX v21.2.1 Daemon Server] - 2026-09-02T00:24:59.427Z - Time taken for '@nx/js/typescript:createDependencies' 5.229667000000518ms
[NX v21.2.1 Daemon Server] - 2026-09-02T00:24:59.427Z - Time taken for '@nx/vite/plugin:createDependencies' 4.19366699999955ms
[NX v21.2.1 Daemon Server] - 2026-09-02T00:24:59.446Z - [SYNC]: collect registered sync generators
[NX v21.2.1 Daemon Server] - 2026-09-02T00:24:59.446Z - [SYNC]: project graph hash is the same, not collecting task sync generators
[NX v21.2.1 Daemon Server] - 2026-09-02T00:24:59.446Z - [SYNC]: nx.json hash is the same, not collecting global sync generators
[NX v21.2.1 Daemon Server] - 2026-09-02T00:24:59.446Z - [SYNC]: scheduling: ["@nx/js:typescript-sync"]
[NX v21.2.1 Daemon Server] - 2026-09-02T00:24:59.446Z - [REQUEST]: Responding to the client. File watch changed
[NX v21.2.1 Daemon Server] - 2026-09-02T00:24:59.446Z - Done responding to the client File watch changed
[NX v21.2.1 Daemon Server] - 2026-09-02T00:24:59.446Z - Handled FILE-WATCH-CHANGED. Handling time: 0. Response time: 0.
[NX v21.2.1 Daemon Server] - 2026-09-02T00:24:59.446Z - Time taken for 'total execution time for createProjectGraph()' 18.52666700000009ms
[NX v21.2.1 Daemon Server] - 2026-09-02T00:24:59.457Z - [WATCHER]: 4 file(s) created or restored, 4 file(s) modified, 4 file(s) deleted
[NX v21.2.1 Daemon Server] - 2026-09-02T00:24:59.457Z - [REQUEST]: Responding to the client. File watch changed
[NX v21.2.1 Daemon Server] - 2026-09-02T00:24:59.457Z - Done responding to the client File watch changed
[NX v21.2.1 Daemon Server] - 2026-09-02T00:24:59.457Z - Handled FILE-WATCH-CHANGED. Handling time: 0. Response time: 0.
[NX v21.2.1 Daemon Server] - 2026-09-02T00:24:59.457Z - Time taken for 'changed-projects' 0.030749999999898137ms
[NX v21.2.1 Daemon Server] - 2026-09-02T00:24:59.509Z - [WATCHER]: 2 file(s) created or restored, 0 file(s) modified, 2 file(s) deleted
[NX v21.2.1 Daemon Server] - 2026-09-02T00:24:59.509Z - [REQUEST]: Responding to the client. File watch changed
[NX v21.2.1 Daemon Server] - 2026-09-02T00:24:59.509Z - Done responding to the client File watch changed
[NX v21.2.1 Daemon Server] - 2026-09-02T00:24:59.509Z - Handled FILE-WATCH-CHANGED. Handling time: 0. Response time: 0.
[NX v21.2.1 Daemon Server] - 2026-09-02T00:24:59.509Z - Time taken for 'changed-projects' 0.0281249999998181ms
[NX v21.2.1 Daemon Server] - 2026-09-02T00:24:59.558Z - [REQUEST]: Updated workspace context based on watched changes, recomputing project graph...
[NX v21.2.1 Daemon Server] - 2026-09-02T00:24:59.558Z - [REQUEST]: .nx/workspace-data/tsconfig-files.hash,.nx/workspace-data/project-graph.json,.nx/workspace-data/source-maps.json,.nx/workspace-data/tsc-2568428459166798129.hash,.nx/workspace-data/react-router-8507840353650169656.hash,.nx/workspace-data/jest-7930610538513362720.hash,.nx/workspace-data/eslint-2654242865465226088.hash,.nx/workspace-data/vite-9347777721732807074.hash,.nx/workspace-data/file-map.json
[NX v21.2.1 Daemon Server] - 2026-09-02T00:24:59.558Z - [REQUEST]: .nx/workspace-data/project-graph.json~d1d94944,.nx/workspace-data/tsc-2568428459166798129.hash.34254.3700bba0.tmp,.nx/workspace-data/source-maps.json~d1d94944,.nx/workspace-data/tsconfig-files.hash.34254.43aa332c.tmp,.nx/workspace-data/file-map.json~d1d94944
[NX v21.2.1 Daemon Server] - 2026-09-02T00:24:59.566Z - [REQUEST]: Responding to the client. handleHashMultiGlob
[NX v21.2.1 Daemon Server] - 2026-09-02T00:24:59.566Z - Done responding to the client handleHashMultiGlob
[NX v21.2.1 Daemon Server] - 2026-09-02T00:24:59.566Z - Handled HASH_GLOB. Handling time: 0. Response time: 0.
[NX v21.2.1 Daemon Server] - 2026-09-02T00:24:59.566Z - [REQUEST]: Responding to the client. handleGlob
[NX v21.2.1 Daemon Server] - 2026-09-02T00:24:59.566Z - Done responding to the client handleGlob
[NX v21.2.1 Daemon Server] - 2026-09-02T00:24:59.566Z - Handled GLOB. Handling time: 0. Response time: 0.
[NX v21.2.1 Daemon Server] - 2026-09-02T00:24:59.566Z - Time taken for 'hash changed files from watcher' 0.9087079999999332ms
[NX v21.2.1 Daemon Server] - 2026-09-02T00:24:59.570Z - [REQUEST]: Responding to the client. handleHashMultiGlob
[NX v21.2.1 Daemon Server] - 2026-09-02T00:24:59.571Z - Done responding to the client handleHashMultiGlob
[NX v21.2.1 Daemon Server] - 2026-09-02T00:24:59.571Z - Handled HASH_GLOB. Handling time: 3. Response time: 1.
[NX v21.2.1 Daemon Server] - 2026-09-02T00:24:59.573Z - [REQUEST]: Responding to the client. handleHashMultiGlob
[NX v21.2.1 Daemon Server] - 2026-09-02T00:24:59.573Z - Done responding to the client handleHashMultiGlob
[NX v21.2.1 Daemon Server] - 2026-09-02T00:24:59.573Z - Handled HASH_GLOB. Handling time: 2. Response time: 0.
[NX v21.2.1 Daemon Server] - 2026-09-02T00:24:59.577Z - [REQUEST]: Responding to the client. handleHashMultiGlob
[NX v21.2.1 Daemon Server] - 2026-09-02T00:24:59.577Z - Done responding to the client handleHashMultiGlob
[NX v21.2.1 Daemon Server] - 2026-09-02T00:24:59.577Z - Handled HASH_GLOB. Handling time: 4. Response time: 0.
[NX v21.2.1 Daemon Server] - 2026-09-02T00:24:59.598Z - Time taken for 'build-project-configs' 32.4175409999998ms
[NX v21.2.1 Daemon Server] - 2026-09-02T00:24:59.601Z - Time taken for '@nx/js/typescript:createDependencies' 6.397291000000223ms
[NX v21.2.1 Daemon Server] - 2026-09-02T00:24:59.614Z - [SYNC]: collect registered sync generators
[NX v21.2.1 Daemon Server] - 2026-09-02T00:24:59.615Z - [SYNC]: project graph hash is the same, not collecting task sync generators
[NX v21.2.1 Daemon Server] - 2026-09-02T00:24:59.615Z - [SYNC]: nx.json hash is the same, not collecting global sync generators
[NX v21.2.1 Daemon Server] - 2026-09-02T00:24:59.615Z - [SYNC]: scheduling: ["@nx/js:typescript-sync"]
[NX v21.2.1 Daemon Server] - 2026-09-02T00:24:59.615Z - [REQUEST]: Responding to the client. File watch changed
[NX v21.2.1 Daemon Server] - 2026-09-02T00:24:59.615Z - Done responding to the client File watch changed
[NX v21.2.1 Daemon Server] - 2026-09-02T00:24:59.615Z - Handled FILE-WATCH-CHANGED. Handling time: 0. Response time: 0.
[NX v21.2.1 Daemon Server] - 2026-09-02T00:24:59.615Z - Time taken for 'total execution time for createProjectGraph()' 14.10991600000034ms
[NX v21.2.1 Daemon Server] - 2026-09-02T00:24:59.629Z - [WATCHER]: 5 file(s) created or restored, 4 file(s) modified, 5 file(s) deleted
[NX v21.2.1 Daemon Server] - 2026-09-02T00:24:59.629Z - [REQUEST]: Responding to the client. File watch changed
[NX v21.2.1 Daemon Server] - 2026-09-02T00:24:59.629Z - Done responding to the client File watch changed
[NX v21.2.1 Daemon Server] - 2026-09-02T00:24:59.629Z - Handled FILE-WATCH-CHANGED. Handling time: 0. Response time: 0.
[NX v21.2.1 Daemon Server] - 2026-09-02T00:24:59.629Z - Time taken for 'changed-projects' 0.031083000000762695ms
[NX v21.2.1 Daemon Server] - 2026-09-02T00:24:59.730Z - [REQUEST]: Updated workspace context based on watched changes, recomputing project graph...
[NX v21.2.1 Daemon Server] - 2026-09-02T00:24:59.730Z - [REQUEST]: .nx/workspace-data/file-map.json,.nx/workspace-data/source-maps.json,.nx/workspace-data/project-graph.json,.nx/workspace-data/tsconfig-files.hash,.nx/workspace-data/tsc-2568428459166798129.hash,.nx/workspace-data/jest-7930610538513362720.hash,.nx/workspace-data/react-router-8507840353650169656.hash,.nx/workspace-data/eslint-2654242865465226088.hash,.nx/workspace-data/vite-9347777721732807074.hash
[NX v21.2.1 Daemon Server] - 2026-09-02T00:24:59.730Z - [REQUEST]: .nx/workspace-data/source-maps.json~f11bd728,.nx/workspace-data/file-map.json~f11bd728,.nx/workspace-data/tsc-2568428459166798129.hash.34254.70563009.tmp,.nx/workspace-data/tsconfig-files.hash.34254.e71695a9.tmp,.nx/workspace-data/project-graph.json~f11bd728
[NX v21.2.1 Daemon Server] - 2026-09-02T00:24:59.737Z - [REQUEST]: Responding to the client. handleHashMultiGlob
[NX v21.2.1 Daemon Server] - 2026-09-02T00:24:59.737Z - Done responding to the client handleHashMultiGlob
[NX v21.2.1 Daemon Server] - 2026-09-02T00:24:59.737Z - Handled HASH_GLOB. Handling time: 0. Response time: 0.
[NX v21.2.1 Daemon Server] - 2026-09-02T00:24:59.739Z - [REQUEST]: Responding to the client. handleGlob
[NX v21.2.1 Daemon Server] - 2026-09-02T00:24:59.739Z - Done responding to the client handleGlob
[NX v21.2.1 Daemon Server] - 2026-09-02T00:24:59.739Z - Handled GLOB. Handling time: 1. Response time: 0.
[NX v21.2.1 Daemon Server] - 2026-09-02T00:24:59.739Z - Time taken for 'hash changed files from watcher' 0.6662920000007944ms
[NX v21.2.1 Daemon Server] - 2026-09-02T00:24:59.742Z - [REQUEST]: Responding to the client. handleHashMultiGlob
[NX v21.2.1 Daemon Server] - 2026-09-02T00:24:59.742Z - Done responding to the client handleHashMultiGlob
[NX v21.2.1 Daemon Server] - 2026-09-02T00:24:59.742Z - Handled HASH_GLOB. Handling time: 3. Response time: 0.
[NX v21.2.1 Daemon Server] - 2026-09-02T00:24:59.745Z - [REQUEST]: Responding to the client. handleHashMultiGlob
[NX v21.2.1 Daemon Server] - 2026-09-02T00:24:59.745Z - Done responding to the client handleHashMultiGlob
[NX v21.2.1 Daemon Server] - 2026-09-02T00:24:59.745Z - Handled HASH_GLOB. Handling time: 2. Response time: 0.
[NX v21.2.1 Daemon Server] - 2026-09-02T00:24:59.749Z - [REQUEST]: Responding to the client. handleHashMultiGlob
[NX v21.2.1 Daemon Server] - 2026-09-02T00:24:59.749Z - Done responding to the client handleHashMultiGlob
[NX v21.2.1 Daemon Server] - 2026-09-02T00:24:59.749Z - Handled HASH_GLOB. Handling time: 4. Response time: 0.
[NX v21.2.1 Daemon Server] - 2026-09-02T00:24:59.783Z - Time taken for 'build-project-configs' 41.802708000000166ms
[NX v21.2.1 Daemon Server] - 2026-09-02T00:24:59.786Z - Time taken for '@nx/vite/plugin:createDependencies' 7.649207999999817ms
[NX v21.2.1 Daemon Server] - 2026-09-02T00:24:59.786Z - Time taken for '@nx/js/typescript:createDependencies' 9.911207999999533ms
[NX v21.2.1 Daemon Server] - 2026-09-02T00:24:59.801Z - [SYNC]: collect registered sync generators
[NX v21.2.1 Daemon Server] - 2026-09-02T00:24:59.801Z - [SYNC]: project graph hash is the same, not collecting task sync generators
[NX v21.2.1 Daemon Server] - 2026-09-02T00:24:59.801Z - [SYNC]: nx.json hash is the same, not collecting global sync generators
[NX v21.2.1 Daemon Server] - 2026-09-02T00:24:59.802Z - [SYNC]: scheduling: ["@nx/js:typescript-sync"]
[NX v21.2.1 Daemon Server] - 2026-09-02T00:24:59.802Z - [REQUEST]: Responding to the client. File watch changed
[NX v21.2.1 Daemon Server] - 2026-09-02T00:24:59.802Z - Done responding to the client File watch changed
[NX v21.2.1 Daemon Server] - 2026-09-02T00:24:59.802Z - Handled FILE-WATCH-CHANGED. Handling time: 0. Response time: 0.
[NX v21.2.1 Daemon Server] - 2026-09-02T00:24:59.802Z - Time taken for 'total execution time for createProjectGraph()' 18.678917000000183ms
[NX v21.2.1 Daemon Server] - 2026-09-02T00:24:59.803Z - [WATCHER]: 2 file(s) created or restored, 4 file(s) modified, 2 file(s) deleted
[NX v21.2.1 Daemon Server] - 2026-09-02T00:24:59.803Z - [REQUEST]: Responding to the client. File watch changed
[NX v21.2.1 Daemon Server] - 2026-09-02T00:24:59.803Z - Done responding to the client File watch changed
[NX v21.2.1 Daemon Server] - 2026-09-02T00:24:59.803Z - Handled FILE-WATCH-CHANGED. Handling time: 0. Response time: 0.
[NX v21.2.1 Daemon Server] - 2026-09-02T00:24:59.803Z - Time taken for 'changed-projects' 0.04658299999937299ms
[NX v21.2.1 Daemon Server] - 2026-09-02T00:24:59.864Z - [WATCHER]: 3 file(s) created or restored, 0 file(s) modified, 3 file(s) deleted
[NX v21.2.1 Daemon Server] - 2026-09-02T00:24:59.864Z - [REQUEST]: Responding to the client. File watch changed
[NX v21.2.1 Daemon Server] - 2026-09-02T00:24:59.864Z - Done responding to the client File watch changed
[NX v21.2.1 Daemon Server] - 2026-09-02T00:24:59.864Z - Handled FILE-WATCH-CHANGED. Handling time: 0. Response time: 0.
[NX v21.2.1 Daemon Server] - 2026-09-02T00:24:59.864Z - Time taken for 'changed-projects' 0.03087500000037835ms
[NX v21.2.1 Daemon Server] - 2026-09-02T00:24:59.904Z - [REQUEST]: Updated workspace context based on watched changes, recomputing project graph...
[NX v21.2.1 Daemon Server] - 2026-09-02T00:24:59.904Z - [REQUEST]: .nx/workspace-data/tsc-2568428459166798129.hash,.nx/workspace-data/tsconfig-files.hash,.nx/workspace-data/react-router-8507840353650169656.hash,.nx/workspace-data/vite-9347777721732807074.hash,.nx/workspace-data/jest-7930610538513362720.hash,.nx/workspace-data/eslint-2654242865465226088.hash,.nx/workspace-data/source-maps.json,.nx/workspace-data/file-map.json,.nx/workspace-data/project-graph.json
[NX v21.2.1 Daemon Server] - 2026-09-02T00:24:59.904Z - [REQUEST]: .nx/workspace-data/tsconfig-files.hash.34254.11dd3786.tmp,.nx/workspace-data/tsc-2568428459166798129.hash.34254.35ba3f45.tmp,.nx/workspace-data/source-maps.json~086e2851,.nx/workspace-data/project-graph.json~086e2851,.nx/workspace-data/file-map.json~086e2851
[NX v21.2.1 Daemon Server] - 2026-09-02T00:24:59.910Z - [REQUEST]: Responding to the client. handleHashMultiGlob
[NX v21.2.1 Daemon Server] - 2026-09-02T00:24:59.910Z - Done responding to the client handleHashMultiGlob
[NX v21.2.1 Daemon Server] - 2026-09-02T00:24:59.910Z - Handled HASH_GLOB. Handling time: 0. Response time: 0.
[NX v21.2.1 Daemon Server] - 2026-09-02T00:24:59.910Z - [REQUEST]: Responding to the client. handleGlob
[NX v21.2.1 Daemon Server] - 2026-09-02T00:24:59.910Z - Done responding to the client handleGlob
[NX v21.2.1 Daemon Server] - 2026-09-02T00:24:59.910Z - Handled GLOB. Handling time: 0. Response time: 0.
[NX v21.2.1 Daemon Server] - 2026-09-02T00:24:59.911Z - Time taken for 'hash changed files from watcher' 0.7063750000006621ms
[NX v21.2.1 Daemon Server] - 2026-09-02T00:24:59.914Z - [REQUEST]: Responding to the client. handleHashMultiGlob
[NX v21.2.1 Daemon Server] - 2026-09-02T00:24:59.914Z - Done responding to the client handleHashMultiGlob
[NX v21.2.1 Daemon Server] - 2026-09-02T00:24:59.914Z - Handled HASH_GLOB. Handling time: 3. Response time: 0.
[NX v21.2.1 Daemon Server] - 2026-09-02T00:24:59.916Z - [REQUEST]: Responding to the client. handleHashMultiGlob
[NX v21.2.1 Daemon Server] - 2026-09-02T00:24:59.916Z - Done responding to the client handleHashMultiGlob
[NX v21.2.1 Daemon Server] - 2026-09-02T00:24:59.916Z - Handled HASH_GLOB. Handling time: 1. Response time: 0.
[NX v21.2.1 Daemon Server] - 2026-09-02T00:24:59.920Z - [REQUEST]: Responding to the client. handleHashMultiGlob
[NX v21.2.1 Daemon Server] - 2026-09-02T00:24:59.920Z - Done responding to the client handleHashMultiGlob
[NX v21.2.1 Daemon Server] - 2026-09-02T00:24:59.920Z - Handled HASH_GLOB. Handling time: 4. Response time: 0.
[NX v21.2.1 Daemon Server] - 2026-09-02T00:24:59.938Z - Time taken for 'build-project-configs' 28.11383300000034ms
[NX v21.2.1 Daemon Server] - 2026-09-02T00:24:59.940Z - Time taken for '@nx/js/typescript:createDependencies' 5.067541999999776ms
[NX v21.2.1 Daemon Server] - 2026-09-02T00:24:59.940Z - Time taken for '@nx/vite/plugin:createDependencies' 4.014333000000079ms
[NX v21.2.1 Daemon Server] - 2026-09-02T00:24:59.951Z - [SYNC]: collect registered sync generators
[NX v21.2.1 Daemon Server] - 2026-09-02T00:24:59.952Z - [SYNC]: project graph hash is the same, not collecting task sync generators
[NX v21.2.1 Daemon Server] - 2026-09-02T00:24:59.952Z - [SYNC]: nx.json hash is the same, not collecting global sync generators
[NX v21.2.1 Daemon Server] - 2026-09-02T00:24:59.952Z - [SYNC]: scheduling: ["@nx/js:typescript-sync"]
[NX v21.2.1 Daemon Server] - 2026-09-02T00:24:59.952Z - [REQUEST]: Responding to the client. File watch changed
[NX v21.2.1 Daemon Server] - 2026-09-02T00:24:59.952Z - Done responding to the client File watch changed
[NX v21.2.1 Daemon Server] - 2026-09-02T00:24:59.952Z - Handled FILE-WATCH-CHANGED. Handling time: 0. Response time: 0.
[NX v21.2.1 Daemon Server] - 2026-09-02T00:24:59.952Z - Time taken for 'total execution time for createProjectGraph()' 11.843666999999186ms
[NX v21.2.1 Daemon Server] - 2026-09-02T00:24:59.975Z - [WATCHER]: 5 file(s) created or restored, 4 file(s) modified, 5 file(s) deleted
[NX v21.2.1 Daemon Server] - 2026-09-02T00:24:59.975Z - [REQUEST]: Responding to the client. File watch changed
[NX v21.2.1 Daemon Server] - 2026-09-02T00:24:59.975Z - Done responding to the client File watch changed
[NX v21.2.1 Daemon Server] - 2026-09-02T00:24:59.975Z - Handled FILE-WATCH-CHANGED. Handling time: 0. Response time: 0.
[NX v21.2.1 Daemon Server] - 2026-09-02T00:24:59.975Z - Time taken for 'changed-projects' 0.02608299999974406ms
[NX v21.2.1 Daemon Server] - 2026-09-02T00:25:00.075Z - [REQUEST]: Updated workspace context based on watched changes, recomputing project graph...
[NX v21.2.1 Daemon Server] - 2026-09-02T00:25:00.075Z - [REQUEST]: .nx/workspace-data/tsc-2568428459166798129.hash,.nx/workspace-data/source-maps.json,.nx/workspace-data/project-graph.json,.nx/workspace-data/file-map.json,.nx/workspace-data/tsconfig-files.hash,.nx/workspace-data/vite-9347777721732807074.hash,.nx/workspace-data/eslint-2654242865465226088.hash,.nx/workspace-data/jest-7930610538513362720.hash,.nx/workspace-data/react-router-8507840353650169656.hash
[NX v21.2.1 Daemon Server] - 2026-09-02T00:25:00.075Z - [REQUEST]: .nx/workspace-data/tsconfig-files.hash.34254.532518bf.tmp,.nx/workspace-data/tsc-2568428459166798129.hash.34254.1d232472.tmp,.nx/workspace-data/project-graph.json~9c4e76ca,.nx/workspace-data/source-maps.json~9c4e76ca,.nx/workspace-data/file-map.json~9c4e76ca
[NX v21.2.1 Daemon Server] - 2026-09-02T00:25:00.082Z - [REQUEST]: Responding to the client. handleHashMultiGlob
[NX v21.2.1 Daemon Server] - 2026-09-02T00:25:00.082Z - Done responding to the client handleHashMultiGlob
[NX v21.2.1 Daemon Server] - 2026-09-02T00:25:00.082Z - Handled HASH_GLOB. Handling time: 0. Response time: 0.
[NX v21.2.1 Daemon Server] - 2026-09-02T00:25:00.083Z - [REQUEST]: Responding to the client. handleGlob
[NX v21.2.1 Daemon Server] - 2026-09-02T00:25:00.083Z - Done responding to the client handleGlob
[NX v21.2.1 Daemon Server] - 2026-09-02T00:25:00.083Z - Handled GLOB. Handling time: 1. Response time: 0.
[NX v21.2.1 Daemon Server] - 2026-09-02T00:25:00.083Z - Time taken for 'hash changed files from watcher' 0.6945830000004207ms
[NX v21.2.1 Daemon Server] - 2026-09-02T00:25:00.086Z - [REQUEST]: Responding to the client. handleHashMultiGlob
[NX v21.2.1 Daemon Server] - 2026-09-02T00:25:00.086Z - Done responding to the client handleHashMultiGlob
[NX v21.2.1 Daemon Server] - 2026-09-02T00:25:00.086Z - Handled HASH_GLOB. Handling time: 3. Response time: 0.
[NX v21.2.1 Daemon Server] - 2026-09-02T00:25:00.088Z - [REQUEST]: Responding to the client. handleHashMultiGlob
[NX v21.2.1 Daemon Server] - 2026-09-02T00:25:00.088Z - Done responding to the client handleHashMultiGlob
[NX v21.2.1 Daemon Server] - 2026-09-02T00:25:00.088Z - Handled HASH_GLOB. Handling time: 1. Response time: 0.
[NX v21.2.1 Daemon Server] - 2026-09-02T00:25:00.092Z - [REQUEST]: Responding to the client. handleHashMultiGlob
[NX v21.2.1 Daemon Server] - 2026-09-02T00:25:00.092Z - Done responding to the client handleHashMultiGlob
[NX v21.2.1 Daemon Server] - 2026-09-02T00:25:00.092Z - Handled HASH_GLOB. Handling time: 4. Response time: 0.
[NX v21.2.1 Daemon Server] - 2026-09-02T00:25:00.111Z - Time taken for 'build-project-configs' 28.95220900000004ms
[NX v21.2.1 Daemon Server] - 2026-09-02T00:25:00.113Z - Time taken for '@nx/js/typescript:createDependencies' 5.021082999999635ms
[NX v21.2.1 Daemon Server] - 2026-09-02T00:25:00.113Z - Time taken for '@nx/vite/plugin:createDependencies' 3.9684580000002825ms
[NX v21.2.1 Daemon Server] - 2026-09-02T00:25:00.124Z - [SYNC]: collect registered sync generators
[NX v21.2.1 Daemon Server] - 2026-09-02T00:25:00.124Z - [SYNC]: project graph hash is the same, not collecting task sync generators
[NX v21.2.1 Daemon Server] - 2026-09-02T00:25:00.124Z - [SYNC]: nx.json hash is the same, not collecting global sync generators
[NX v21.2.1 Daemon Server] - 2026-09-02T00:25:00.124Z - [SYNC]: scheduling: ["@nx/js:typescript-sync"]
[NX v21.2.1 Daemon Server] - 2026-09-02T00:25:00.124Z - [REQUEST]: Responding to the client. File watch changed
[NX v21.2.1 Daemon Server] - 2026-09-02T00:25:00.124Z - Done responding to the client File watch changed
[NX v21.2.1 Daemon Server] - 2026-09-02T00:25:00.124Z - Handled FILE-WATCH-CHANGED. Handling time: 0. Response time: 0.
[NX v21.2.1 Daemon Server] - 2026-09-02T00:25:00.124Z - Time taken for 'total execution time for createProjectGraph()' 11.465957999999773ms
[NX v21.2.1 Daemon Server] - 2026-09-02T00:25:00.147Z - [WATCHER]: 5 file(s) created or restored, 4 file(s) modified, 5 file(s) deleted
[NX v21.2.1 Daemon Server] - 2026-09-02T00:25:00.147Z - [REQUEST]: Responding to the client. File watch changed
[NX v21.2.1 Daemon Server] - 2026-09-02T00:25:00.147Z - Done responding to the client File watch changed
[NX v21.2.1 Daemon Server] - 2026-09-02T00:25:00.147Z - Handled FILE-WATCH-CHANGED. Handling time: 0. Response time: 0.
[NX v21.2.1 Daemon Server] - 2026-09-02T00:25:00.147Z - Time taken for 'changed-projects' 0.031458000000384345ms
[NX v21.2.1 Daemon Server] - 2026-09-02T00:25:00.248Z - [REQUEST]: Updated workspace context based on watched changes, recomputing project graph...
[NX v21.2.1 Daemon Server] - 2026-09-02T00:25:00.248Z - [REQUEST]: .nx/workspace-data/source-maps.json,.nx/workspace-data/project-graph.json,.nx/workspace-data/tsconfig-files.hash,.nx/workspace-data/file-map.json,.nx/workspace-data/tsc-2568428459166798129.hash,.nx/workspace-data/react-router-8507840353650169656.hash,.nx/workspace-data/eslint-2654242865465226088.hash,.nx/workspace-data/vite-9347777721732807074.hash,.nx/workspace-data/jest-7930610538513362720.hash
[NX v21.2.1 Daemon Server] - 2026-09-02T00:25:00.248Z - [REQUEST]: .nx/workspace-data/project-graph.json~9dd3e213,.nx/workspace-data/file-map.json~9dd3e213,.nx/workspace-data/source-maps.json~9dd3e213,.nx/workspace-data/tsc-2568428459166798129.hash.34254.ad247dc6.tmp,.nx/workspace-data/tsconfig-files.hash.34254.da32ea48.tmp
[NX v21.2.1 Daemon Server] - 2026-09-02T00:25:00.256Z - [REQUEST]: Responding to the client. handleHashMultiGlob
[NX v21.2.1 Daemon Server] - 2026-09-02T00:25:00.256Z - Done responding to the client handleHashMultiGlob
[NX v21.2.1 Daemon Server] - 2026-09-02T00:25:00.256Z - Handled HASH_GLOB. Handling time: 0. Response time: 0.
[NX v21.2.1 Daemon Server] - 2026-09-02T00:25:00.259Z - [REQUEST]: Responding to the client. handleGlob
[NX v21.2.1 Daemon Server] - 2026-09-02T00:25:00.259Z - Done responding to the client handleGlob
[NX v21.2.1 Daemon Server] - 2026-09-02T00:25:00.259Z - Handled GLOB. Handling time: 0. Response time: 0.
[NX v21.2.1 Daemon Server] - 2026-09-02T00:25:00.259Z - Time taken for 'hash changed files from watcher' 0.7466249999997672ms
[NX v21.2.1 Daemon Server] - 2026-09-02T00:25:00.263Z - [REQUEST]: Responding to the client. handleHashMultiGlob
[NX v21.2.1 Daemon Server] - 2026-09-02T00:25:00.263Z - Done responding to the client handleHashMultiGlob
[NX v21.2.1 Daemon Server] - 2026-09-02T00:25:00.263Z - Handled HASH_GLOB. Handling time: 3. Response time: 0.
[NX v21.2.1 Daemon Server] - 2026-09-02T00:25:00.266Z - [REQUEST]: Responding to the client. handleHashMultiGlob
[NX v21.2.1 Daemon Server] - 2026-09-02T00:25:00.266Z - Done responding to the client handleHashMultiGlob
[NX v21.2.1 Daemon Server] - 2026-09-02T00:25:00.266Z - Handled HASH_GLOB. Handling time: 2. Response time: 0.
[NX v21.2.1 Daemon Server] - 2026-09-02T00:25:00.270Z - [REQUEST]: Responding to the client. handleHashMultiGlob
[NX v21.2.1 Daemon Server] - 2026-09-02T00:25:00.270Z - Done responding to the client handleHashMultiGlob
[NX v21.2.1 Daemon Server] - 2026-09-02T00:25:00.270Z - Handled HASH_GLOB. Handling time: 4. Response time: 0.
[NX v21.2.1 Daemon Server] - 2026-09-02T00:25:00.288Z - Time taken for 'build-project-configs' 33.33287500000006ms
[NX v21.2.1 Daemon Server] - 2026-09-02T00:25:00.290Z - Time taken for '@nx/js/typescript:createDependencies' 5.010209000000032ms
[NX v21.2.1 Daemon Server] - 2026-09-02T00:25:00.290Z - Time taken for '@nx/vite/plugin:createDependencies' 4.001624999999876ms
[NX v21.2.1 Daemon Server] - 2026-09-02T00:25:00.301Z - [SYNC]: collect registered sync generators
[NX v21.2.1 Daemon Server] - 2026-09-02T00:25:00.301Z - [SYNC]: project graph hash is the same, not collecting task sync generators
[NX v21.2.1 Daemon Server] - 2026-09-02T00:25:00.301Z - [SYNC]: nx.json hash is the same, not collecting global sync generators
[NX v21.2.1 Daemon Server] - 2026-09-02T00:25:00.301Z - [SYNC]: scheduling: ["@nx/js:typescript-sync"]
[NX v21.2.1 Daemon Server] - 2026-09-02T00:25:00.301Z - [REQUEST]: Responding to the client. File watch changed
[NX v21.2.1 Daemon Server] - 2026-09-02T00:25:00.301Z - Done responding to the client File watch changed
[NX v21.2.1 Daemon Server] - 2026-09-02T00:25:00.301Z - Handled FILE-WATCH-CHANGED. Handling time: 0. Response time: 0.
[NX v21.2.1 Daemon Server] - 2026-09-02T00:25:00.301Z - Time taken for 'total execution time for createProjectGraph()' 11.4193750000004ms
[NX v21.2.1 Daemon Server] - 2026-09-02T00:25:00.320Z - [WATCHER]: 5 file(s) created or restored, 4 file(s) modified, 5 file(s) deleted
[NX v21.2.1 Daemon Server] - 2026-09-02T00:25:00.320Z - [REQUEST]: Responding to the client. File watch changed
[NX v21.2.1 Daemon Server] - 2026-09-02T00:25:00.320Z - Done responding to the client File watch changed
[NX v21.2.1 Daemon Server] - 2026-09-02T00:25:00.320Z - Handled FILE-WATCH-CHANGED. Handling time: 0. Response time: 0.
[NX v21.2.1 Daemon Server] - 2026-09-02T00:25:00.320Z - Time taken for 'changed-projects' 0.0347090000004755ms
[NX v21.2.1 Daemon Server] - 2026-09-02T00:25:00.420Z - [REQUEST]: Updated workspace context based on watched changes, recomputing project graph...
[NX v21.2.1 Daemon Server] - 2026-09-02T00:25:00.420Z - [REQUEST]: .nx/workspace-data/project-graph.json,.nx/workspace-data/tsc-2568428459166798129.hash,.nx/workspace-data/tsconfig-files.hash,.nx/workspace-data/source-maps.json,.nx/workspace-data/file-map.json,.nx/workspace-data/vite-9347777721732807074.hash,.nx/workspace-data/react-router-8507840353650169656.hash,.nx/workspace-data/eslint-2654242865465226088.hash,.nx/workspace-data/jest-7930610538513362720.hash
[NX v21.2.1 Daemon Server] - 2026-09-02T00:25:00.420Z - [REQUEST]: .nx/workspace-data/source-maps.json~e75827cd,.nx/workspace-data/file-map.json~e75827cd,.nx/workspace-data/tsconfig-files.hash.34254.8dd037c3.tmp,.nx/workspace-data/tsc-2568428459166798129.hash.34254.b62a6b82.tmp,.nx/workspace-data/project-graph.json~e75827cd
[NX v21.2.1 Daemon Server] - 2026-09-02T00:25:00.427Z - [REQUEST]: Responding to the client. handleHashMultiGlob
[NX v21.2.1 Daemon Server] - 2026-09-02T00:25:00.427Z - Done responding to the client handleHashMultiGlob
[NX v21.2.1 Daemon Server] - 2026-09-02T00:25:00.427Z - Handled HASH_GLOB. Handling time: 1. Response time: 0.
[NX v21.2.1 Daemon Server] - 2026-09-02T00:25:00.427Z - [REQUEST]: Responding to the client. handleGlob
[NX v21.2.1 Daemon Server] - 2026-09-02T00:25:00.427Z - Done responding to the client handleGlob
[NX v21.2.1 Daemon Server] - 2026-09-02T00:25:00.427Z - Handled GLOB. Handling time: 0. Response time: 0.
[NX v21.2.1 Daemon Server] - 2026-09-02T00:25:00.427Z - Time taken for 'hash changed files from watcher' 0.6611250000005384ms
[NX v21.2.1 Daemon Server] - 2026-09-02T00:25:00.431Z - [REQUEST]: Responding to the client. handleHashMultiGlob
[NX v21.2.1 Daemon Server] - 2026-09-02T00:25:00.431Z - Done responding to the client handleHashMultiGlob
[NX v21.2.1 Daemon Server] - 2026-09-02T00:25:00.431Z - Handled HASH_GLOB. Handling time: 3. Response time: 0.
[NX v21.2.1 Daemon Server] - 2026-09-02T00:25:00.432Z - [REQUEST]: Responding to the client. handleHashMultiGlob
[NX v21.2.1 Daemon Server] - 2026-09-02T00:25:00.432Z - Done responding to the client handleHashMultiGlob
[NX v21.2.1 Daemon Server] - 2026-09-02T00:25:00.432Z - Handled HASH_GLOB. Handling time: 1. Response time: 0.
[NX v21.2.1 Daemon Server] - 2026-09-02T00:25:00.436Z - [REQUEST]: Responding to the client. handleHashMultiGlob
[NX v21.2.1 Daemon Server] - 2026-09-02T00:25:00.436Z - Done responding to the client handleHashMultiGlob
[NX v21.2.1 Daemon Server] - 2026-09-02T00:25:00.436Z - Handled HASH_GLOB. Handling time: 3. Response time: 0.
[NX v21.2.1 Daemon Server] - 2026-09-02T00:25:00.455Z - Time taken for 'build-project-configs' 28.297625000000153ms
[NX v21.2.1 Daemon Server] - 2026-09-02T00:25:00.458Z - Time taken for '@nx/js/typescript:createDependencies' 6.178166000000601ms
[NX v21.2.1 Daemon Server] - 2026-09-02T00:25:00.459Z - Time taken for '@nx/vite/plugin:createDependencies' 5.6550829999996495ms
[NX v21.2.1 Daemon Server] - 2026-09-02T00:25:00.469Z - [SYNC]: collect registered sync generators
[NX v21.2.1 Daemon Server] - 2026-09-02T00:25:00.470Z - [SYNC]: project graph hash is the same, not collecting task sync generators
[NX v21.2.1 Daemon Server] - 2026-09-02T00:25:00.470Z - [SYNC]: nx.json hash is the same, not collecting global sync generators
[NX v21.2.1 Daemon Server] - 2026-09-02T00:25:00.470Z - [SYNC]: scheduling: ["@nx/js:typescript-sync"]
[NX v21.2.1 Daemon Server] - 2026-09-02T00:25:00.470Z - [REQUEST]: Responding to the client. File watch changed
[NX v21.2.1 Daemon Server] - 2026-09-02T00:25:00.470Z - Done responding to the client File watch changed
[NX v21.2.1 Daemon Server] - 2026-09-02T00:25:00.470Z - Handled FILE-WATCH-CHANGED. Handling time: 0. Response time: 0.
[NX v21.2.1 Daemon Server] - 2026-09-02T00:25:00.470Z - Time taken for 'total execution time for createProjectGraph()' 12.967209000000366ms
[NX v21.2.1 Daemon Server] - 2026-09-02T00:25:00.491Z - [WATCHER]: 5 file(s) created or restored, 4 file(s) modified, 5 file(s) deleted
[NX v21.2.1 Daemon Server] - 2026-09-02T00:25:00.491Z - [REQUEST]: Responding to the client. File watch changed
[NX v21.2.1 Daemon Server] - 2026-09-02T00:25:00.492Z - Done responding to the client File watch changed
[NX v21.2.1 Daemon Server] - 2026-09-02T00:25:00.492Z - Handled FILE-WATCH-CHANGED. Handling time: 0. Response time: 1.
[NX v21.2.1 Daemon Server] - 2026-09-02T00:25:00.492Z - Time taken for 'changed-projects' 0.03400000000056025ms
[NX v21.2.1 Daemon Server] - 2026-09-02T00:25:00.592Z - [REQUEST]: Updated workspace context based on watched changes, recomputing project graph...
[NX v21.2.1 Daemon Server] - 2026-09-02T00:25:00.593Z - [REQUEST]: .nx/workspace-data/project-graph.json,.nx/workspace-data/source-maps.json,.nx/workspace-data/file-map.json,.nx/workspace-data/tsconfig-files.hash,.nx/workspace-data/tsc-2568428459166798129.hash,.nx/workspace-data/eslint-2654242865465226088.hash,.nx/workspace-data/react-router-8507840353650169656.hash,.nx/workspace-data/vite-9347777721732807074.hash,.nx/workspace-data/jest-7930610538513362720.hash
[NX v21.2.1 Daemon Server] - 2026-09-02T00:25:00.593Z - [REQUEST]: .nx/workspace-data/project-graph.json~be90d188,.nx/workspace-data/tsconfig-files.hash.34254.bc72ff05.tmp,.nx/workspace-data/tsc-2568428459166798129.hash.34254.b37be711.tmp,.nx/workspace-data/source-maps.json~be90d188,.nx/workspace-data/file-map.json~be90d188
[NX v21.2.1 Daemon Server] - 2026-09-02T00:25:00.599Z - [REQUEST]: Responding to the client. handleHashMultiGlob
[NX v21.2.1 Daemon Server] - 2026-09-02T00:25:00.599Z - Done responding to the client handleHashMultiGlob
[NX v21.2.1 Daemon Server] - 2026-09-02T00:25:00.599Z - Handled HASH_GLOB. Handling time: 0. Response time: 0.
[NX v21.2.1 Daemon Server] - 2026-09-02T00:25:00.599Z - [REQUEST]: Responding to the client. handleGlob
[NX v21.2.1 Daemon Server] - 2026-09-02T00:25:00.599Z - Done responding to the client handleGlob
[NX v21.2.1 Daemon Server] - 2026-09-02T00:25:00.599Z - Handled GLOB. Handling time: 0. Response time: 0.
[NX v21.2.1 Daemon Server] - 2026-09-02T00:25:00.599Z - Time taken for 'hash changed files from watcher' 0.6037919999998849ms
[NX v21.2.1 Daemon Server] - 2026-09-02T00:25:00.603Z - [REQUEST]: Responding to the client. handleHashMultiGlob
[NX v21.2.1 Daemon Server] - 2026-09-02T00:25:00.603Z - Done responding to the client handleHashMultiGlob
[NX v21.2.1 Daemon Server] - 2026-09-02T00:25:00.603Z - Handled HASH_GLOB. Handling time: 3. Response time: 0.
[NX v21.2.1 Daemon Server] - 2026-09-02T00:25:00.605Z - [REQUEST]: Responding to the client. handleHashMultiGlob
[NX v21.2.1 Daemon Server] - 2026-09-02T00:25:00.605Z - Done responding to the client handleHashMultiGlob
[NX v21.2.1 Daemon Server] - 2026-09-02T00:25:00.605Z - Handled HASH_GLOB. Handling time: 2. Response time: 0.
[NX v21.2.1 Daemon Server] - 2026-09-02T00:25:00.609Z - [REQUEST]: Responding to the client. handleHashMultiGlob
[NX v21.2.1 Daemon Server] - 2026-09-02T00:25:00.609Z - Done responding to the client handleHashMultiGlob
[NX v21.2.1 Daemon Server] - 2026-09-02T00:25:00.609Z - Handled HASH_GLOB. Handling time: 4. Response time: 0.
[NX v21.2.1 Daemon Server] - 2026-09-02T00:25:00.640Z - Time taken for 'build-project-configs' 38.69183299999986ms
[NX v21.2.1 Daemon Server] - 2026-09-02T00:25:00.643Z - Time taken for '@nx/js/typescript:createDependencies' 7.160374999999476ms
[NX v21.2.1 Daemon Server] - 2026-09-02T00:25:00.643Z - Time taken for '@nx/vite/plugin:createDependencies' 5.79504100000031ms
[NX v21.2.1 Daemon Server] - 2026-09-02T00:25:00.656Z - [SYNC]: collect registered sync generators
[NX v21.2.1 Daemon Server] - 2026-09-02T00:25:00.657Z - [SYNC]: project graph hash is the same, not collecting task sync generators
[NX v21.2.1 Daemon Server] - 2026-09-02T00:25:00.657Z - [SYNC]: nx.json hash is the same, not collecting global sync generators
[NX v21.2.1 Daemon Server] - 2026-09-02T00:25:00.657Z - [SYNC]: scheduling: ["@nx/js:typescript-sync"]
[NX v21.2.1 Daemon Server] - 2026-09-02T00:25:00.657Z - [REQUEST]: Responding to the client. File watch changed
[NX v21.2.1 Daemon Server] - 2026-09-02T00:25:00.657Z - Done responding to the client File watch changed
[NX v21.2.1 Daemon Server] - 2026-09-02T00:25:00.657Z - Handled FILE-WATCH-CHANGED. Handling time: 0. Response time: 0.
[NX v21.2.1 Daemon Server] - 2026-09-02T00:25:00.657Z - Time taken for 'total execution time for createProjectGraph()' 15.679833000000144ms
[NX v21.2.1 Daemon Server] - 2026-09-02T00:25:00.664Z - [WATCHER]: 2 file(s) created or restored, 4 file(s) modified, 2 file(s) deleted
[NX v21.2.1 Daemon Server] - 2026-09-02T00:25:00.664Z - [REQUEST]: Responding to the client. File watch changed
[NX v21.2.1 Daemon Server] - 2026-09-02T00:25:00.664Z - Done responding to the client File watch changed
[NX v21.2.1 Daemon Server] - 2026-09-02T00:25:00.664Z - Handled FILE-WATCH-CHANGED. Handling time: 0. Response time: 0.
[NX v21.2.1 Daemon Server] - 2026-09-02T00:25:00.664Z - Time taken for 'changed-projects' 0.02045799999996234ms
[NX v21.2.1 Daemon Server] - 2026-09-02T00:25:00.718Z - [WATCHER]: 3 file(s) created or restored, 0 file(s) modified, 3 file(s) deleted
[NX v21.2.1 Daemon Server] - 2026-09-02T00:25:00.718Z - [REQUEST]: Responding to the client. File watch changed
[NX v21.2.1 Daemon Server] - 2026-09-02T00:25:00.718Z - Done responding to the client File watch changed
[NX v21.2.1 Daemon Server] - 2026-09-02T00:25:00.718Z - Handled FILE-WATCH-CHANGED. Handling time: 0. Response time: 0.
[NX v21.2.1 Daemon Server] - 2026-09-02T00:25:00.718Z - Time taken for 'changed-projects' 0.028832999999394815ms
[NX v21.2.1 Daemon Server] - 2026-09-02T00:25:00.764Z - [REQUEST]: Updated workspace context based on watched changes, recomputing project graph...
[NX v21.2.1 Daemon Server] - 2026-09-02T00:25:00.764Z - [REQUEST]: .nx/workspace-data/tsconfig-files.hash,.nx/workspace-data/tsc-2568428459166798129.hash,.nx/workspace-data/eslint-2654242865465226088.hash,.nx/workspace-data/react-router-8507840353650169656.hash,.nx/workspace-data/jest-7930610538513362720.hash,.nx/workspace-data/vite-9347777721732807074.hash,.nx/workspace-data/project-graph.json,.nx/workspace-data/source-maps.json,.nx/workspace-data/file-map.json
[NX v21.2.1 Daemon Server] - 2026-09-02T00:25:00.764Z - [REQUEST]: .nx/workspace-data/tsconfig-files.hash.34254.9a5727e5.tmp,.nx/workspace-data/tsc-2568428459166798129.hash.34254.d4d9b9b7.tmp,.nx/workspace-data/project-graph.json~a313f9f5,.nx/workspace-data/source-maps.json~a313f9f5,.nx/workspace-data/file-map.json~a313f9f5
[NX v21.2.1 Daemon Server] - 2026-09-02T00:25:00.770Z - [REQUEST]: Responding to the client. handleHashMultiGlob
[NX v21.2.1 Daemon Server] - 2026-09-02T00:25:00.771Z - Done responding to the client handleHashMultiGlob
[NX v21.2.1 Daemon Server] - 2026-09-02T00:25:00.771Z - Handled HASH_GLOB. Handling time: 0. Response time: 1.
[NX v21.2.1 Daemon Server] - 2026-09-02T00:25:00.771Z - [REQUEST]: Responding to the client. handleGlob
[NX v21.2.1 Daemon Server] - 2026-09-02T00:25:00.771Z - Done responding to the client handleGlob
[NX v21.2.1 Daemon Server] - 2026-09-02T00:25:00.771Z - Handled GLOB. Handling time: 0. Response time: 0.
[NX v21.2.1 Daemon Server] - 2026-09-02T00:25:00.771Z - Time taken for 'hash changed files from watcher' 0.6317079999998896ms
[NX v21.2.1 Daemon Server] - 2026-09-02T00:25:00.775Z - [REQUEST]: Responding to the client. handleHashMultiGlob
[NX v21.2.1 Daemon Server] - 2026-09-02T00:25:00.775Z - Done responding to the client handleHashMultiGlob
[NX v21.2.1 Daemon Server] - 2026-09-02T00:25:00.775Z - Handled HASH_GLOB. Handling time: 4. Response time: 0.
[NX v21.2.1 Daemon Server] - 2026-09-02T00:25:00.776Z - [REQUEST]: Responding to the client. handleHashMultiGlob
[NX v21.2.1 Daemon Server] - 2026-09-02T00:25:00.776Z - Done responding to the client handleHashMultiGlob
[NX v21.2.1 Daemon Server] - 2026-09-02T00:25:00.776Z - Handled HASH_GLOB. Handling time: 1. Response time: 0.
[NX v21.2.1 Daemon Server] - 2026-09-02T00:25:00.780Z - [REQUEST]: Responding to the client. handleHashMultiGlob
[NX v21.2.1 Daemon Server] - 2026-09-02T00:25:00.780Z - Done responding to the client handleHashMultiGlob
[NX v21.2.1 Daemon Server] - 2026-09-02T00:25:00.780Z - Handled HASH_GLOB. Handling time: 3. Response time: 0.
[NX v21.2.1 Daemon Server] - 2026-09-02T00:25:00.799Z - Time taken for 'build-project-configs' 27.68787499999962ms
[NX v21.2.1 Daemon Server] - 2026-09-02T00:25:00.802Z - Time taken for '@nx/js/typescript:createDependencies' 6.592542000000321ms
[NX v21.2.1 Daemon Server] - 2026-09-02T00:25:00.803Z - Time taken for '@nx/vite/plugin:createDependencies' 6.255167000000256ms
[NX v21.2.1 Daemon Server] - 2026-09-02T00:25:00.815Z - [SYNC]: collect registered sync generators
[NX v21.2.1 Daemon Server] - 2026-09-02T00:25:00.815Z - [SYNC]: project graph hash is the same, not collecting task sync generators
[NX v21.2.1 Daemon Server] - 2026-09-02T00:25:00.815Z - [SYNC]: nx.json hash is the same, not collecting global sync generators
[NX v21.2.1 Daemon Server] - 2026-09-02T00:25:00.815Z - [SYNC]: scheduling: ["@nx/js:typescript-sync"]
[NX v21.2.1 Daemon Server] - 2026-09-02T00:25:00.815Z - [REQUEST]: Responding to the client. File watch changed
[NX v21.2.1 Daemon Server] - 2026-09-02T00:25:00.815Z - Done responding to the client File watch changed
[NX v21.2.1 Daemon Server] - 2026-09-02T00:25:00.815Z - Handled FILE-WATCH-CHANGED. Handling time: 0. Response time: 0.
[NX v21.2.1 Daemon Server] - 2026-09-02T00:25:00.815Z - Time taken for 'total execution time for createProjectGraph()' 14.369832999999744ms
[NX v21.2.1 Daemon Server] - 2026-09-02T00:25:00.835Z - [WATCHER]: 5 file(s) created or restored, 4 file(s) modified, 5 file(s) deleted
[NX v21.2.1 Daemon Server] - 2026-09-02T00:25:00.836Z - [REQUEST]: Responding to the client. File watch changed
[NX v21.2.1 Daemon Server] - 2026-09-02T00:25:00.836Z - Done responding to the client File watch changed
[NX v21.2.1 Daemon Server] - 2026-09-02T00:25:00.836Z - Handled FILE-WATCH-CHANGED. Handling time: 0. Response time: 0.
[NX v21.2.1 Daemon Server] - 2026-09-02T00:25:00.836Z - Time taken for 'changed-projects' 0.03070800000023155ms
[NX v21.2.1 Daemon Server] - 2026-09-02T00:25:00.936Z - [REQUEST]: Updated workspace context based on watched changes, recomputing project graph...
[NX v21.2.1 Daemon Server] - 2026-09-02T00:25:00.936Z - [REQUEST]: .nx/workspace-data/tsc-2568428459166798129.hash,.nx/workspace-data/tsconfig-files.hash,.nx/workspace-data/project-graph.json,.nx/workspace-data/source-maps.json,.nx/workspace-data/file-map.json,.nx/workspace-data/vite-9347777721732807074.hash,.nx/workspace-data/react-router-8507840353650169656.hash,.nx/workspace-data/eslint-2654242865465226088.hash,.nx/workspace-data/jest-7930610538513362720.hash
[NX v21.2.1 Daemon Server] - 2026-09-02T00:25:00.937Z - [REQUEST]: .nx/workspace-data/tsconfig-files.hash.34254.1bddc58a.tmp,.nx/workspace-data/project-graph.json~7a9ef6ce,.nx/workspace-data/tsc-2568428459166798129.hash.34254.44fc6214.tmp,.nx/workspace-data/source-maps.json~7a9ef6ce,.nx/workspace-data/file-map.json~7a9ef6ce
[NX v21.2.1 Daemon Server] - 2026-09-02T00:25:00.943Z - [REQUEST]: Responding to the client. handleHashMultiGlob
[NX v21.2.1 Daemon Server] - 2026-09-02T00:25:00.943Z - Done responding to the client handleHashMultiGlob
[NX v21.2.1 Daemon Server] - 2026-09-02T00:25:00.943Z - Handled HASH_GLOB. Handling time: 0. Response time: 0.
[NX v21.2.1 Daemon Server] - 2026-09-02T00:25:00.944Z - [REQUEST]: Responding to the client. handleGlob
[NX v21.2.1 Daemon Server] - 2026-09-02T00:25:00.944Z - Done responding to the client handleGlob
[NX v21.2.1 Daemon Server] - 2026-09-02T00:25:00.944Z - Handled GLOB. Handling time: 1. Response time: 0.
[NX v21.2.1 Daemon Server] - 2026-09-02T00:25:00.944Z - Time taken for 'hash changed files from watcher' 0.7130839999999807ms
[NX v21.2.1 Daemon Server] - 2026-09-02T00:25:00.947Z - [REQUEST]: Responding to the client. handleHashMultiGlob
[NX v21.2.1 Daemon Server] - 2026-09-02T00:25:00.947Z - Done responding to the client handleHashMultiGlob
[NX v21.2.1 Daemon Server] - 2026-09-02T00:25:00.947Z - Handled HASH_GLOB. Handling time: 3. Response time: 0.
[NX v21.2.1 Daemon Server] - 2026-09-02T00:25:00.949Z - [REQUEST]: Responding to the client. handleHashMultiGlob
[NX v21.2.1 Daemon Server] - 2026-09-02T00:25:00.949Z - Done responding to the client handleHashMultiGlob
[NX v21.2.1 Daemon Server] - 2026-09-02T00:25:00.949Z - Handled HASH_GLOB. Handling time: 1. Response time: 0.
[NX v21.2.1 Daemon Server] - 2026-09-02T00:25:00.953Z - [REQUEST]: Responding to the client. handleHashMultiGlob
[NX v21.2.1 Daemon Server] - 2026-09-02T00:25:00.953Z - Done responding to the client handleHashMultiGlob
[NX v21.2.1 Daemon Server] - 2026-09-02T00:25:00.953Z - Handled HASH_GLOB. Handling time: 3. Response time: 0.
[NX v21.2.1 Daemon Server] - 2026-09-02T00:25:00.972Z - Time taken for 'build-project-configs' 29.334749999999985ms
[NX v21.2.1 Daemon Server] - 2026-09-02T00:25:00.974Z - Time taken for '@nx/js/typescript:createDependencies' 4.980000000000473ms
[NX v21.2.1 Daemon Server] - 2026-09-02T00:25:00.974Z - Time taken for '@nx/vite/plugin:createDependencies' 3.9220830000003843ms
[NX v21.2.1 Daemon Server] - 2026-09-02T00:25:00.985Z - [SYNC]: collect registered sync generators
[NX v21.2.1 Daemon Server] - 2026-09-02T00:25:00.985Z - [SYNC]: project graph hash is the same, not collecting task sync generators
[NX v21.2.1 Daemon Server] - 2026-09-02T00:25:00.985Z - [SYNC]: nx.json hash is the same, not collecting global sync generators
[NX v21.2.1 Daemon Server] - 2026-09-02T00:25:00.985Z - [SYNC]: scheduling: ["@nx/js:typescript-sync"]
[NX v21.2.1 Daemon Server] - 2026-09-02T00:25:00.985Z - [REQUEST]: Responding to the client. File watch changed
[NX v21.2.1 Daemon Server] - 2026-09-02T00:25:00.985Z - Done responding to the client File watch changed
[NX v21.2.1 Daemon Server] - 2026-09-02T00:25:00.985Z - Handled FILE-WATCH-CHANGED. Handling time: 0. Response time: 0.
[NX v21.2.1 Daemon Server] - 2026-09-02T00:25:00.985Z - Time taken for 'total execution time for createProjectGraph()' 11.5059169999995ms
[NX v21.2.1 Daemon Server] - 2026-09-02T00:25:01.008Z - [WATCHER]: 5 file(s) created or restored, 4 file(s) modified, 5 file(s) deleted
[NX v21.2.1 Daemon Server] - 2026-09-02T00:25:01.008Z - [REQUEST]: Responding to the client. File watch changed
[NX v21.2.1 Daemon Server] - 2026-09-02T00:25:01.008Z - Done responding to the client File watch changed
[NX v21.2.1 Daemon Server] - 2026-09-02T00:25:01.008Z - Handled FILE-WATCH-CHANGED. Handling time: 0. Response time: 0.
[NX v21.2.1 Daemon Server] - 2026-09-02T00:25:01.008Z - Time taken for 'changed-projects' 0.03066599999965547ms
[NX v21.2.1 Daemon Server] - 2026-09-02T00:25:01.109Z - [REQUEST]: Updated workspace context based on watched changes, recomputing project graph...
[NX v21.2.1 Daemon Server] - 2026-09-02T00:25:01.109Z - [REQUEST]: .nx/workspace-data/tsc-2568428459166798129.hash,.nx/workspace-data/tsconfig-files.hash,.nx/workspace-data/source-maps.json,.nx/workspace-data/project-graph.json,.nx/workspace-data/file-map.json,.nx/workspace-data/eslint-2654242865465226088.hash,.nx/workspace-data/vite-9347777721732807074.hash,.nx/workspace-data/jest-7930610538513362720.hash,.nx/workspace-data/react-router-8507840353650169656.hash
[NX v21.2.1 Daemon Server] - 2026-09-02T00:25:01.109Z - [REQUEST]: .nx/workspace-data/file-map.json~a74176fd,.nx/workspace-data/project-graph.json~a74176fd,.nx/workspace-data/source-maps.json~a74176fd,.nx/workspace-data/tsc-2568428459166798129.hash.34254.08e686af.tmp,.nx/workspace-data/tsconfig-files.hash.34254.b72c1548.tmp
[NX v21.2.1 Daemon Server] - 2026-09-02T00:25:01.116Z - [REQUEST]: Responding to the client. handleHashMultiGlob
[NX v21.2.1 Daemon Server] - 2026-09-02T00:25:01.116Z - Done responding to the client handleHashMultiGlob
[NX v21.2.1 Daemon Server] - 2026-09-02T00:25:01.116Z - Handled HASH_GLOB. Handling time: 0. Response time: 0.
[NX v21.2.1 Daemon Server] - 2026-09-02T00:25:01.118Z - [REQUEST]: Responding to the client. handleGlob
[NX v21.2.1 Daemon Server] - 2026-09-02T00:25:01.118Z - Done responding to the client handleGlob
[NX v21.2.1 Daemon Server] - 2026-09-02T00:25:01.118Z - Handled GLOB. Handling time: 0. Response time: 0.
[NX v21.2.1 Daemon Server] - 2026-09-02T00:25:01.118Z - Time taken for 'hash changed files from watcher' 0.7800829999996495ms
[NX v21.2.1 Daemon Server] - 2026-09-02T00:25:01.122Z - [REQUEST]: Responding to the client. handleHashMultiGlob
[NX v21.2.1 Daemon Server] - 2026-09-02T00:25:01.122Z - Done responding to the client handleHashMultiGlob
[NX v21.2.1 Daemon Server] - 2026-09-02T00:25:01.122Z - Handled HASH_GLOB. Handling time: 3. Response time: 0.
[NX v21.2.1 Daemon Server] - 2026-09-02T00:25:01.123Z - [REQUEST]: Responding to the client. handleHashMultiGlob
[NX v21.2.1 Daemon Server] - 2026-09-02T00:25:01.123Z - Done responding to the client handleHashMultiGlob
[NX v21.2.1 Daemon Server] - 2026-09-02T00:25:01.123Z - Handled HASH_GLOB. Handling time: 1. Response time: 0.
[NX v21.2.1 Daemon Server] - 2026-09-02T00:25:01.127Z - [REQUEST]: Responding to the client. handleHashMultiGlob
[NX v21.2.1 Daemon Server] - 2026-09-02T00:25:01.127Z - Done responding to the client handleHashMultiGlob
[NX v21.2.1 Daemon Server] - 2026-09-02T00:25:01.127Z - Handled HASH_GLOB. Handling time: 3. Response time: 0.
[NX v21.2.1 Daemon Server] - 2026-09-02T00:25:01.146Z - Time taken for 'build-project-configs' 31.196334000000206ms
[NX v21.2.1 Daemon Server] - 2026-09-02T00:25:01.148Z - Time taken for '@nx/js/typescript:createDependencies' 5.208540999999968ms
[NX v21.2.1 Daemon Server] - 2026-09-02T00:25:01.148Z - Time taken for '@nx/vite/plugin:createDependencies' 4.171083000000181ms
[NX v21.2.1 Daemon Server] - 2026-09-02T00:25:01.160Z - [SYNC]: collect registered sync generators
[NX v21.2.1 Daemon Server] - 2026-09-02T00:25:01.160Z - [SYNC]: project graph hash is the same, not collecting task sync generators
[NX v21.2.1 Daemon Server] - 2026-09-02T00:25:01.160Z - [SYNC]: nx.json hash is the same, not collecting global sync generators
[NX v21.2.1 Daemon Server] - 2026-09-02T00:25:01.160Z - [SYNC]: scheduling: ["@nx/js:typescript-sync"]
[NX v21.2.1 Daemon Server] - 2026-09-02T00:25:01.160Z - [REQUEST]: Responding to the client. File watch changed
[NX v21.2.1 Daemon Server] - 2026-09-02T00:25:01.160Z - Done responding to the client File watch changed
[NX v21.2.1 Daemon Server] - 2026-09-02T00:25:01.160Z - Handled FILE-WATCH-CHANGED. Handling time: 0. Response time: 0.
[NX v21.2.1 Daemon Server] - 2026-09-02T00:25:01.160Z - Time taken for 'total execution time for createProjectGraph()' 11.636000000000422ms
[NX v21.2.1 Daemon Server] - 2026-09-02T00:25:01.180Z - [WATCHER]: 5 file(s) created or restored, 4 file(s) modified, 5 file(s) deleted
[NX v21.2.1 Daemon Server] - 2026-09-02T00:25:01.180Z - [REQUEST]: Responding to the client. File watch changed
[NX v21.2.1 Daemon Server] - 2026-09-02T00:25:01.180Z - Done responding to the client File watch changed
[NX v21.2.1 Daemon Server] - 2026-09-02T00:25:01.180Z - Handled FILE-WATCH-CHANGED. Handling time: 0. Response time: 0.
[NX v21.2.1 Daemon Server] - 2026-09-02T00:25:01.180Z - Time taken for 'changed-projects' 0.034042000000226835ms
[NX v21.2.1 Daemon Server] - 2026-09-02T00:25:01.281Z - [REQUEST]: Updated workspace context based on watched changes, recomputing project graph...
[NX v21.2.1 Daemon Server] - 2026-09-02T00:25:01.281Z - [REQUEST]: .nx/workspace-data/file-map.json,.nx/workspace-data/tsc-2568428459166798129.hash,.nx/workspace-data/tsconfig-files.hash,.nx/workspace-data/project-graph.json,.nx/workspace-data/source-maps.json,.nx/workspace-data/vite-9347777721732807074.hash,.nx/workspace-data/jest-7930610538513362720.hash,.nx/workspace-data/eslint-2654242865465226088.hash,.nx/workspace-data/react-router-8507840353650169656.hash
[NX v21.2.1 Daemon Server] - 2026-09-02T00:25:01.281Z - [REQUEST]: .nx/workspace-data/file-map.json~da26780f,.nx/workspace-data/tsconfig-files.hash.34254.f7c3d5ee.tmp,.nx/workspace-data/project-graph.json~da26780f,.nx/workspace-data/tsc-2568428459166798129.hash.34254.b7ca9410.tmp,.nx/workspace-data/source-maps.json~da26780f
[NX v21.2.1 Daemon Server] - 2026-09-02T00:25:01.287Z - [REQUEST]: Responding to the client. handleHashMultiGlob
[NX v21.2.1 Daemon Server] - 2026-09-02T00:25:01.287Z - Done responding to the client handleHashMultiGlob
[NX v21.2.1 Daemon Server] - 2026-09-02T00:25:01.287Z - Handled HASH_GLOB. Handling time: 0. Response time: 0.
[NX v21.2.1 Daemon Server] - 2026-09-02T00:25:01.288Z - [REQUEST]: Responding to the client. handleGlob
[NX v21.2.1 Daemon Server] - 2026-09-02T00:25:01.288Z - Done responding to the client handleGlob
[NX v21.2.1 Daemon Server] - 2026-09-02T00:25:01.288Z - Handled GLOB. Handling time: 0. Response time: 0.
[NX v21.2.1 Daemon Server] - 2026-09-02T00:25:01.288Z - Time taken for 'hash changed files from watcher' 0.7559579999997368ms
[NX v21.2.1 Daemon Server] - 2026-09-02T00:25:01.292Z - [REQUEST]: Responding to the client. handleHashMultiGlob
[NX v21.2.1 Daemon Server] - 2026-09-02T00:25:01.292Z - Done responding to the client handleHashMultiGlob
[NX v21.2.1 Daemon Server] - 2026-09-02T00:25:01.292Z - Handled HASH_GLOB. Handling time: 3. Response time: 0.
[NX v21.2.1 Daemon Server] - 2026-09-02T00:25:01.294Z - [REQUEST]: Responding to the client. handleHashMultiGlob
[NX v21.2.1 Daemon Server] - 2026-09-02T00:25:01.294Z - Done responding to the client handleHashMultiGlob
[NX v21.2.1 Daemon Server] - 2026-09-02T00:25:01.294Z - Handled HASH_GLOB. Handling time: 2. Response time: 0.
[NX v21.2.1 Daemon Server] - 2026-09-02T00:25:01.298Z - [REQUEST]: Responding to the client. handleHashMultiGlob
[NX v21.2.1 Daemon Server] - 2026-09-02T00:25:01.298Z - Done responding to the client handleHashMultiGlob
[NX v21.2.1 Daemon Server] - 2026-09-02T00:25:01.298Z - Handled HASH_GLOB. Handling time: 4. Response time: 0.
[NX v21.2.1 Daemon Server] - 2026-09-02T00:25:01.316Z - Time taken for 'build-project-configs' 28.94579199999953ms
[NX v21.2.1 Daemon Server] - 2026-09-02T00:25:01.318Z - Time taken for '@nx/js/typescript:createDependencies' 5.029375000000073ms
[NX v21.2.1 Daemon Server] - 2026-09-02T00:25:01.318Z - Time taken for '@nx/vite/plugin:createDependencies' 3.9632080000001224ms
[NX v21.2.1 Daemon Server] - 2026-09-02T00:25:01.329Z - [SYNC]: collect registered sync generators
[NX v21.2.1 Daemon Server] - 2026-09-02T00:25:01.330Z - [SYNC]: project graph hash is the same, not collecting task sync generators
[NX v21.2.1 Daemon Server] - 2026-09-02T00:25:01.330Z - [SYNC]: nx.json hash is the same, not collecting global sync generators
[NX v21.2.1 Daemon Server] - 2026-09-02T00:25:01.330Z - [SYNC]: scheduling: ["@nx/js:typescript-sync"]
[NX v21.2.1 Daemon Server] - 2026-09-02T00:25:01.330Z - [REQUEST]: Responding to the client. File watch changed
[NX v21.2.1 Daemon Server] - 2026-09-02T00:25:01.330Z - Done responding to the client File watch changed
[NX v21.2.1 Daemon Server] - 2026-09-02T00:25:01.330Z - Handled FILE-WATCH-CHANGED. Handling time: 0. Response time: 0.
[NX v21.2.1 Daemon Server] - 2026-09-02T00:25:01.330Z - Time taken for 'total execution time for createProjectGraph()' 11.381000000000313ms
[NX v21.2.1 Daemon Server] - 2026-09-02T00:25:01.352Z - [WATCHER]: 5 file(s) created or restored, 4 file(s) modified, 5 file(s) deleted
[NX v21.2.1 Daemon Server] - 2026-09-02T00:25:01.352Z - [REQUEST]: Responding to the client. File watch changed
[NX v21.2.1 Daemon Server] - 2026-09-02T00:25:01.352Z - Done responding to the client File watch changed
[NX v21.2.1 Daemon Server] - 2026-09-02T00:25:01.352Z - Handled FILE-WATCH-CHANGED. Handling time: 0. Response time: 0.
[NX v21.2.1 Daemon Server] - 2026-09-02T00:25:01.352Z - Time taken for 'changed-projects' 0.030332999999700405ms
[NX v21.2.1 Daemon Server] - 2026-09-02T00:25:01.453Z - [REQUEST]: Updated workspace context based on watched changes, recomputing project graph...
[NX v21.2.1 Daemon Server] - 2026-09-02T00:25:01.453Z - [REQUEST]: .nx/workspace-data/project-graph.json,.nx/workspace-data/tsc-2568428459166798129.hash,.nx/workspace-data/source-maps.json,.nx/workspace-data/file-map.json,.nx/workspace-data/tsconfig-files.hash,.nx/workspace-data/jest-7930610538513362720.hash,.nx/workspace-data/react-router-8507840353650169656.hash,.nx/workspace-data/vite-9347777721732807074.hash,.nx/workspace-data/eslint-2654242865465226088.hash
[NX v21.2.1 Daemon Server] - 2026-09-02T00:25:01.453Z - [REQUEST]: .nx/workspace-data/tsconfig-files.hash.34254.7a3b9bf4.tmp,.nx/workspace-data/file-map.json~db4b214c,.nx/workspace-data/tsc-2568428459166798129.hash.34254.77c4e66f.tmp,.nx/workspace-data/source-maps.json~db4b214c,.nx/workspace-data/project-graph.json~db4b214c
[NX v21.2.1 Daemon Server] - 2026-09-02T00:25:01.460Z - [REQUEST]: Responding to the client. handleHashMultiGlob
[NX v21.2.1 Daemon Server] - 2026-09-02T00:25:01.460Z - Done responding to the client handleHashMultiGlob
[NX v21.2.1 Daemon Server] - 2026-09-02T00:25:01.460Z - Handled HASH_GLOB. Handling time: 0. Response time: 0.
[NX v21.2.1 Daemon Server] - 2026-09-02T00:25:01.461Z - [REQUEST]: Responding to the client. handleGlob
[NX v21.2.1 Daemon Server] - 2026-09-02T00:25:01.461Z - Done responding to the client handleGlob
[NX v21.2.1 Daemon Server] - 2026-09-02T00:25:01.461Z - Handled GLOB. Handling time: 1. Response time: 0.
[NX v21.2.1 Daemon Server] - 2026-09-02T00:25:01.461Z - Time taken for 'hash changed files from watcher' 0.661459000000832ms
[NX v21.2.1 Daemon Server] - 2026-09-02T00:25:01.464Z - [REQUEST]: Responding to the client. handleHashMultiGlob
[NX v21.2.1 Daemon Server] - 2026-09-02T00:25:01.465Z - Done responding to the client handleHashMultiGlob
[NX v21.2.1 Daemon Server] - 2026-09-02T00:25:01.465Z - Handled HASH_GLOB. Handling time: 3. Response time: 1.
[NX v21.2.1 Daemon Server] - 2026-09-02T00:25:01.467Z - [REQUEST]: Responding to the client. handleHashMultiGlob
[NX v21.2.1 Daemon Server] - 2026-09-02T00:25:01.467Z - Done responding to the client handleHashMultiGlob
[NX v21.2.1 Daemon Server] - 2026-09-02T00:25:01.467Z - Handled HASH_GLOB. Handling time: 2. Response time: 0.
[NX v21.2.1 Daemon Server] - 2026-09-02T00:25:01.471Z - [REQUEST]: Responding to the client. handleHashMultiGlob
[NX v21.2.1 Daemon Server] - 2026-09-02T00:25:01.472Z - Done responding to the client handleHashMultiGlob
[NX v21.2.1 Daemon Server] - 2026-09-02T00:25:01.472Z - Handled HASH_GLOB. Handling time: 3. Response time: 1.
[NX v21.2.1 Daemon Server] - 2026-09-02T00:25:01.492Z - Time taken for 'build-project-configs' 31.64812499999971ms
[NX v21.2.1 Daemon Server] - 2026-09-02T00:25:01.494Z - Time taken for '@nx/js/typescript:createDependencies' 6.3969590000006065ms
[NX v21.2.1 Daemon Server] - 2026-09-02T00:25:01.495Z - Time taken for '@nx/vite/plugin:createDependencies' 4.7645000000002256ms
[NX v21.2.1 Daemon Server] - 2026-09-02T00:25:01.506Z - [SYNC]: collect registered sync generators
[NX v21.2.1 Daemon Server] - 2026-09-02T00:25:01.506Z - [SYNC]: project graph hash is the same, not collecting task sync generators
[NX v21.2.1 Daemon Server] - 2026-09-02T00:25:01.506Z - [SYNC]: nx.json hash is the same, not collecting global sync generators
[NX v21.2.1 Daemon Server] - 2026-09-02T00:25:01.506Z - [SYNC]: scheduling: ["@nx/js:typescript-sync"]
[NX v21.2.1 Daemon Server] - 2026-09-02T00:25:01.506Z - [REQUEST]: Responding to the client. File watch changed
[NX v21.2.1 Daemon Server] - 2026-09-02T00:25:01.506Z - Done responding to the client File watch changed
[NX v21.2.1 Daemon Server] - 2026-09-02T00:25:01.506Z - Handled FILE-WATCH-CHANGED. Handling time: 0. Response time: 0.
[NX v21.2.1 Daemon Server] - 2026-09-02T00:25:01.506Z - Time taken for 'total execution time for createProjectGraph()' 13.167875000000095ms
[NX v21.2.1 Daemon Server] - 2026-09-02T00:25:01.523Z - [WATCHER]: 5 file(s) created or restored, 4 file(s) modified, 5 file(s) deleted
[NX v21.2.1 Daemon Server] - 2026-09-02T00:25:01.523Z - [REQUEST]: Responding to the client. File watch changed
[NX v21.2.1 Daemon Server] - 2026-09-02T00:25:01.523Z - Done responding to the client File watch changed
[NX v21.2.1 Daemon Server] - 2026-09-02T00:25:01.523Z - Handled FILE-WATCH-CHANGED. Handling time: 0. Response time: 0.
[NX v21.2.1 Daemon Server] - 2026-09-02T00:25:01.523Z - Time taken for 'changed-projects' 0.0281249999998181ms
[NX v21.2.1 Daemon Server] - 2026-09-02T00:25:01.623Z - [REQUEST]: Updated workspace context based on watched changes, recomputing project graph...
[NX v21.2.1 Daemon Server] - 2026-09-02T00:25:01.623Z - [REQUEST]: .nx/workspace-data/tsc-2568428459166798129.hash,.nx/workspace-data/source-maps.json,.nx/workspace-data/tsconfig-files.hash,.nx/workspace-data/file-map.json,.nx/workspace-data/project-graph.json,.nx/workspace-data/jest-7930610538513362720.hash,.nx/workspace-data/react-router-8507840353650169656.hash,.nx/workspace-data/vite-9347777721732807074.hash,.nx/workspace-data/eslint-2654242865465226088.hash
[NX v21.2.1 Daemon Server] - 2026-09-02T00:25:01.623Z - [REQUEST]: .nx/workspace-data/tsconfig-files.hash.34254.d9f9862f.tmp,.nx/workspace-data/file-map.json~6e4c0ade,.nx/workspace-data/tsc-2568428459166798129.hash.34254.b4587973.tmp,.nx/workspace-data/source-maps.json~6e4c0ade,.nx/workspace-data/project-graph.json~6e4c0ade
[NX v21.2.1 Daemon Server] - 2026-09-02T00:25:01.631Z - [REQUEST]: Responding to the client. handleHashMultiGlob
[NX v21.2.1 Daemon Server] - 2026-09-02T00:25:01.631Z - Done responding to the client handleHashMultiGlob
[NX v21.2.1 Daemon Server] - 2026-09-02T00:25:01.631Z - Handled HASH_GLOB. Handling time: 0. Response time: 0.
[NX v21.2.1 Daemon Server] - 2026-09-02T00:25:01.632Z - [REQUEST]: Responding to the client. handleGlob
[NX v21.2.1 Daemon Server] - 2026-09-02T00:25:01.632Z - Done responding to the client handleGlob
[NX v21.2.1 Daemon Server] - 2026-09-02T00:25:01.632Z - Handled GLOB. Handling time: 0. Response time: 0.
[NX v21.2.1 Daemon Server] - 2026-09-02T00:25:01.632Z - Time taken for 'hash changed files from watcher' 0.7952919999997903ms
[NX v21.2.1 Daemon Server] - 2026-09-02T00:25:01.636Z - [REQUEST]: Responding to the client. handleHashMultiGlob
[NX v21.2.1 Daemon Server] - 2026-09-02T00:25:01.636Z - Done responding to the client handleHashMultiGlob
[NX v21.2.1 Daemon Server] - 2026-09-02T00:25:01.636Z - Handled HASH_GLOB. Handling time: 4. Response time: 0.
[NX v21.2.1 Daemon Server] - 2026-09-02T00:25:01.638Z - [REQUEST]: Responding to the client. handleHashMultiGlob
[NX v21.2.1 Daemon Server] - 2026-09-02T00:25:01.638Z - Done responding to the client handleHashMultiGlob
[NX v21.2.1 Daemon Server] - 2026-09-02T00:25:01.638Z - Handled HASH_GLOB. Handling time: 2. Response time: 0.
[NX v21.2.1 Daemon Server] - 2026-09-02T00:25:01.642Z - [REQUEST]: Responding to the client. handleHashMultiGlob
[NX v21.2.1 Daemon Server] - 2026-09-02T00:25:01.642Z - Done responding to the client handleHashMultiGlob
[NX v21.2.1 Daemon Server] - 2026-09-02T00:25:01.642Z - Handled HASH_GLOB. Handling time: 4. Response time: 0.
[NX v21.2.1 Daemon Server] - 2026-09-02T00:25:01.661Z - Time taken for 'build-project-configs' 30.603916999999456ms
[NX v21.2.1 Daemon Server] - 2026-09-02T00:25:01.663Z - Time taken for '@nx/js/typescript:createDependencies' 5.016458999999486ms
[NX v21.2.1 Daemon Server] - 2026-09-02T00:25:01.663Z - Time taken for '@nx/vite/plugin:createDependencies' 3.9482920000000377ms
[NX v21.2.1 Daemon Server] - 2026-09-02T00:25:01.674Z - [SYNC]: collect registered sync generators
[NX v21.2.1 Daemon Server] - 2026-09-02T00:25:01.674Z - [SYNC]: project graph hash is the same, not collecting task sync generators
[NX v21.2.1 Daemon Server] - 2026-09-02T00:25:01.674Z - [SYNC]: nx.json hash is the same, not collecting global sync generators
[NX v21.2.1 Daemon Server] - 2026-09-02T00:25:01.674Z - [SYNC]: scheduling: ["@nx/js:typescript-sync"]
[NX v21.2.1 Daemon Server] - 2026-09-02T00:25:01.674Z - [REQUEST]: Responding to the client. File watch changed
[NX v21.2.1 Daemon Server] - 2026-09-02T00:25:01.674Z - Done responding to the client File watch changed
[NX v21.2.1 Daemon Server] - 2026-09-02T00:25:01.674Z - Handled FILE-WATCH-CHANGED. Handling time: 0. Response time: 0.
[NX v21.2.1 Daemon Server] - 2026-09-02T00:25:01.674Z - Time taken for 'total execution time for createProjectGraph()' 11.332666999999674ms
[NX v21.2.1 Daemon Server] - 2026-09-02T00:25:01.694Z - [WATCHER]: 5 file(s) created or restored, 4 file(s) modified, 5 file(s) deleted
[NX v21.2.1 Daemon Server] - 2026-09-02T00:25:01.694Z - [REQUEST]: Responding to the client. File watch changed
[NX v21.2.1 Daemon Server] - 2026-09-02T00:25:01.694Z - Done responding to the client File watch changed
[NX v21.2.1 Daemon Server] - 2026-09-02T00:25:01.694Z - Handled FILE-WATCH-CHANGED. Handling time: 0. Response time: 0.
[NX v21.2.1 Daemon Server] - 2026-09-02T00:25:01.694Z - Time taken for 'changed-projects' 0.024707999999918684ms
[NX v21.2.1 Daemon Server] - 2026-09-02T00:25:01.796Z - [REQUEST]: Updated workspace context based on watched changes, recomputing project graph...
[NX v21.2.1 Daemon Server] - 2026-09-02T00:25:01.796Z - [REQUEST]: .nx/workspace-data/file-map.json,.nx/workspace-data/project-graph.json,.nx/workspace-data/tsc-2568428459166798129.hash,.nx/workspace-data/tsconfig-files.hash,.nx/workspace-data/source-maps.json,.nx/workspace-data/jest-7930610538513362720.hash,.nx/workspace-data/react-router-8507840353650169656.hash,.nx/workspace-data/eslint-2654242865465226088.hash,.nx/workspace-data/vite-9347777721732807074.hash
[NX v21.2.1 Daemon Server] - 2026-09-02T00:25:01.796Z - [REQUEST]: .nx/workspace-data/file-map.json~c88130fb,.nx/workspace-data/tsconfig-files.hash.34254.091a9f00.tmp,.nx/workspace-data/project-graph.json~c88130fb,.nx/workspace-data/source-maps.json~c88130fb,.nx/workspace-data/tsc-2568428459166798129.hash.34254.5091567a.tmp
[NX v21.2.1 Daemon Server] - 2026-09-02T00:25:01.804Z - [REQUEST]: Responding to the client. handleHashMultiGlob
[NX v21.2.1 Daemon Server] - 2026-09-02T00:25:01.804Z - Done responding to the client handleHashMultiGlob
[NX v21.2.1 Daemon Server] - 2026-09-02T00:25:01.804Z - Handled HASH_GLOB. Handling time: 0. Response time: 0.
[NX v21.2.1 Daemon Server] - 2026-09-02T00:25:01.805Z - [REQUEST]: Responding to the client. handleGlob
[NX v21.2.1 Daemon Server] - 2026-09-02T00:25:01.805Z - Done responding to the client handleGlob
[NX v21.2.1 Daemon Server] - 2026-09-02T00:25:01.805Z - Handled GLOB. Handling time: 1. Response time: 0.
[NX v21.2.1 Daemon Server] - 2026-09-02T00:25:01.805Z - Time taken for 'hash changed files from watcher' 1.0129170000000158ms
[NX v21.2.1 Daemon Server] - 2026-09-02T00:25:01.809Z - [REQUEST]: Responding to the client. handleHashMultiGlob
[NX v21.2.1 Daemon Server] - 2026-09-02T00:25:01.809Z - Done responding to the client handleHashMultiGlob
[NX v21.2.1 Daemon Server] - 2026-09-02T00:25:01.809Z - Handled HASH_GLOB. Handling time: 4. Response time: 0.
[NX v21.2.1 Daemon Server] - 2026-09-02T00:25:01.811Z - [REQUEST]: Responding to the client. handleHashMultiGlob
[NX v21.2.1 Daemon Server] - 2026-09-02T00:25:01.811Z - Done responding to the client handleHashMultiGlob
[NX v21.2.1 Daemon Server] - 2026-09-02T00:25:01.811Z - Handled HASH_GLOB. Handling time: 2. Response time: 0.
[NX v21.2.1 Daemon Server] - 2026-09-02T00:25:01.815Z - [REQUEST]: Responding to the client. handleHashMultiGlob
[NX v21.2.1 Daemon Server] - 2026-09-02T00:25:01.815Z - Done responding to the client handleHashMultiGlob
[NX v21.2.1 Daemon Server] - 2026-09-02T00:25:01.815Z - Handled HASH_GLOB. Handling time: 4. Response time: 0.
[NX v21.2.1 Daemon Server] - 2026-09-02T00:25:01.833Z - Time taken for 'build-project-configs' 30.53137499999957ms
[NX v21.2.1 Daemon Server] - 2026-09-02T00:25:01.835Z - Time taken for '@nx/js/typescript:createDependencies' 5.06920799999989ms
[NX v21.2.1 Daemon Server] - 2026-09-02T00:25:01.835Z - Time taken for '@nx/vite/plugin:createDependencies' 4.0095420000006925ms
[NX v21.2.1 Daemon Server] - 2026-09-02T00:25:01.846Z - [SYNC]: collect registered sync generators
[NX v21.2.1 Daemon Server] - 2026-09-02T00:25:01.847Z - [SYNC]: project graph hash is the same, not collecting task sync generators
[NX v21.2.1 Daemon Server] - 2026-09-02T00:25:01.847Z - [SYNC]: nx.json hash is the same, not collecting global sync generators
[NX v21.2.1 Daemon Server] - 2026-09-02T00:25:01.847Z - [SYNC]: scheduling: ["@nx/js:typescript-sync"]
[NX v21.2.1 Daemon Server] - 2026-09-02T00:25:01.847Z - [REQUEST]: Responding to the client. File watch changed
[NX v21.2.1 Daemon Server] - 2026-09-02T00:25:01.847Z - Done responding to the client File watch changed
[NX v21.2.1 Daemon Server] - 2026-09-02T00:25:01.847Z - Handled FILE-WATCH-CHANGED. Handling time: 0. Response time: 0.
[NX v21.2.1 Daemon Server] - 2026-09-02T00:25:01.847Z - Time taken for 'total execution time for createProjectGraph()' 11.370833999999377ms
[NX v21.2.1 Daemon Server] - 2026-09-02T00:25:01.869Z - [WATCHER]: 5 file(s) created or restored, 4 file(s) modified, 5 file(s) deleted
[NX v21.2.1 Daemon Server] - 2026-09-02T00:25:01.869Z - [REQUEST]: Responding to the client. File watch changed
[NX v21.2.1 Daemon Server] - 2026-09-02T00:25:01.869Z - Done responding to the client File watch changed
[NX v21.2.1 Daemon Server] - 2026-09-02T00:25:01.869Z - Handled FILE-WATCH-CHANGED. Handling time: 0. Response time: 0.
[NX v21.2.1 Daemon Server] - 2026-09-02T00:25:01.869Z - Time taken for 'changed-projects' 0.026291999999557447ms
[NX v21.2.1 Daemon Server] - 2026-09-02T00:25:01.970Z - [REQUEST]: Updated workspace context based on watched changes, recomputing project graph...
[NX v21.2.1 Daemon Server] - 2026-09-02T00:25:01.970Z - [REQUEST]: .nx/workspace-data/tsconfig-files.hash,.nx/workspace-data/project-graph.json,.nx/workspace-data/source-maps.json,.nx/workspace-data/file-map.json,.nx/workspace-data/tsc-2568428459166798129.hash,.nx/workspace-data/jest-7930610538513362720.hash,.nx/workspace-data/react-router-8507840353650169656.hash,.nx/workspace-data/eslint-2654242865465226088.hash,.nx/workspace-data/vite-9347777721732807074.hash
[NX v21.2.1 Daemon Server] - 2026-09-02T00:25:01.970Z - [REQUEST]: .nx/workspace-data/file-map.json~5c9fc1f4,.nx/workspace-data/source-maps.json~5c9fc1f4,.nx/workspace-data/tsconfig-files.hash.34254.e285cc40.tmp,.nx/workspace-data/project-graph.json~5c9fc1f4,.nx/workspace-data/tsc-2568428459166798129.hash.34254.cb984d24.tmp
[NX v21.2.1 Daemon Server] - 2026-09-02T00:25:01.978Z - [REQUEST]: Responding to the client. handleHashMultiGlob
[NX v21.2.1 Daemon Server] - 2026-09-02T00:25:01.978Z - Done responding to the client handleHashMultiGlob
[NX v21.2.1 Daemon Server] - 2026-09-02T00:25:01.978Z - Handled HASH_GLOB. Handling time: 0. Response time: 0.
[NX v21.2.1 Daemon Server] - 2026-09-02T00:25:01.981Z - [REQUEST]: Responding to the client. handleGlob
[NX v21.2.1 Daemon Server] - 2026-09-02T00:25:01.981Z - Done responding to the client handleGlob
[NX v21.2.1 Daemon Server] - 2026-09-02T00:25:01.981Z - Handled GLOB. Handling time: 1. Response time: 0.
[NX v21.2.1 Daemon Server] - 2026-09-02T00:25:01.981Z - Time taken for 'hash changed files from watcher' 0.7657909999998083ms
[NX v21.2.1 Daemon Server] - 2026-09-02T00:25:01.985Z - [REQUEST]: Responding to the client. handleHashMultiGlob
[NX v21.2.1 Daemon Server] - 2026-09-02T00:25:01.985Z - Done responding to the client handleHashMultiGlob
[NX v21.2.1 Daemon Server] - 2026-09-02T00:25:01.985Z - Handled HASH_GLOB. Handling time: 4. Response time: 0.
[NX v21.2.1 Daemon Server] - 2026-09-02T00:25:01.987Z - [REQUEST]: Responding to the client. handleHashMultiGlob
[NX v21.2.1 Daemon Server] - 2026-09-02T00:25:01.987Z - Done responding to the client handleHashMultiGlob
[NX v21.2.1 Daemon Server] - 2026-09-02T00:25:01.987Z - Handled HASH_GLOB. Handling time: 1. Response time: 0.
[NX v21.2.1 Daemon Server] - 2026-09-02T00:25:01.991Z - [REQUEST]: Responding to the client. handleHashMultiGlob
[NX v21.2.1 Daemon Server] - 2026-09-02T00:25:01.991Z - Done responding to the client handleHashMultiGlob
[NX v21.2.1 Daemon Server] - 2026-09-02T00:25:01.991Z - Handled HASH_GLOB. Handling time: 3. Response time: 0.
[NX v21.2.1 Daemon Server] - 2026-09-02T00:25:02.009Z - Time taken for 'build-project-configs' 32.44087500000023ms
[NX v21.2.1 Daemon Server] - 2026-09-02T00:25:02.011Z - Time taken for '@nx/js/typescript:createDependencies' 5.126666000000114ms
[NX v21.2.1 Daemon Server] - 2026-09-02T00:25:02.022Z - [SYNC]: collect registered sync generators
[NX v21.2.1 Daemon Server] - 2026-09-02T00:25:02.023Z - [SYNC]: project graph hash is the same, not collecting task sync generators
[NX v21.2.1 Daemon Server] - 2026-09-02T00:25:02.023Z - [SYNC]: nx.json hash is the same, not collecting global sync generators
[NX v21.2.1 Daemon Server] - 2026-09-02T00:25:02.023Z - [SYNC]: scheduling: ["@nx/js:typescript-sync"]
[NX v21.2.1 Daemon Server] - 2026-09-02T00:25:02.023Z - [REQUEST]: Responding to the client. File watch changed
[NX v21.2.1 Daemon Server] - 2026-09-02T00:25:02.023Z - Done responding to the client File watch changed
[NX v21.2.1 Daemon Server] - 2026-09-02T00:25:02.023Z - Handled FILE-WATCH-CHANGED. Handling time: 0. Response time: 0.
[NX v21.2.1 Daemon Server] - 2026-09-02T00:25:02.023Z - Time taken for 'total execution time for createProjectGraph()' 11.444375000000036ms
[NX v21.2.1 Daemon Server] - 2026-09-02T00:25:02.043Z - [WATCHER]: 5 file(s) created or restored, 4 file(s) modified, 5 file(s) deleted
[NX v21.2.1 Daemon Server] - 2026-09-02T00:25:02.043Z - [REQUEST]: Responding to the client. File watch changed
[NX v21.2.1 Daemon Server] - 2026-09-02T00:25:02.043Z - Done responding to the client File watch changed
[NX v21.2.1 Daemon Server] - 2026-09-02T00:25:02.043Z - Handled FILE-WATCH-CHANGED. Handling time: 0. Response time: 0.
[NX v21.2.1 Daemon Server] - 2026-09-02T00:25:02.043Z - Time taken for 'changed-projects' 0.02699999999913416ms
[NX v21.2.1 Daemon Server] - 2026-09-02T00:25:02.144Z - [REQUEST]: Updated workspace context based on watched changes, recomputing project graph...
[NX v21.2.1 Daemon Server] - 2026-09-02T00:25:02.144Z - [REQUEST]: .nx/workspace-data/project-graph.json,.nx/workspace-data/tsconfig-files.hash,.nx/workspace-data/file-map.json,.nx/workspace-data/source-maps.json,.nx/workspace-data/tsc-2568428459166798129.hash,.nx/workspace-data/jest-7930610538513362720.hash,.nx/workspace-data/eslint-2654242865465226088.hash,.nx/workspace-data/react-router-8507840353650169656.hash,.nx/workspace-data/vite-9347777721732807074.hash
[NX v21.2.1 Daemon Server] - 2026-09-02T00:25:02.144Z - [REQUEST]: .nx/workspace-data/project-graph.json~40e92fa9,.nx/workspace-data/source-maps.json~40e92fa9,.nx/workspace-data/tsc-2568428459166798129.hash.34254.8b48cf44.tmp,.nx/workspace-data/file-map.json~40e92fa9,.nx/workspace-data/tsconfig-files.hash.34254.a08f3b92.tmp
[NX v21.2.1 Daemon Server] - 2026-09-02T00:25:02.152Z - [REQUEST]: Responding to the client. handleHashMultiGlob
[NX v21.2.1 Daemon Server] - 2026-09-02T00:25:02.152Z - Done responding to the client handleHashMultiGlob
[NX v21.2.1 Daemon Server] - 2026-09-02T00:25:02.152Z - Handled HASH_GLOB. Handling time: 0. Response time: 0.
[NX v21.2.1 Daemon Server] - 2026-09-02T00:25:02.153Z - [REQUEST]: Responding to the client. handleGlob
[NX v21.2.1 Daemon Server] - 2026-09-02T00:25:02.153Z - Done responding to the client handleGlob
[NX v21.2.1 Daemon Server] - 2026-09-02T00:25:02.153Z - Handled GLOB. Handling time: 1. Response time: 0.
[NX v21.2.1 Daemon Server] - 2026-09-02T00:25:02.153Z - Time taken for 'hash changed files from watcher' 0.7899999999990541ms
[NX v21.2.1 Daemon Server] - 2026-09-02T00:25:02.157Z - [REQUEST]: Responding to the client. handleHashMultiGlob
[NX v21.2.1 Daemon Server] - 2026-09-02T00:25:02.157Z - Done responding to the client handleHashMultiGlob
[NX v21.2.1 Daemon Server] - 2026-09-02T00:25:02.157Z - Handled HASH_GLOB. Handling time: 4. Response time: 0.
[NX v21.2.1 Daemon Server] - 2026-09-02T00:25:02.159Z - [REQUEST]: Responding to the client. handleHashMultiGlob
[NX v21.2.1 Daemon Server] - 2026-09-02T00:25:02.159Z - Done responding to the client handleHashMultiGlob
[NX v21.2.1 Daemon Server] - 2026-09-02T00:25:02.159Z - Handled HASH_GLOB. Handling time: 2. Response time: 0.
[NX v21.2.1 Daemon Server] - 2026-09-02T00:25:02.163Z - [REQUEST]: Responding to the client. handleHashMultiGlob
[NX v21.2.1 Daemon Server] - 2026-09-02T00:25:02.163Z - Done responding to the client handleHashMultiGlob
[NX v21.2.1 Daemon Server] - 2026-09-02T00:25:02.163Z - Handled HASH_GLOB. Handling time: 4. Response time: 0.
[NX v21.2.1 Daemon Server] - 2026-09-02T00:25:02.182Z - Time taken for 'build-project-configs' 31.34337500000038ms
[NX v21.2.1 Daemon Server] - 2026-09-02T00:25:02.184Z - Time taken for '@nx/js/typescript:createDependencies' 4.96337499999936ms
[NX v21.2.1 Daemon Server] - 2026-09-02T00:25:02.184Z - Time taken for '@nx/vite/plugin:createDependencies' 3.9390829999993002ms
[NX v21.2.1 Daemon Server] - 2026-09-02T00:25:02.195Z - [SYNC]: collect registered sync generators
[NX v21.2.1 Daemon Server] - 2026-09-02T00:25:02.195Z - [SYNC]: project graph hash is the same, not collecting task sync generators
[NX v21.2.1 Daemon Server] - 2026-09-02T00:25:02.195Z - [SYNC]: nx.json hash is the same, not collecting global sync generators
[NX v21.2.1 Daemon Server] - 2026-09-02T00:25:02.195Z - [SYNC]: scheduling: ["@nx/js:typescript-sync"]
[NX v21.2.1 Daemon Server] - 2026-09-02T00:25:02.195Z - [REQUEST]: Responding to the client. File watch changed
[NX v21.2.1 Daemon Server] - 2026-09-02T00:25:02.195Z - Done responding to the client File watch changed
[NX v21.2.1 Daemon Server] - 2026-09-02T00:25:02.195Z - Handled FILE-WATCH-CHANGED. Handling time: 0. Response time: 0.
[NX v21.2.1 Daemon Server] - 2026-09-02T00:25:02.195Z - Time taken for 'total execution time for createProjectGraph()' 11.361457999999402ms
[NX v21.2.1 Daemon Server] - 2026-09-02T00:25:02.216Z - [WATCHER]: 5 file(s) created or restored, 4 file(s) modified, 5 file(s) deleted
[NX v21.2.1 Daemon Server] - 2026-09-02T00:25:02.216Z - [REQUEST]: Responding to the client. File watch changed
[NX v21.2.1 Daemon Server] - 2026-09-02T00:25:02.217Z - Done responding to the client File watch changed
[NX v21.2.1 Daemon Server] - 2026-09-02T00:25:02.217Z - Handled FILE-WATCH-CHANGED. Handling time: 0. Response time: 1.
[NX v21.2.1 Daemon Server] - 2026-09-02T00:25:02.217Z - Time taken for 'changed-projects' 0.02645900000061374ms
[NX v21.2.1 Daemon Server] - 2026-09-02T00:25:02.317Z - [REQUEST]: Updated workspace context based on watched changes, recomputing project graph...
[NX v21.2.1 Daemon Server] - 2026-09-02T00:25:02.318Z - [REQUEST]: .nx/workspace-data/tsc-2568428459166798129.hash,.nx/workspace-data/project-graph.json,.nx/workspace-data/file-map.json,.nx/workspace-data/source-maps.json,.nx/workspace-data/tsconfig-files.hash,.nx/workspace-data/react-router-8507840353650169656.hash,.nx/workspace-data/eslint-2654242865465226088.hash,.nx/workspace-data/vite-9347777721732807074.hash,.nx/workspace-data/jest-7930610538513362720.hash
[NX v21.2.1 Daemon Server] - 2026-09-02T00:25:02.318Z - [REQUEST]: .nx/workspace-data/tsconfig-files.hash.34254.d284dd67.tmp,.nx/workspace-data/source-maps.json~0048a438,.nx/workspace-data/project-graph.json~0048a438,.nx/workspace-data/tsc-2568428459166798129.hash.34254.c1ec57d4.tmp,.nx/workspace-data/file-map.json~0048a438
[NX v21.2.1 Daemon Server] - 2026-09-02T00:25:02.325Z - [REQUEST]: Responding to the client. handleHashMultiGlob
[NX v21.2.1 Daemon Server] - 2026-09-02T00:25:02.325Z - Done responding to the client handleHashMultiGlob
[NX v21.2.1 Daemon Server] - 2026-09-02T00:25:02.325Z - Handled HASH_GLOB. Handling time: 0. Response time: 0.
[NX v21.2.1 Daemon Server] - 2026-09-02T00:25:02.326Z - [REQUEST]: Responding to the client. handleGlob
[NX v21.2.1 Daemon Server] - 2026-09-02T00:25:02.326Z - Done responding to the client handleGlob
[NX v21.2.1 Daemon Server] - 2026-09-02T00:25:02.326Z - Handled GLOB. Handling time: 1. Response time: 0.
[NX v21.2.1 Daemon Server] - 2026-09-02T00:25:02.326Z - Time taken for 'hash changed files from watcher' 0.7840829999986454ms
[NX v21.2.1 Daemon Server] - 2026-09-02T00:25:02.332Z - [REQUEST]: Responding to the client. handleHashMultiGlob
[NX v21.2.1 Daemon Server] - 2026-09-02T00:25:02.332Z - Done responding to the client handleHashMultiGlob
[NX v21.2.1 Daemon Server] - 2026-09-02T00:25:02.332Z - Handled HASH_GLOB. Handling time: 5. Response time: 0.
[NX v21.2.1 Daemon Server] - 2026-09-02T00:25:02.334Z - [REQUEST]: Responding to the client. handleHashMultiGlob
[NX v21.2.1 Daemon Server] - 2026-09-02T00:25:02.334Z - Done responding to the client handleHashMultiGlob
[NX v21.2.1 Daemon Server] - 2026-09-02T00:25:02.334Z - Handled HASH_GLOB. Handling time: 2. Response time: 0.
[NX v21.2.1 Daemon Server] - 2026-09-02T00:25:02.339Z - [REQUEST]: Responding to the client. handleHashMultiGlob
[NX v21.2.1 Daemon Server] - 2026-09-02T00:25:02.339Z - Done responding to the client handleHashMultiGlob
[NX v21.2.1 Daemon Server] - 2026-09-02T00:25:02.339Z - Handled HASH_GLOB. Handling time: 5. Response time: 0.
[NX v21.2.1 Daemon Server] - 2026-09-02T00:25:02.357Z - Time taken for 'build-project-configs' 33.060584000000745ms
[NX v21.2.1 Daemon Server] - 2026-09-02T00:25:02.359Z - Time taken for '@nx/js/typescript:createDependencies' 5.034584000000905ms
[NX v21.2.1 Daemon Server] - 2026-09-02T00:25:02.359Z - Time taken for '@nx/vite/plugin:createDependencies' 4.106291999998575ms
[NX v21.2.1 Daemon Server] - 2026-09-02T00:25:02.370Z - [SYNC]: collect registered sync generators
[NX v21.2.1 Daemon Server] - 2026-09-02T00:25:02.370Z - [SYNC]: project graph hash is the same, not collecting task sync generators
[NX v21.2.1 Daemon Server] - 2026-09-02T00:25:02.371Z - [SYNC]: nx.json hash is the same, not collecting global sync generators
[NX v21.2.1 Daemon Server] - 2026-09-02T00:25:02.371Z - [SYNC]: scheduling: ["@nx/js:typescript-sync"]
[NX v21.2.1 Daemon Server] - 2026-09-02T00:25:02.371Z - [REQUEST]: Responding to the client. File watch changed
[NX v21.2.1 Daemon Server] - 2026-09-02T00:25:02.371Z - Done responding to the client File watch changed
[NX v21.2.1 Daemon Server] - 2026-09-02T00:25:02.371Z - Handled FILE-WATCH-CHANGED. Handling time: 0. Response time: 0.
[NX v21.2.1 Daemon Server] - 2026-09-02T00:25:02.371Z - Time taken for 'total execution time for createProjectGraph()' 11.629375000000437ms
[NX v21.2.1 Daemon Server] - 2026-09-02T00:25:02.389Z - [WATCHER]: 5 file(s) created or restored, 4 file(s) modified, 5 file(s) deleted
[NX v21.2.1 Daemon Server] - 2026-09-02T00:25:02.389Z - [REQUEST]: Responding to the client. File watch changed
[NX v21.2.1 Daemon Server] - 2026-09-02T00:25:02.389Z - Done responding to the client File watch changed
[NX v21.2.1 Daemon Server] - 2026-09-02T00:25:02.389Z - Handled FILE-WATCH-CHANGED. Handling time: 0. Response time: 0.
[NX v21.2.1 Daemon Server] - 2026-09-02T00:25:02.389Z - Time taken for 'changed-projects' 0.02791599999909522ms
[NX v21.2.1 Daemon Server] - 2026-09-02T00:25:02.462Z - [SYNC]: running scheduled generator @nx/js:typescript-sync
[NX v21.2.1 Daemon Server] - 2026-09-02T00:25:02.463Z - [REQUEST]: Client Request for Project Graph Received
[NX v21.2.1 Daemon Server] - 2026-09-02T00:25:02.464Z - [REQUEST]: Updated workspace context based on watched changes, recomputing project graph...
[NX v21.2.1 Daemon Server] - 2026-09-02T00:25:02.464Z - [REQUEST]: .nx/workspace-data/tsconfig-files.hash,.nx/workspace-data/project-graph.json,.nx/workspace-data/tsc-2568428459166798129.hash,.nx/workspace-data/source-maps.json,.nx/workspace-data/file-map.json,.nx/workspace-data/vite-9347777721732807074.hash,.nx/workspace-data/eslint-2654242865465226088.hash,.nx/workspace-data/react-router-8507840353650169656.hash,.nx/workspace-data/jest-7930610538513362720.hash
[NX v21.2.1 Daemon Server] - 2026-09-02T00:25:02.464Z - [REQUEST]: .nx/workspace-data/tsconfig-files.hash.34254.666fe267.tmp,.nx/workspace-data/source-maps.json~b1215fe3,.nx/workspace-data/file-map.json~b1215fe3,.nx/workspace-data/project-graph.json~b1215fe3,.nx/workspace-data/tsc-2568428459166798129.hash.34254.8701e328.tmp
[NX v21.2.1 Daemon Server] - 2026-09-02T00:25:02.470Z - Time taken for 'hash changed files from watcher' 0.6689580000002024ms
[NX v21.2.1 Daemon Server] - 2026-09-02T00:25:02.471Z - [REQUEST]: Responding to the client. handleHashMultiGlob
[NX v21.2.1 Daemon Server] - 2026-09-02T00:25:02.471Z - Done responding to the client handleHashMultiGlob
[NX v21.2.1 Daemon Server] - 2026-09-02T00:25:02.471Z - Handled HASH_GLOB. Handling time: 0. Response time: 0.
[NX v21.2.1 Daemon Server] - 2026-09-02T00:25:02.471Z - [REQUEST]: Responding to the client. handleGlob
[NX v21.2.1 Daemon Server] - 2026-09-02T00:25:02.471Z - Done responding to the client handleGlob
[NX v21.2.1 Daemon Server] - 2026-09-02T00:25:02.471Z - Handled GLOB. Handling time: 0. Response time: 0.
[NX v21.2.1 Daemon Server] - 2026-09-02T00:25:02.475Z - [REQUEST]: Responding to the client. handleHashMultiGlob
[NX v21.2.1 Daemon Server] - 2026-09-02T00:25:02.475Z - Done responding to the client handleHashMultiGlob
[NX v21.2.1 Daemon Server] - 2026-09-02T00:25:02.475Z - Handled HASH_GLOB. Handling time: 3. Response time: 0.
[NX v21.2.1 Daemon Server] - 2026-09-02T00:25:02.477Z - [REQUEST]: Responding to the client. handleHashMultiGlob
[NX v21.2.1 Daemon Server] - 2026-09-02T00:25:02.477Z - Done responding to the client handleHashMultiGlob
[NX v21.2.1 Daemon Server] - 2026-09-02T00:25:02.477Z - Handled HASH_GLOB. Handling time: 2. Response time: 0.
[NX v21.2.1 Daemon Server] - 2026-09-02T00:25:02.481Z - [REQUEST]: Responding to the client. handleHashMultiGlob
[NX v21.2.1 Daemon Server] - 2026-09-02T00:25:02.481Z - Done responding to the client handleHashMultiGlob
[NX v21.2.1 Daemon Server] - 2026-09-02T00:25:02.481Z - Handled HASH_GLOB. Handling time: 4. Response time: 0.
[NX v21.2.1 Daemon Server] - 2026-09-02T00:25:02.499Z - Time taken for 'build-project-configs' 28.214584000001196ms
[NX v21.2.1 Daemon Server] - 2026-09-02T00:25:02.500Z - Time taken for '@nx/js/typescript:createDependencies' 5.03570899999977ms
[NX v21.2.1 Daemon Server] - 2026-09-02T00:25:02.501Z - Time taken for '@nx/vite/plugin:createDependencies' 3.9613750000007713ms
[NX v21.2.1 Daemon Server] - 2026-09-02T00:25:02.512Z - [SYNC]: collect registered sync generators
[NX v21.2.1 Daemon Server] - 2026-09-02T00:25:02.512Z - [SYNC]: project graph hash is the same, not collecting task sync generators
[NX v21.2.1 Daemon Server] - 2026-09-02T00:25:02.512Z - [SYNC]: nx.json hash is the same, not collecting global sync generators
[NX v21.2.1 Daemon Server] - 2026-09-02T00:25:02.512Z - [SYNC]: scheduling: ["@nx/js:typescript-sync"]
[NX v21.2.1 Daemon Server] - 2026-09-02T00:25:02.512Z - [REQUEST]: Responding to the client. project-graph
[NX v21.2.1 Daemon Server] - 2026-09-02T00:25:02.513Z - Time taken for 'total for creating and serializing project graph' 49.067166999999245ms
[NX v21.2.1 Daemon Server] - 2026-09-02T00:25:02.514Z - Done responding to the client project-graph
[NX v21.2.1 Daemon Server] - 2026-09-02T00:25:02.514Z - Handled REQUEST_PROJECT_GRAPH. Handling time: 49. Response time: 2.
[NX v21.2.1 Daemon Server] - 2026-09-02T00:25:02.519Z - [SYNC]: @nx/js:typescript-sync changes: 
[NX v21.2.1 Daemon Server] - 2026-09-02T00:25:02.519Z - Time taken for 'run-sync-generator:@nx/js:typescript-sync' 56.97975000000042ms
[NX v21.2.1 Daemon Server] - 2026-09-02T00:25:02.536Z - [WATCHER]: 5 file(s) created or restored, 4 file(s) modified, 5 file(s) deleted
[NX v21.2.1 Daemon Server] - 2026-09-02T00:25:02.536Z - [REQUEST]: Responding to the client. File watch changed
[NX v21.2.1 Daemon Server] - 2026-09-02T00:25:02.536Z - Done responding to the client File watch changed
[NX v21.2.1 Daemon Server] - 2026-09-02T00:25:02.536Z - Handled FILE-WATCH-CHANGED. Handling time: 0. Response time: 0.
[NX v21.2.1 Daemon Server] - 2026-09-02T00:25:02.536Z - Time taken for 'changed-projects' 0.031790999999429914ms
[NX v21.2.1 Daemon Server] - 2026-09-02T00:25:02.637Z - [REQUEST]: Updated workspace context based on watched changes, recomputing project graph...
[NX v21.2.1 Daemon Server] - 2026-09-02T00:25:02.637Z - [REQUEST]: .nx/workspace-data/file-map.json,.nx/workspace-data/tsconfig-files.hash,.nx/workspace-data/tsc-2568428459166798129.hash,.nx/workspace-data/project-graph.json,.nx/workspace-data/source-maps.json,.nx/workspace-data/vite-9347777721732807074.hash,.nx/workspace-data/react-router-8507840353650169656.hash,.nx/workspace-data/eslint-2654242865465226088.hash,.nx/workspace-data/jest-7930610538513362720.hash
[NX v21.2.1 Daemon Server] - 2026-09-02T00:25:02.637Z - [REQUEST]: .nx/workspace-data/source-maps.json~a42da82a,.nx/workspace-data/tsc-2568428459166798129.hash.34254.6b51a314.tmp,.nx/workspace-data/project-graph.json~a42da82a,.nx/workspace-data/tsconfig-files.hash.34254.13c0ea3d.tmp,.nx/workspace-data/file-map.json~a42da82a
[NX v21.2.1 Daemon Server] - 2026-09-02T00:25:02.644Z - [REQUEST]: Responding to the client. handleHashMultiGlob
[NX v21.2.1 Daemon Server] - 2026-09-02T00:25:02.644Z - Done responding to the client handleHashMultiGlob
[NX v21.2.1 Daemon Server] - 2026-09-02T00:25:02.644Z - Handled HASH_GLOB. Handling time: 0. Response time: 0.
[NX v21.2.1 Daemon Server] - 2026-09-02T00:25:02.645Z - [REQUEST]: Responding to the client. handleGlob
[NX v21.2.1 Daemon Server] - 2026-09-02T00:25:02.645Z - Done responding to the client handleGlob
[NX v21.2.1 Daemon Server] - 2026-09-02T00:25:02.645Z - Handled GLOB. Handling time: 1. Response time: 0.
[NX v21.2.1 Daemon Server] - 2026-09-02T00:25:02.645Z - Time taken for 'hash changed files from watcher' 0.8455420000009326ms
[NX v21.2.1 Daemon Server] - 2026-09-02T00:25:02.649Z - [REQUEST]: Responding to the client. handleHashMultiGlob
[NX v21.2.1 Daemon Server] - 2026-09-02T00:25:02.649Z - Done responding to the client handleHashMultiGlob
[NX v21.2.1 Daemon Server] - 2026-09-02T00:25:02.649Z - Handled HASH_GLOB. Handling time: 4. Response time: 0.
[NX v21.2.1 Daemon Server] - 2026-09-02T00:25:02.650Z - [REQUEST]: Responding to the client. handleHashMultiGlob
[NX v21.2.1 Daemon Server] - 2026-09-02T00:25:02.650Z - Done responding to the client handleHashMultiGlob
[NX v21.2.1 Daemon Server] - 2026-09-02T00:25:02.650Z - Handled HASH_GLOB. Handling time: 1. Response time: 0.
[NX v21.2.1 Daemon Server] - 2026-09-02T00:25:02.655Z - [REQUEST]: Responding to the client. handleHashMultiGlob
[NX v21.2.1 Daemon Server] - 2026-09-02T00:25:02.655Z - Done responding to the client handleHashMultiGlob
[NX v21.2.1 Daemon Server] - 2026-09-02T00:25:02.655Z - Handled HASH_GLOB. Handling time: 3. Response time: 1.
[NX v21.2.1 Daemon Server] - 2026-09-02T00:25:02.673Z - Time taken for 'build-project-configs' 29.075208999998722ms
[NX v21.2.1 Daemon Server] - 2026-09-02T00:25:02.675Z - Time taken for '@nx/js/typescript:createDependencies' 5.045041999999739ms
[NX v21.2.1 Daemon Server] - 2026-09-02T00:25:02.675Z - Time taken for '@nx/vite/plugin:createDependencies' 4.033540999998877ms
[NX v21.2.1 Daemon Server] - 2026-09-02T00:25:02.687Z - [SYNC]: collect registered sync generators
[NX v21.2.1 Daemon Server] - 2026-09-02T00:25:02.687Z - [SYNC]: project graph hash is the same, not collecting task sync generators
[NX v21.2.1 Daemon Server] - 2026-09-02T00:25:02.687Z - [SYNC]: nx.json hash is the same, not collecting global sync generators
[NX v21.2.1 Daemon Server] - 2026-09-02T00:25:02.687Z - [SYNC]: scheduling: ["@nx/js:typescript-sync"]
[NX v21.2.1 Daemon Server] - 2026-09-02T00:25:02.687Z - [REQUEST]: Responding to the client. File watch changed
[NX v21.2.1 Daemon Server] - 2026-09-02T00:25:02.687Z - Done responding to the client File watch changed
[NX v21.2.1 Daemon Server] - 2026-09-02T00:25:02.687Z - Handled FILE-WATCH-CHANGED. Handling time: 0. Response time: 0.
[NX v21.2.1 Daemon Server] - 2026-09-02T00:25:02.687Z - Time taken for 'total execution time for createProjectGraph()' 12.81458399999974ms
[NX v21.2.1 Daemon Server] - 2026-09-02T00:25:02.708Z - [WATCHER]: 5 file(s) created or restored, 4 file(s) modified, 5 file(s) deleted
[NX v21.2.1 Daemon Server] - 2026-09-02T00:25:02.708Z - [REQUEST]: Responding to the client. File watch changed
[NX v21.2.1 Daemon Server] - 2026-09-02T00:25:02.708Z - Done responding to the client File watch changed
[NX v21.2.1 Daemon Server] - 2026-09-02T00:25:02.708Z - Handled FILE-WATCH-CHANGED. Handling time: 0. Response time: 0.
[NX v21.2.1 Daemon Server] - 2026-09-02T00:25:02.708Z - Time taken for 'changed-projects' 0.03375000000050932ms
[NX v21.2.1 Daemon Server] - 2026-09-02T00:25:02.809Z - [REQUEST]: Updated workspace context based on watched changes, recomputing project graph...
[NX v21.2.1 Daemon Server] - 2026-09-02T00:25:02.809Z - [REQUEST]: .nx/workspace-data/project-graph.json,.nx/workspace-data/file-map.json,.nx/workspace-data/tsconfig-files.hash,.nx/workspace-data/tsc-2568428459166798129.hash,.nx/workspace-data/source-maps.json,.nx/workspace-data/react-router-8507840353650169656.hash,.nx/workspace-data/vite-9347777721732807074.hash,.nx/workspace-data/jest-7930610538513362720.hash,.nx/workspace-data/eslint-2654242865465226088.hash
[NX v21.2.1 Daemon Server] - 2026-09-02T00:25:02.809Z - [REQUEST]: .nx/workspace-data/tsc-2568428459166798129.hash.34254.4f99ce6e.tmp,.nx/workspace-data/tsconfig-files.hash.34254.7d2e7e42.tmp,.nx/workspace-data/project-graph.json~5ec22e97,.nx/workspace-data/source-maps.json~5ec22e97,.nx/workspace-data/file-map.json~5ec22e97
[NX v21.2.1 Daemon Server] - 2026-09-02T00:25:02.817Z - [REQUEST]: Responding to the client. handleHashMultiGlob
[NX v21.2.1 Daemon Server] - 2026-09-02T00:25:02.817Z - Done responding to the client handleHashMultiGlob
[NX v21.2.1 Daemon Server] - 2026-09-02T00:25:02.817Z - Handled HASH_GLOB. Handling time: 0. Response time: 0.
[NX v21.2.1 Daemon Server] - 2026-09-02T00:25:02.817Z - [REQUEST]: Responding to the client. handleGlob
[NX v21.2.1 Daemon Server] - 2026-09-02T00:25:02.817Z - Done responding to the client handleGlob
[NX v21.2.1 Daemon Server] - 2026-09-02T00:25:02.818Z - Handled GLOB. Handling time: 0. Response time: 1.
[NX v21.2.1 Daemon Server] - 2026-09-02T00:25:02.818Z - Time taken for 'hash changed files from watcher' 0.7215829999986454ms
[NX v21.2.1 Daemon Server] - 2026-09-02T00:25:02.822Z - [REQUEST]: Responding to the client. handleHashMultiGlob
[NX v21.2.1 Daemon Server] - 2026-09-02T00:25:02.822Z - Done responding to the client handleHashMultiGlob
[NX v21.2.1 Daemon Server] - 2026-09-02T00:25:02.822Z - Handled HASH_GLOB. Handling time: 4. Response time: 0.
[NX v21.2.1 Daemon Server] - 2026-09-02T00:25:02.824Z - [REQUEST]: Responding to the client. handleHashMultiGlob
[NX v21.2.1 Daemon Server] - 2026-09-02T00:25:02.824Z - Done responding to the client handleHashMultiGlob
[NX v21.2.1 Daemon Server] - 2026-09-02T00:25:02.824Z - Handled HASH_GLOB. Handling time: 2. Response time: 0.
[NX v21.2.1 Daemon Server] - 2026-09-02T00:25:02.828Z - [REQUEST]: Responding to the client. handleHashMultiGlob
[NX v21.2.1 Daemon Server] - 2026-09-02T00:25:02.828Z - Done responding to the client handleHashMultiGlob
[NX v21.2.1 Daemon Server] - 2026-09-02T00:25:02.828Z - Handled HASH_GLOB. Handling time: 4. Response time: 0.
[NX v21.2.1 Daemon Server] - 2026-09-02T00:25:02.846Z - Time taken for 'build-project-configs' 30.690040999999837ms
[NX v21.2.1 Daemon Server] - 2026-09-02T00:25:02.848Z - Time taken for '@nx/js/typescript:createDependencies' 4.984000000000378ms
[NX v21.2.1 Daemon Server] - 2026-09-02T00:25:02.848Z - Time taken for '@nx/vite/plugin:createDependencies' 3.943916000000172ms
[NX v21.2.1 Daemon Server] - 2026-09-02T00:25:02.859Z - [SYNC]: collect registered sync generators
[NX v21.2.1 Daemon Server] - 2026-09-02T00:25:02.859Z - [SYNC]: project graph hash is the same, not collecting task sync generators
[NX v21.2.1 Daemon Server] - 2026-09-02T00:25:02.859Z - [SYNC]: nx.json hash is the same, not collecting global sync generators
[NX v21.2.1 Daemon Server] - 2026-09-02T00:25:02.859Z - [SYNC]: scheduling: ["@nx/js:typescript-sync"]
[NX v21.2.1 Daemon Server] - 2026-09-02T00:25:02.859Z - [REQUEST]: Responding to the client. File watch changed
[NX v21.2.1 Daemon Server] - 2026-09-02T00:25:02.860Z - Done responding to the client File watch changed
[NX v21.2.1 Daemon Server] - 2026-09-02T00:25:02.860Z - Handled FILE-WATCH-CHANGED. Handling time: 0. Response time: 1.
[NX v21.2.1 Daemon Server] - 2026-09-02T00:25:02.860Z - Time taken for 'total execution time for createProjectGraph()' 11.407708000000639ms
[NX v21.2.1 Daemon Server] - 2026-09-02T00:25:02.880Z - [WATCHER]: 5 file(s) created or restored, 4 file(s) modified, 5 file(s) deleted
[NX v21.2.1 Daemon Server] - 2026-09-02T00:25:02.880Z - [REQUEST]: Responding to the client. File watch changed
[NX v21.2.1 Daemon Server] - 2026-09-02T00:25:02.880Z - Done responding to the client File watch changed
[NX v21.2.1 Daemon Server] - 2026-09-02T00:25:02.880Z - Handled FILE-WATCH-CHANGED. Handling time: 0. Response time: 0.
[NX v21.2.1 Daemon Server] - 2026-09-02T00:25:02.880Z - Time taken for 'changed-projects' 0.022875000000567525ms
[NX v21.2.1 Daemon Server] - 2026-09-02T00:25:02.982Z - [REQUEST]: Updated workspace context based on watched changes, recomputing project graph...
[NX v21.2.1 Daemon Server] - 2026-09-02T00:25:02.982Z - [REQUEST]: .nx/workspace-data/tsc-2568428459166798129.hash,.nx/workspace-data/project-graph.json,.nx/workspace-data/file-map.json,.nx/workspace-data/source-maps.json,.nx/workspace-data/tsconfig-files.hash,.nx/workspace-data/jest-7930610538513362720.hash,.nx/workspace-data/vite-9347777721732807074.hash,.nx/workspace-data/react-router-8507840353650169656.hash,.nx/workspace-data/eslint-2654242865465226088.hash
[NX v21.2.1 Daemon Server] - 2026-09-02T00:25:02.982Z - [REQUEST]: .nx/workspace-data/project-graph.json~1a2651c1,.nx/workspace-data/source-maps.json~1a2651c1,.nx/workspace-data/tsc-2568428459166798129.hash.34254.fc63f39d.tmp,.nx/workspace-data/file-map.json~1a2651c1,.nx/workspace-data/tsconfig-files.hash.34254.a11fcc40.tmp
[NX v21.2.1 Daemon Server] - 2026-09-02T00:25:02.989Z - [REQUEST]: Responding to the client. handleHashMultiGlob
[NX v21.2.1 Daemon Server] - 2026-09-02T00:25:02.989Z - Done responding to the client handleHashMultiGlob
[NX v21.2.1 Daemon Server] - 2026-09-02T00:25:02.989Z - Handled HASH_GLOB. Handling time: 0. Response time: 0.
[NX v21.2.1 Daemon Server] - 2026-09-02T00:25:02.990Z - [REQUEST]: Responding to the client. handleGlob
[NX v21.2.1 Daemon Server] - 2026-09-02T00:25:02.990Z - Done responding to the client handleGlob
[NX v21.2.1 Daemon Server] - 2026-09-02T00:25:02.990Z - Handled GLOB. Handling time: 1. Response time: 0.
[NX v21.2.1 Daemon Server] - 2026-09-02T00:25:02.990Z - Time taken for 'hash changed files from watcher' 0.855333999999857ms
[NX v21.2.1 Daemon Server] - 2026-09-02T00:25:02.994Z - [REQUEST]: Responding to the client. handleHashMultiGlob
[NX v21.2.1 Daemon Server] - 2026-09-02T00:25:02.994Z - Done responding to the client handleHashMultiGlob
[NX v21.2.1 Daemon Server] - 2026-09-02T00:25:02.994Z - Handled HASH_GLOB. Handling time: 4. Response time: 0.
[NX v21.2.1 Daemon Server] - 2026-09-02T00:25:02.995Z - [REQUEST]: Responding to the client. handleHashMultiGlob
[NX v21.2.1 Daemon Server] - 2026-09-02T00:25:02.995Z - Done responding to the client handleHashMultiGlob
[NX v21.2.1 Daemon Server] - 2026-09-02T00:25:02.996Z - Handled HASH_GLOB. Handling time: 1. Response time: 1.
[NX v21.2.1 Daemon Server] - 2026-09-02T00:25:02.999Z - [REQUEST]: Responding to the client. handleHashMultiGlob
[NX v21.2.1 Daemon Server] - 2026-09-02T00:25:02.999Z - Done responding to the client handleHashMultiGlob
[NX v21.2.1 Daemon Server] - 2026-09-02T00:25:02.999Z - Handled HASH_GLOB. Handling time: 3. Response time: 0.
[NX v21.2.1 Daemon Server] - 2026-09-02T00:25:03.018Z - Time taken for 'build-project-configs' 29.472624999998516ms
[NX v21.2.1 Daemon Server] - 2026-09-02T00:25:03.020Z - Time taken for '@nx/js/typescript:createDependencies' 4.980167000001529ms
[NX v21.2.1 Daemon Server] - 2026-09-02T00:25:03.020Z - Time taken for '@nx/vite/plugin:createDependencies' 3.935875000001033ms
[NX v21.2.1 Daemon Server] - 2026-09-02T00:25:03.031Z - [SYNC]: collect registered sync generators
[NX v21.2.1 Daemon Server] - 2026-09-02T00:25:03.031Z - [SYNC]: project graph hash is the same, not collecting task sync generators
[NX v21.2.1 Daemon Server] - 2026-09-02T00:25:03.031Z - [SYNC]: nx.json hash is the same, not collecting global sync generators
[NX v21.2.1 Daemon Server] - 2026-09-02T00:25:03.031Z - [SYNC]: scheduling: ["@nx/js:typescript-sync"]
[NX v21.2.1 Daemon Server] - 2026-09-02T00:25:03.031Z - [REQUEST]: Responding to the client. File watch changed
[NX v21.2.1 Daemon Server] - 2026-09-02T00:25:03.031Z - Done responding to the client File watch changed
[NX v21.2.1 Daemon Server] - 2026-09-02T00:25:03.031Z - Handled FILE-WATCH-CHANGED. Handling time: 0. Response time: 0.
[NX v21.2.1 Daemon Server] - 2026-09-02T00:25:03.031Z - Time taken for 'total execution time for createProjectGraph()' 11.414333000000624ms
[NX v21.2.1 Daemon Server] - 2026-09-02T00:25:03.053Z - [WATCHER]: 5 file(s) created or restored, 4 file(s) modified, 5 file(s) deleted
[NX v21.2.1 Daemon Server] - 2026-09-02T00:25:03.053Z - [REQUEST]: Responding to the client. File watch changed
[NX v21.2.1 Daemon Server] - 2026-09-02T00:25:03.053Z - Done responding to the client File watch changed
[NX v21.2.1 Daemon Server] - 2026-09-02T00:25:03.053Z - Handled FILE-WATCH-CHANGED. Handling time: 0. Response time: 0.
[NX v21.2.1 Daemon Server] - 2026-09-02T00:25:03.053Z - Time taken for 'changed-projects' 0.027791999998953543ms
[NX v21.2.1 Daemon Server] - 2026-09-02T00:25:03.154Z - [REQUEST]: Updated workspace context based on watched changes, recomputing project graph...
[NX v21.2.1 Daemon Server] - 2026-09-02T00:25:03.154Z - [REQUEST]: .nx/workspace-data/file-map.json,.nx/workspace-data/source-maps.json,.nx/workspace-data/tsconfig-files.hash,.nx/workspace-data/tsc-2568428459166798129.hash,.nx/workspace-data/project-graph.json,.nx/workspace-data/vite-9347777721732807074.hash,.nx/workspace-data/eslint-2654242865465226088.hash,.nx/workspace-data/jest-7930610538513362720.hash,.nx/workspace-data/react-router-8507840353650169656.hash
[NX v21.2.1 Daemon Server] - 2026-09-02T00:25:03.155Z - [REQUEST]: .nx/workspace-data/file-map.json~6a42665d,.nx/workspace-data/project-graph.json~6a42665d,.nx/workspace-data/source-maps.json~6a42665d,.nx/workspace-data/tsc-2568428459166798129.hash.34254.ad41a1e0.tmp,.nx/workspace-data/tsconfig-files.hash.34254.81cdc71b.tmp
[NX v21.2.1 Daemon Server] - 2026-09-02T00:25:03.162Z - [REQUEST]: Responding to the client. handleHashMultiGlob
[NX v21.2.1 Daemon Server] - 2026-09-02T00:25:03.162Z - Done responding to the client handleHashMultiGlob
[NX v21.2.1 Daemon Server] - 2026-09-02T00:25:03.162Z - Handled HASH_GLOB. Handling time: 0. Response time: 0.
[NX v21.2.1 Daemon Server] - 2026-09-02T00:25:03.163Z - [REQUEST]: Responding to the client. handleGlob
[NX v21.2.1 Daemon Server] - 2026-09-02T00:25:03.163Z - Done responding to the client handleGlob
[NX v21.2.1 Daemon Server] - 2026-09-02T00:25:03.163Z - Handled GLOB. Handling time: 0. Response time: 0.
[NX v21.2.1 Daemon Server] - 2026-09-02T00:25:03.163Z - Time taken for 'hash changed files from watcher' 0.8774999999986903ms
[NX v21.2.1 Daemon Server] - 2026-09-02T00:25:03.167Z - [REQUEST]: Responding to the client. handleHashMultiGlob
[NX v21.2.1 Daemon Server] - 2026-09-02T00:25:03.167Z - Done responding to the client handleHashMultiGlob
[NX v21.2.1 Daemon Server] - 2026-09-02T00:25:03.167Z - Handled HASH_GLOB. Handling time: 3. Response time: 0.
[NX v21.2.1 Daemon Server] - 2026-09-02T00:25:03.169Z - [REQUEST]: Responding to the client. handleHashMultiGlob
[NX v21.2.1 Daemon Server] - 2026-09-02T00:25:03.169Z - Done responding to the client handleHashMultiGlob
[NX v21.2.1 Daemon Server] - 2026-09-02T00:25:03.169Z - Handled HASH_GLOB. Handling time: 1. Response time: 0.
[NX v21.2.1 Daemon Server] - 2026-09-02T00:25:03.174Z - [REQUEST]: Responding to the client. handleHashMultiGlob
[NX v21.2.1 Daemon Server] - 2026-09-02T00:25:03.174Z - Done responding to the client handleHashMultiGlob
[NX v21.2.1 Daemon Server] - 2026-09-02T00:25:03.174Z - Handled HASH_GLOB. Handling time: 4. Response time: 0.
[NX v21.2.1 Daemon Server] - 2026-09-02T00:25:03.192Z - Time taken for 'build-project-configs' 30.83795800000007ms
[NX v21.2.1 Daemon Server] - 2026-09-02T00:25:03.194Z - Time taken for '@nx/js/typescript:createDependencies' 5.046166000000085ms
[NX v21.2.1 Daemon Server] - 2026-09-02T00:25:03.194Z - Time taken for '@nx/vite/plugin:createDependencies' 3.963958000000275ms
[NX v21.2.1 Daemon Server] - 2026-09-02T00:25:03.205Z - [SYNC]: collect registered sync generators
[NX v21.2.1 Daemon Server] - 2026-09-02T00:25:03.205Z - [SYNC]: project graph hash is the same, not collecting task sync generators
[NX v21.2.1 Daemon Server] - 2026-09-02T00:25:03.205Z - [SYNC]: nx.json hash is the same, not collecting global sync generators
[NX v21.2.1 Daemon Server] - 2026-09-02T00:25:03.205Z - [SYNC]: scheduling: ["@nx/js:typescript-sync"]
[NX v21.2.1 Daemon Server] - 2026-09-02T00:25:03.205Z - [REQUEST]: Responding to the client. File watch changed
[NX v21.2.1 Daemon Server] - 2026-09-02T00:25:03.205Z - Done responding to the client File watch changed
[NX v21.2.1 Daemon Server] - 2026-09-02T00:25:03.205Z - Handled FILE-WATCH-CHANGED. Handling time: 0. Response time: 0.
[NX v21.2.1 Daemon Server] - 2026-09-02T00:25:03.205Z - Time taken for 'total execution time for createProjectGraph()' 11.4825409999994ms
[NX v21.2.1 Daemon Server] - 2026-09-02T00:25:03.226Z - [WATCHER]: 5 file(s) created or restored, 4 file(s) modified, 5 file(s) deleted
[NX v21.2.1 Daemon Server] - 2026-09-02T00:25:03.226Z - [REQUEST]: Responding to the client. File watch changed
[NX v21.2.1 Daemon Server] - 2026-09-02T00:25:03.226Z - Done responding to the client File watch changed
[NX v21.2.1 Daemon Server] - 2026-09-02T00:25:03.226Z - Handled FILE-WATCH-CHANGED. Handling time: 0. Response time: 0.
[NX v21.2.1 Daemon Server] - 2026-09-02T00:25:03.226Z - Time taken for 'changed-projects' 0.02729200000067067ms
[NX v21.2.1 Daemon Server] - 2026-09-02T00:25:03.326Z - [REQUEST]: Updated workspace context based on watched changes, recomputing project graph...
[NX v21.2.1 Daemon Server] - 2026-09-02T00:25:03.327Z - [REQUEST]: .nx/workspace-data/tsc-2568428459166798129.hash,.nx/workspace-data/source-maps.json,.nx/workspace-data/project-graph.json,.nx/workspace-data/file-map.json,.nx/workspace-data/tsconfig-files.hash,.nx/workspace-data/react-router-8507840353650169656.hash,.nx/workspace-data/jest-7930610538513362720.hash,.nx/workspace-data/vite-9347777721732807074.hash,.nx/workspace-data/eslint-2654242865465226088.hash
[NX v21.2.1 Daemon Server] - 2026-09-02T00:25:03.327Z - [REQUEST]: .nx/workspace-data/project-graph.json~f70fff0e,.nx/workspace-data/tsconfig-files.hash.34254.cda4a7ee.tmp,.nx/workspace-data/file-map.json~f70fff0e,.nx/workspace-data/tsc-2568428459166798129.hash.34254.bb07f32f.tmp,.nx/workspace-data/source-maps.json~f70fff0e
[NX v21.2.1 Daemon Server] - 2026-09-02T00:25:03.335Z - [REQUEST]: Responding to the client. handleHashMultiGlob
[NX v21.2.1 Daemon Server] - 2026-09-02T00:25:03.335Z - Done responding to the client handleHashMultiGlob
[NX v21.2.1 Daemon Server] - 2026-09-02T00:25:03.335Z - Handled HASH_GLOB. Handling time: 1. Response time: 0.
[NX v21.2.1 Daemon Server] - 2026-09-02T00:25:03.335Z - [REQUEST]: Responding to the client. handleGlob
[NX v21.2.1 Daemon Server] - 2026-09-02T00:25:03.335Z - Done responding to the client handleGlob
[NX v21.2.1 Daemon Server] - 2026-09-02T00:25:03.335Z - Handled GLOB. Handling time: 0. Response time: 0.
[NX v21.2.1 Daemon Server] - 2026-09-02T00:25:03.335Z - Time taken for 'hash changed files from watcher' 0.8179999999993015ms
[NX v21.2.1 Daemon Server] - 2026-09-02T00:25:03.339Z - [REQUEST]: Responding to the client. handleHashMultiGlob
[NX v21.2.1 Daemon Server] - 2026-09-02T00:25:03.339Z - Done responding to the client handleHashMultiGlob
[NX v21.2.1 Daemon Server] - 2026-09-02T00:25:03.339Z - Handled HASH_GLOB. Handling time: 3. Response time: 0.
[NX v21.2.1 Daemon Server] - 2026-09-02T00:25:03.341Z - [REQUEST]: Responding to the client. handleHashMultiGlob
[NX v21.2.1 Daemon Server] - 2026-09-02T00:25:03.341Z - Done responding to the client handleHashMultiGlob
[NX v21.2.1 Daemon Server] - 2026-09-02T00:25:03.341Z - Handled HASH_GLOB. Handling time: 1. Response time: 0.
[NX v21.2.1 Daemon Server] - 2026-09-02T00:25:03.345Z - [REQUEST]: Responding to the client. handleHashMultiGlob
[NX v21.2.1 Daemon Server] - 2026-09-02T00:25:03.345Z - Done responding to the client handleHashMultiGlob
[NX v21.2.1 Daemon Server] - 2026-09-02T00:25:03.345Z - Handled HASH_GLOB. Handling time: 4. Response time: 0.
[NX v21.2.1 Daemon Server] - 2026-09-02T00:25:03.364Z - Time taken for 'build-project-configs' 30.410916999999245ms
[NX v21.2.1 Daemon Server] - 2026-09-02T00:25:03.366Z - Time taken for '@nx/js/typescript:createDependencies' 5.060708000000886ms
[NX v21.2.1 Daemon Server] - 2026-09-02T00:25:03.366Z - Time taken for '@nx/vite/plugin:createDependencies' 3.9855829999996786ms
[NX v21.2.1 Daemon Server] - 2026-09-02T00:25:03.377Z - [SYNC]: collect registered sync generators
[NX v21.2.1 Daemon Server] - 2026-09-02T00:25:03.377Z - [SYNC]: project graph hash is the same, not collecting task sync generators
[NX v21.2.1 Daemon Server] - 2026-09-02T00:25:03.377Z - [SYNC]: nx.json hash is the same, not collecting global sync generators
[NX v21.2.1 Daemon Server] - 2026-09-02T00:25:03.377Z - [SYNC]: scheduling: ["@nx/js:typescript-sync"]
[NX v21.2.1 Daemon Server] - 2026-09-02T00:25:03.377Z - [REQUEST]: Responding to the client. File watch changed
[NX v21.2.1 Daemon Server] - 2026-09-02T00:25:03.377Z - Done responding to the client File watch changed
[NX v21.2.1 Daemon Server] - 2026-09-02T00:25:03.377Z - Handled FILE-WATCH-CHANGED. Handling time: 0. Response time: 0.
[NX v21.2.1 Daemon Server] - 2026-09-02T00:25:03.377Z - Time taken for 'total execution time for createProjectGraph()' 11.411000000000058ms
[NX v21.2.1 Daemon Server] - 2026-09-02T00:25:03.398Z - [WATCHER]: 5 file(s) created or restored, 4 file(s) modified, 5 file(s) deleted
[NX v21.2.1 Daemon Server] - 2026-09-02T00:25:03.398Z - [REQUEST]: Responding to the client. File watch changed
[NX v21.2.1 Daemon Server] - 2026-09-02T00:25:03.398Z - Done responding to the client File watch changed
[NX v21.2.1 Daemon Server] - 2026-09-02T00:25:03.398Z - Handled FILE-WATCH-CHANGED. Handling time: 0. Response time: 0.
[NX v21.2.1 Daemon Server] - 2026-09-02T00:25:03.398Z - Time taken for 'changed-projects' 0.026832999999896856ms
[NX v21.2.1 Daemon Server] - 2026-09-02T00:25:03.500Z - [REQUEST]: Updated workspace context based on watched changes, recomputing project graph...
[NX v21.2.1 Daemon Server] - 2026-09-02T00:25:03.500Z - [REQUEST]: .nx/workspace-data/tsconfig-files.hash,.nx/workspace-data/project-graph.json,.nx/workspace-data/source-maps.json,.nx/workspace-data/file-map.json,.nx/workspace-data/tsc-2568428459166798129.hash,.nx/workspace-data/eslint-2654242865465226088.hash,.nx/workspace-data/jest-7930610538513362720.hash,.nx/workspace-data/react-router-8507840353650169656.hash,.nx/workspace-data/vite-9347777721732807074.hash
[NX v21.2.1 Daemon Server] - 2026-09-02T00:25:03.500Z - [REQUEST]: .nx/workspace-data/tsconfig-files.hash.34254.2f0b9d90.tmp,.nx/workspace-data/project-graph.json~7d35d1c0,.nx/workspace-data/file-map.json~7d35d1c0,.nx/workspace-data/tsc-2568428459166798129.hash.34254.2ac49eb8.tmp,.nx/workspace-data/source-maps.json~7d35d1c0
[NX v21.2.1 Daemon Server] - 2026-09-02T00:25:03.508Z - [REQUEST]: Responding to the client. handleHashMultiGlob
[NX v21.2.1 Daemon Server] - 2026-09-02T00:25:03.508Z - Done responding to the client handleHashMultiGlob
[NX v21.2.1 Daemon Server] - 2026-09-02T00:25:03.508Z - Handled HASH_GLOB. Handling time: 0. Response time: 0.
[NX v21.2.1 Daemon Server] - 2026-09-02T00:25:03.509Z - [REQUEST]: Responding to the client. handleGlob
[NX v21.2.1 Daemon Server] - 2026-09-02T00:25:03.509Z - Done responding to the client handleGlob
[NX v21.2.1 Daemon Server] - 2026-09-02T00:25:03.509Z - Handled GLOB. Handling time: 1. Response time: 0.
[NX v21.2.1 Daemon Server] - 2026-09-02T00:25:03.509Z - Time taken for 'hash changed files from watcher' 0.7889169999998558ms
[NX v21.2.1 Daemon Server] - 2026-09-02T00:25:03.513Z - [REQUEST]: Responding to the client. handleHashMultiGlob
[NX v21.2.1 Daemon Server] - 2026-09-02T00:25:03.513Z - Done responding to the client handleHashMultiGlob
[NX v21.2.1 Daemon Server] - 2026-09-02T00:25:03.513Z - Handled HASH_GLOB. Handling time: 4. Response time: 0.
[NX v21.2.1 Daemon Server] - 2026-09-02T00:25:03.515Z - [REQUEST]: Responding to the client. handleHashMultiGlob
[NX v21.2.1 Daemon Server] - 2026-09-02T00:25:03.515Z - Done responding to the client handleHashMultiGlob
[NX v21.2.1 Daemon Server] - 2026-09-02T00:25:03.515Z - Handled HASH_GLOB. Handling time: 2. Response time: 0.
[NX v21.2.1 Daemon Server] - 2026-09-02T00:25:03.520Z - [REQUEST]: Responding to the client. handleHashMultiGlob
[NX v21.2.1 Daemon Server] - 2026-09-02T00:25:03.520Z - Done responding to the client handleHashMultiGlob
[NX v21.2.1 Daemon Server] - 2026-09-02T00:25:03.520Z - Handled HASH_GLOB. Handling time: 5. Response time: 0.
[NX v21.2.1 Daemon Server] - 2026-09-02T00:25:03.538Z - Time taken for 'build-project-configs' 30.569666999999754ms
[NX v21.2.1 Daemon Server] - 2026-09-02T00:25:03.541Z - Time taken for '@nx/js/typescript:createDependencies' 6.7746250000000146ms
[NX v21.2.1 Daemon Server] - 2026-09-02T00:25:03.541Z - Time taken for '@nx/vite/plugin:createDependencies' 5.755000000001019ms
[NX v21.2.1 Daemon Server] - 2026-09-02T00:25:03.553Z - [SYNC]: collect registered sync generators
[NX v21.2.1 Daemon Server] - 2026-09-02T00:25:03.553Z - [SYNC]: project graph hash is the same, not collecting task sync generators
[NX v21.2.1 Daemon Server] - 2026-09-02T00:25:03.553Z - [SYNC]: nx.json hash is the same, not collecting global sync generators
[NX v21.2.1 Daemon Server] - 2026-09-02T00:25:03.553Z - [SYNC]: scheduling: ["@nx/js:typescript-sync"]
[NX v21.2.1 Daemon Server] - 2026-09-02T00:25:03.553Z - [REQUEST]: Responding to the client. File watch changed
[NX v21.2.1 Daemon Server] - 2026-09-02T00:25:03.553Z - Done responding to the client File watch changed
[NX v21.2.1 Daemon Server] - 2026-09-02T00:25:03.553Z - Handled FILE-WATCH-CHANGED. Handling time: 0. Response time: 0.
[NX v21.2.1 Daemon Server] - 2026-09-02T00:25:03.553Z - Time taken for 'total execution time for createProjectGraph()' 13.167999999999665ms
[NX v21.2.1 Daemon Server] - 2026-09-02T00:25:03.571Z - [WATCHER]: 5 file(s) created or restored, 4 file(s) modified, 5 file(s) deleted
[NX v21.2.1 Daemon Server] - 2026-09-02T00:25:03.571Z - [REQUEST]: Responding to the client. File watch changed
[NX v21.2.1 Daemon Server] - 2026-09-02T00:25:03.571Z - Done responding to the client File watch changed
[NX v21.2.1 Daemon Server] - 2026-09-02T00:25:03.571Z - Handled FILE-WATCH-CHANGED. Handling time: 0. Response time: 0.
[NX v21.2.1 Daemon Server] - 2026-09-02T00:25:03.571Z - Time taken for 'changed-projects' 0.02691700000104902ms
[NX v21.2.1 Daemon Server] - 2026-09-02T00:25:03.672Z - [REQUEST]: Updated workspace context based on watched changes, recomputing project graph...
[NX v21.2.1 Daemon Server] - 2026-09-02T00:25:03.672Z - [REQUEST]: .nx/workspace-data/source-maps.json,.nx/workspace-data/tsconfig-files.hash,.nx/workspace-data/tsc-2568428459166798129.hash,.nx/workspace-data/project-graph.json,.nx/workspace-data/file-map.json,.nx/workspace-data/jest-7930610538513362720.hash,.nx/workspace-data/eslint-2654242865465226088.hash,.nx/workspace-data/vite-9347777721732807074.hash,.nx/workspace-data/react-router-8507840353650169656.hash
[NX v21.2.1 Daemon Server] - 2026-09-02T00:25:03.672Z - [REQUEST]: .nx/workspace-data/project-graph.json~14846b68,.nx/workspace-data/tsconfig-files.hash.34254.6fa3f38d.tmp,.nx/workspace-data/file-map.json~14846b68,.nx/workspace-data/source-maps.json~14846b68,.nx/workspace-data/tsc-2568428459166798129.hash.34254.86636507.tmp
[NX v21.2.1 Daemon Server] - 2026-09-02T00:25:03.680Z - [REQUEST]: Responding to the client. handleHashMultiGlob
[NX v21.2.1 Daemon Server] - 2026-09-02T00:25:03.680Z - Done responding to the client handleHashMultiGlob
[NX v21.2.1 Daemon Server] - 2026-09-02T00:25:03.680Z - Handled HASH_GLOB. Handling time: 0. Response time: 0.
[NX v21.2.1 Daemon Server] - 2026-09-02T00:25:03.681Z - [REQUEST]: Responding to the client. handleGlob
[NX v21.2.1 Daemon Server] - 2026-09-02T00:25:03.681Z - Done responding to the client handleGlob
[NX v21.2.1 Daemon Server] - 2026-09-02T00:25:03.681Z - Handled GLOB. Handling time: 1. Response time: 0.
[NX v21.2.1 Daemon Server] - 2026-09-02T00:25:03.681Z - Time taken for 'hash changed files from watcher' 0.8282090000011522ms
[NX v21.2.1 Daemon Server] - 2026-09-02T00:25:03.685Z - [REQUEST]: Responding to the client. handleHashMultiGlob
[NX v21.2.1 Daemon Server] - 2026-09-02T00:25:03.685Z - Done responding to the client handleHashMultiGlob
[NX v21.2.1 Daemon Server] - 2026-09-02T00:25:03.685Z - Handled HASH_GLOB. Handling time: 4. Response time: 0.
[NX v21.2.1 Daemon Server] - 2026-09-02T00:25:03.687Z - [REQUEST]: Responding to the client. handleHashMultiGlob
[NX v21.2.1 Daemon Server] - 2026-09-02T00:25:03.687Z - Done responding to the client handleHashMultiGlob
[NX v21.2.1 Daemon Server] - 2026-09-02T00:25:03.687Z - Handled HASH_GLOB. Handling time: 2. Response time: 0.
[NX v21.2.1 Daemon Server] - 2026-09-02T00:25:03.691Z - [REQUEST]: Responding to the client. handleHashMultiGlob
[NX v21.2.1 Daemon Server] - 2026-09-02T00:25:03.691Z - Done responding to the client handleHashMultiGlob
[NX v21.2.1 Daemon Server] - 2026-09-02T00:25:03.691Z - Handled HASH_GLOB. Handling time: 4. Response time: 0.
[NX v21.2.1 Daemon Server] - 2026-09-02T00:25:03.710Z - Time taken for 'build-project-configs' 30.900666999999885ms
[NX v21.2.1 Daemon Server] - 2026-09-02T00:25:03.712Z - Time taken for '@nx/js/typescript:createDependencies' 4.9667499999995925ms
[NX v21.2.1 Daemon Server] - 2026-09-02T00:25:03.712Z - Time taken for '@nx/vite/plugin:createDependencies' 3.9218330000003334ms
[NX v21.2.1 Daemon Server] - 2026-09-02T00:25:03.723Z - [SYNC]: collect registered sync generators
[NX v21.2.1 Daemon Server] - 2026-09-02T00:25:03.723Z - [SYNC]: project graph hash is the same, not collecting task sync generators
[NX v21.2.1 Daemon Server] - 2026-09-02T00:25:03.723Z - [SYNC]: nx.json hash is the same, not collecting global sync generators
[NX v21.2.1 Daemon Server] - 2026-09-02T00:25:03.723Z - [SYNC]: scheduling: ["@nx/js:typescript-sync"]
[NX v21.2.1 Daemon Server] - 2026-09-02T00:25:03.723Z - [REQUEST]: Responding to the client. File watch changed
[NX v21.2.1 Daemon Server] - 2026-09-02T00:25:03.723Z - Done responding to the client File watch changed
[NX v21.2.1 Daemon Server] - 2026-09-02T00:25:03.723Z - Handled FILE-WATCH-CHANGED. Handling time: 0. Response time: 0.
[NX v21.2.1 Daemon Server] - 2026-09-02T00:25:03.723Z - Time taken for 'total execution time for createProjectGraph()' 11.4275000000016ms
[NX v21.2.1 Daemon Server] - 2026-09-02T00:25:03.744Z - [WATCHER]: 5 file(s) created or restored, 4 file(s) modified, 5 file(s) deleted
[NX v21.2.1 Daemon Server] - 2026-09-02T00:25:03.744Z - [REQUEST]: Responding to the client. File watch changed
[NX v21.2.1 Daemon Server] - 2026-09-02T00:25:03.745Z - Done responding to the client File watch changed
[NX v21.2.1 Daemon Server] - 2026-09-02T00:25:03.745Z - Handled FILE-WATCH-CHANGED. Handling time: 0. Response time: 1.
[NX v21.2.1 Daemon Server] - 2026-09-02T00:25:03.745Z - Time taken for 'changed-projects' 0.029625000001033186ms
[NX v21.2.1 Daemon Server] - 2026-09-02T00:25:03.845Z - [REQUEST]: Updated workspace context based on watched changes, recomputing project graph...
[NX v21.2.1 Daemon Server] - 2026-09-02T00:25:03.846Z - [REQUEST]: .nx/workspace-data/source-maps.json,.nx/workspace-data/project-graph.json,.nx/workspace-data/tsc-2568428459166798129.hash,.nx/workspace-data/file-map.json,.nx/workspace-data/tsconfig-files.hash,.nx/workspace-data/jest-7930610538513362720.hash,.nx/workspace-data/react-router-8507840353650169656.hash,.nx/workspace-data/vite-9347777721732807074.hash,.nx/workspace-data/eslint-2654242865465226088.hash
[NX v21.2.1 Daemon Server] - 2026-09-02T00:25:03.846Z - [REQUEST]: .nx/workspace-data/source-maps.json~e8aa7478,.nx/workspace-data/project-graph.json~e8aa7478,.nx/workspace-data/file-map.json~e8aa7478,.nx/workspace-data/tsconfig-files.hash.34254.5d87a6ae.tmp,.nx/workspace-data/tsc-2568428459166798129.hash.34254.652efb19.tmp
[NX v21.2.1 Daemon Server] - 2026-09-02T00:25:03.853Z - [REQUEST]: Responding to the client. handleHashMultiGlob
[NX v21.2.1 Daemon Server] - 2026-09-02T00:25:03.854Z - Done responding to the client handleHashMultiGlob
[NX v21.2.1 Daemon Server] - 2026-09-02T00:25:03.854Z - Handled HASH_GLOB. Handling time: 0. Response time: 1.
[NX v21.2.1 Daemon Server] - 2026-09-02T00:25:03.854Z - [REQUEST]: Responding to the client. handleGlob
[NX v21.2.1 Daemon Server] - 2026-09-02T00:25:03.854Z - Done responding to the client handleGlob
[NX v21.2.1 Daemon Server] - 2026-09-02T00:25:03.854Z - Handled GLOB. Handling time: 0. Response time: 0.
[NX v21.2.1 Daemon Server] - 2026-09-02T00:25:03.854Z - Time taken for 'hash changed files from watcher' 0.8571250000004511ms
[NX v21.2.1 Daemon Server] - 2026-09-02T00:25:03.858Z - [REQUEST]: Responding to the client. handleHashMultiGlob
[NX v21.2.1 Daemon Server] - 2026-09-02T00:25:03.858Z - Done responding to the client handleHashMultiGlob
[NX v21.2.1 Daemon Server] - 2026-09-02T00:25:03.858Z - Handled HASH_GLOB. Handling time: 3. Response time: 0.
[NX v21.2.1 Daemon Server] - 2026-09-02T00:25:03.860Z - [REQUEST]: Responding to the client. handleHashMultiGlob
[NX v21.2.1 Daemon Server] - 2026-09-02T00:25:03.860Z - Done responding to the client handleHashMultiGlob
[NX v21.2.1 Daemon Server] - 2026-09-02T00:25:03.860Z - Handled HASH_GLOB. Handling time: 1. Response time: 0.
[NX v21.2.1 Daemon Server] - 2026-09-02T00:25:03.865Z - [REQUEST]: Responding to the client. handleHashMultiGlob
[NX v21.2.1 Daemon Server] - 2026-09-02T00:25:03.865Z - Done responding to the client handleHashMultiGlob
[NX v21.2.1 Daemon Server] - 2026-09-02T00:25:03.865Z - Handled HASH_GLOB. Handling time: 4. Response time: 0.
[NX v21.2.1 Daemon Server] - 2026-09-02T00:25:03.883Z - Time taken for 'build-project-configs' 30.727457999999388ms
[NX v21.2.1 Daemon Server] - 2026-09-02T00:25:03.885Z - Time taken for '@nx/js/typescript:createDependencies' 5.023250000000189ms
[NX v21.2.1 Daemon Server] - 2026-09-02T00:25:03.885Z - Time taken for '@nx/vite/plugin:createDependencies' 3.9687080000003334ms
[NX v21.2.1 Daemon Server] - 2026-09-02T00:25:03.897Z - [SYNC]: collect registered sync generators
[NX v21.2.1 Daemon Server] - 2026-09-02T00:25:03.897Z - [SYNC]: project graph hash is the same, not collecting task sync generators
[NX v21.2.1 Daemon Server] - 2026-09-02T00:25:03.897Z - [SYNC]: nx.json hash is the same, not collecting global sync generators
[NX v21.2.1 Daemon Server] - 2026-09-02T00:25:03.897Z - [SYNC]: scheduling: ["@nx/js:typescript-sync"]
[NX v21.2.1 Daemon Server] - 2026-09-02T00:25:03.897Z - [REQUEST]: Responding to the client. File watch changed
[NX v21.2.1 Daemon Server] - 2026-09-02T00:25:03.897Z - Done responding to the client File watch changed
[NX v21.2.1 Daemon Server] - 2026-09-02T00:25:03.897Z - Handled FILE-WATCH-CHANGED. Handling time: 0. Response time: 0.
[NX v21.2.1 Daemon Server] - 2026-09-02T00:25:03.897Z - Time taken for 'total execution time for createProjectGraph()' 12.263333000000785ms
[NX v21.2.1 Daemon Server] - 2026-09-02T00:25:03.919Z - [WATCHER]: 5 file(s) created or restored, 4 file(s) modified, 5 file(s) deleted
[NX v21.2.1 Daemon Server] - 2026-09-02T00:25:03.919Z - [REQUEST]: Responding to the client. File watch changed
[NX v21.2.1 Daemon Server] - 2026-09-02T00:25:03.919Z - Done responding to the client File watch changed
[NX v21.2.1 Daemon Server] - 2026-09-02T00:25:03.919Z - Handled FILE-WATCH-CHANGED. Handling time: 0. Response time: 0.
[NX v21.2.1 Daemon Server] - 2026-09-02T00:25:03.919Z - Time taken for 'changed-projects' 0.027416999999331892ms
[NX v21.2.1 Daemon Server] - 2026-09-02T00:25:04.020Z - [REQUEST]: Updated workspace context based on watched changes, recomputing project graph...
[NX v21.2.1 Daemon Server] - 2026-09-02T00:25:04.020Z - [REQUEST]: .nx/workspace-data/tsc-2568428459166798129.hash,.nx/workspace-data/project-graph.json,.nx/workspace-data/tsconfig-files.hash,.nx/workspace-data/source-maps.json,.nx/workspace-data/file-map.json,.nx/workspace-data/vite-9347777721732807074.hash,.nx/workspace-data/jest-7930610538513362720.hash,.nx/workspace-data/eslint-2654242865465226088.hash,.nx/workspace-data/react-router-8507840353650169656.hash
[NX v21.2.1 Daemon Server] - 2026-09-02T00:25:04.020Z - [REQUEST]: .nx/workspace-data/tsconfig-files.hash.34254.a3af51a3.tmp,.nx/workspace-data/source-maps.json~7683bb15,.nx/workspace-data/project-graph.json~7683bb15,.nx/workspace-data/file-map.json~7683bb15,.nx/workspace-data/tsc-2568428459166798129.hash.34254.2fce7a2e.tmp
[NX v21.2.1 Daemon Server] - 2026-09-02T00:25:04.028Z - [REQUEST]: Responding to the client. handleHashMultiGlob
[NX v21.2.1 Daemon Server] - 2026-09-02T00:25:04.028Z - Done responding to the client handleHashMultiGlob
[NX v21.2.1 Daemon Server] - 2026-09-02T00:25:04.028Z - Handled HASH_GLOB. Handling time: 0. Response time: 0.
[NX v21.2.1 Daemon Server] - 2026-09-02T00:25:04.029Z - [REQUEST]: Responding to the client. handleGlob
[NX v21.2.1 Daemon Server] - 2026-09-02T00:25:04.029Z - Done responding to the client handleGlob
[NX v21.2.1 Daemon Server] - 2026-09-02T00:25:04.029Z - Handled GLOB. Handling time: 1. Response time: 0.
[NX v21.2.1 Daemon Server] - 2026-09-02T00:25:04.029Z - Time taken for 'hash changed files from watcher' 0.8442919999997684ms
[NX v21.2.1 Daemon Server] - 2026-09-02T00:25:04.033Z - [REQUEST]: Responding to the client. handleHashMultiGlob
[NX v21.2.1 Daemon Server] - 2026-09-02T00:25:04.033Z - Done responding to the client handleHashMultiGlob
[NX v21.2.1 Daemon Server] - 2026-09-02T00:25:04.033Z - Handled HASH_GLOB. Handling time: 4. Response time: 0.
[NX v21.2.1 Daemon Server] - 2026-09-02T00:25:04.035Z - [REQUEST]: Responding to the client. handleHashMultiGlob
[NX v21.2.1 Daemon Server] - 2026-09-02T00:25:04.035Z - Done responding to the client handleHashMultiGlob
[NX v21.2.1 Daemon Server] - 2026-09-02T00:25:04.035Z - Handled HASH_GLOB. Handling time: 2. Response time: 0.
[NX v21.2.1 Daemon Server] - 2026-09-02T00:25:04.039Z - [REQUEST]: Responding to the client. handleHashMultiGlob
[NX v21.2.1 Daemon Server] - 2026-09-02T00:25:04.039Z - Done responding to the client handleHashMultiGlob
[NX v21.2.1 Daemon Server] - 2026-09-02T00:25:04.039Z - Handled HASH_GLOB. Handling time: 4. Response time: 0.
[NX v21.2.1 Daemon Server] - 2026-09-02T00:25:04.058Z - Time taken for 'build-project-configs' 30.76837500000147ms
[NX v21.2.1 Daemon Server] - 2026-09-02T00:25:04.059Z - Time taken for '@nx/js/typescript:createDependencies' 5.083167000000685ms
[NX v21.2.1 Daemon Server] - 2026-09-02T00:25:04.059Z - Time taken for '@nx/vite/plugin:createDependencies' 4.008207999999286ms
[NX v21.2.1 Daemon Server] - 2026-09-02T00:25:04.070Z - [SYNC]: collect registered sync generators
[NX v21.2.1 Daemon Server] - 2026-09-02T00:25:04.070Z - [SYNC]: project graph hash is the same, not collecting task sync generators
[NX v21.2.1 Daemon Server] - 2026-09-02T00:25:04.070Z - [SYNC]: nx.json hash is the same, not collecting global sync generators
[NX v21.2.1 Daemon Server] - 2026-09-02T00:25:04.070Z - [SYNC]: scheduling: ["@nx/js:typescript-sync"]
[NX v21.2.1 Daemon Server] - 2026-09-02T00:25:04.071Z - [REQUEST]: Responding to the client. File watch changed
[NX v21.2.1 Daemon Server] - 2026-09-02T00:25:04.071Z - Done responding to the client File watch changed
[NX v21.2.1 Daemon Server] - 2026-09-02T00:25:04.071Z - Handled FILE-WATCH-CHANGED. Handling time: 0. Response time: 0.
[NX v21.2.1 Daemon Server] - 2026-09-02T00:25:04.071Z - Time taken for 'total execution time for createProjectGraph()' 11.422458000000915ms
[NX v21.2.1 Daemon Server] - 2026-09-02T00:25:04.091Z - [WATCHER]: 5 file(s) created or restored, 4 file(s) modified, 5 file(s) deleted
[NX v21.2.1 Daemon Server] - 2026-09-02T00:25:04.092Z - [REQUEST]: Responding to the client. File watch changed
[NX v21.2.1 Daemon Server] - 2026-09-02T00:25:04.092Z - Done responding to the client File watch changed
[NX v21.2.1 Daemon Server] - 2026-09-02T00:25:04.092Z - Handled FILE-WATCH-CHANGED. Handling time: 0. Response time: 0.
[NX v21.2.1 Daemon Server] - 2026-09-02T00:25:04.092Z - Time taken for 'changed-projects' 0.026125000000320142ms
[NX v21.2.1 Daemon Server] - 2026-09-02T00:25:04.193Z - [REQUEST]: Updated workspace context based on watched changes, recomputing project graph...
[NX v21.2.1 Daemon Server] - 2026-09-02T00:25:04.193Z - [REQUEST]: .nx/workspace-data/tsc-2568428459166798129.hash,.nx/workspace-data/project-graph.json,.nx/workspace-data/source-maps.json,.nx/workspace-data/tsconfig-files.hash,.nx/workspace-data/file-map.json,.nx/workspace-data/eslint-2654242865465226088.hash,.nx/workspace-data/vite-9347777721732807074.hash,.nx/workspace-data/react-router-8507840353650169656.hash,.nx/workspace-data/jest-7930610538513362720.hash
[NX v21.2.1 Daemon Server] - 2026-09-02T00:25:04.193Z - [REQUEST]: .nx/workspace-data/source-maps.json~3b8ab14b,.nx/workspace-data/file-map.json~3b8ab14b,.nx/workspace-data/project-graph.json~3b8ab14b,.nx/workspace-data/tsconfig-files.hash.34254.b874d118.tmp,.nx/workspace-data/tsc-2568428459166798129.hash.34254.1c5a2d20.tmp
[NX v21.2.1 Daemon Server] - 2026-09-02T00:25:04.201Z - [REQUEST]: Responding to the client. handleHashMultiGlob
[NX v21.2.1 Daemon Server] - 2026-09-02T00:25:04.201Z - Done responding to the client handleHashMultiGlob
[NX v21.2.1 Daemon Server] - 2026-09-02T00:25:04.201Z - Handled HASH_GLOB. Handling time: 0. Response time: 0.
[NX v21.2.1 Daemon Server] - 2026-09-02T00:25:04.201Z - [REQUEST]: Responding to the client. handleGlob
[NX v21.2.1 Daemon Server] - 2026-09-02T00:25:04.201Z - Done responding to the client handleGlob
[NX v21.2.1 Daemon Server] - 2026-09-02T00:25:04.201Z - Handled GLOB. Handling time: 0. Response time: 0.
[NX v21.2.1 Daemon Server] - 2026-09-02T00:25:04.202Z - Time taken for 'hash changed files from watcher' 0.8787500000016735ms
[NX v21.2.1 Daemon Server] - 2026-09-02T00:25:04.206Z - [REQUEST]: Responding to the client. handleHashMultiGlob
[NX v21.2.1 Daemon Server] - 2026-09-02T00:25:04.206Z - Done responding to the client handleHashMultiGlob
[NX v21.2.1 Daemon Server] - 2026-09-02T00:25:04.206Z - Handled HASH_GLOB. Handling time: 4. Response time: 0.
[NX v21.2.1 Daemon Server] - 2026-09-02T00:25:04.208Z - [REQUEST]: Responding to the client. handleHashMultiGlob
[NX v21.2.1 Daemon Server] - 2026-09-02T00:25:04.208Z - Done responding to the client handleHashMultiGlob
[NX v21.2.1 Daemon Server] - 2026-09-02T00:25:04.208Z - Handled HASH_GLOB. Handling time: 2. Response time: 0.
[NX v21.2.1 Daemon Server] - 2026-09-02T00:25:04.212Z - [REQUEST]: Responding to the client. handleHashMultiGlob
[NX v21.2.1 Daemon Server] - 2026-09-02T00:25:04.212Z - Done responding to the client handleHashMultiGlob
[NX v21.2.1 Daemon Server] - 2026-09-02T00:25:04.212Z - Handled HASH_GLOB. Handling time: 4. Response time: 0.
[NX v21.2.1 Daemon Server] - 2026-09-02T00:25:04.231Z - Time taken for 'build-project-configs' 30.98595899999964ms
[NX v21.2.1 Daemon Server] - 2026-09-02T00:25:04.233Z - Time taken for '@nx/js/typescript:createDependencies' 5.037791999999172ms
[NX v21.2.1 Daemon Server] - 2026-09-02T00:25:04.233Z - Time taken for '@nx/vite/plugin:createDependencies' 3.976375000000189ms
[NX v21.2.1 Daemon Server] - 2026-09-02T00:25:04.243Z - [SYNC]: collect registered sync generators
[NX v21.2.1 Daemon Server] - 2026-09-02T00:25:04.244Z - [SYNC]: project graph hash is the same, not collecting task sync generators
[NX v21.2.1 Daemon Server] - 2026-09-02T00:25:04.244Z - [SYNC]: nx.json hash is the same, not collecting global sync generators
[NX v21.2.1 Daemon Server] - 2026-09-02T00:25:04.244Z - [SYNC]: scheduling: ["@nx/js:typescript-sync"]
[NX v21.2.1 Daemon Server] - 2026-09-02T00:25:04.244Z - [REQUEST]: Responding to the client. File watch changed
[NX v21.2.1 Daemon Server] - 2026-09-02T00:25:04.244Z - Done responding to the client File watch changed
[NX v21.2.1 Daemon Server] - 2026-09-02T00:25:04.244Z - Handled FILE-WATCH-CHANGED. Handling time: 0. Response time: 0.
[NX v21.2.1 Daemon Server] - 2026-09-02T00:25:04.244Z - Time taken for 'total execution time for createProjectGraph()' 11.274209000001065ms
[NX v21.2.1 Daemon Server] - 2026-09-02T00:25:04.264Z - [WATCHER]: 5 file(s) created or restored, 4 file(s) modified, 5 file(s) deleted
[NX v21.2.1 Daemon Server] - 2026-09-02T00:25:04.264Z - [REQUEST]: Responding to the client. File watch changed
[NX v21.2.1 Daemon Server] - 2026-09-02T00:25:04.264Z - Done responding to the client File watch changed
[NX v21.2.1 Daemon Server] - 2026-09-02T00:25:04.264Z - Handled FILE-WATCH-CHANGED. Handling time: 0. Response time: 0.
[NX v21.2.1 Daemon Server] - 2026-09-02T00:25:04.264Z - Time taken for 'changed-projects' 0.028374999999869033ms
[NX v21.2.1 Daemon Server] - 2026-09-02T00:25:04.364Z - [REQUEST]: Updated workspace context based on watched changes, recomputing project graph...
[NX v21.2.1 Daemon Server] - 2026-09-02T00:25:04.364Z - [REQUEST]: .nx/workspace-data/project-graph.json,.nx/workspace-data/tsc-2568428459166798129.hash,.nx/workspace-data/tsconfig-files.hash,.nx/workspace-data/source-maps.json,.nx/workspace-data/file-map.json,.nx/workspace-data/vite-9347777721732807074.hash,.nx/workspace-data/eslint-2654242865465226088.hash,.nx/workspace-data/react-router-8507840353650169656.hash,.nx/workspace-data/jest-7930610538513362720.hash
[NX v21.2.1 Daemon Server] - 2026-09-02T00:25:04.364Z - [REQUEST]: .nx/workspace-data/tsconfig-files.hash.34254.67e64739.tmp,.nx/workspace-data/file-map.json~3d1ee4e0,.nx/workspace-data/project-graph.json~3d1ee4e0,.nx/workspace-data/tsc-2568428459166798129.hash.34254.435f5994.tmp,.nx/workspace-data/source-maps.json~3d1ee4e0
[NX v21.2.1 Daemon Server] - 2026-09-02T00:25:04.372Z - [REQUEST]: Responding to the client. handleHashMultiGlob
[NX v21.2.1 Daemon Server] - 2026-09-02T00:25:04.372Z - Done responding to the client handleHashMultiGlob
[NX v21.2.1 Daemon Server] - 2026-09-02T00:25:04.372Z - Handled HASH_GLOB. Handling time: 0. Response time: 0.
[NX v21.2.1 Daemon Server] - 2026-09-02T00:25:04.373Z - [REQUEST]: Responding to the client. handleGlob
[NX v21.2.1 Daemon Server] - 2026-09-02T00:25:04.373Z - Done responding to the client handleGlob
[NX v21.2.1 Daemon Server] - 2026-09-02T00:25:04.373Z - Handled GLOB. Handling time: 0. Response time: 0.
[NX v21.2.1 Daemon Server] - 2026-09-02T00:25:04.373Z - Time taken for 'hash changed files from watcher' 0.832166000000143ms
[NX v21.2.1 Daemon Server] - 2026-09-02T00:25:04.377Z - [REQUEST]: Responding to the client. handleHashMultiGlob
[NX v21.2.1 Daemon Server] - 2026-09-02T00:25:04.377Z - Done responding to the client handleHashMultiGlob
[NX v21.2.1 Daemon Server] - 2026-09-02T00:25:04.377Z - Handled HASH_GLOB. Handling time: 4. Response time: 0.
[NX v21.2.1 Daemon Server] - 2026-09-02T00:25:04.379Z - [REQUEST]: Responding to the client. handleHashMultiGlob
[NX v21.2.1 Daemon Server] - 2026-09-02T00:25:04.379Z - Done responding to the client handleHashMultiGlob
[NX v21.2.1 Daemon Server] - 2026-09-02T00:25:04.379Z - Handled HASH_GLOB. Handling time: 2. Response time: 0.
[NX v21.2.1 Daemon Server] - 2026-09-02T00:25:04.383Z - [REQUEST]: Responding to the client. handleHashMultiGlob
[NX v21.2.1 Daemon Server] - 2026-09-02T00:25:04.383Z - Done responding to the client handleHashMultiGlob
[NX v21.2.1 Daemon Server] - 2026-09-02T00:25:04.383Z - Handled HASH_GLOB. Handling time: 4. Response time: 0.
[NX v21.2.1 Daemon Server] - 2026-09-02T00:25:04.403Z - Time taken for 'build-project-configs' 31.23725000000013ms
[NX v21.2.1 Daemon Server] - 2026-09-02T00:25:04.404Z - Time taken for '@nx/js/typescript:createDependencies' 4.952792000000045ms
[NX v21.2.1 Daemon Server] - 2026-09-02T00:25:04.405Z - Time taken for '@nx/vite/plugin:createDependencies' 3.9498749999984284ms
[NX v21.2.1 Daemon Server] - 2026-09-02T00:25:04.415Z - [SYNC]: collect registered sync generators
[NX v21.2.1 Daemon Server] - 2026-09-02T00:25:04.416Z - [SYNC]: project graph hash is the same, not collecting task sync generators
[NX v21.2.1 Daemon Server] - 2026-09-02T00:25:04.416Z - [SYNC]: nx.json hash is the same, not collecting global sync generators
[NX v21.2.1 Daemon Server] - 2026-09-02T00:25:04.416Z - [SYNC]: scheduling: ["@nx/js:typescript-sync"]
[NX v21.2.1 Daemon Server] - 2026-09-02T00:25:04.416Z - [REQUEST]: Responding to the client. File watch changed
[NX v21.2.1 Daemon Server] - 2026-09-02T00:25:04.416Z - Done responding to the client File watch changed
[NX v21.2.1 Daemon Server] - 2026-09-02T00:25:04.416Z - Handled FILE-WATCH-CHANGED. Handling time: 0. Response time: 0.
[NX v21.2.1 Daemon Server] - 2026-09-02T00:25:04.416Z - Time taken for 'total execution time for createProjectGraph()' 11.276667000000089ms
[NX v21.2.1 Daemon Server] - 2026-09-02T00:25:04.436Z - [WATCHER]: 5 file(s) created or restored, 4 file(s) modified, 5 file(s) deleted
[NX v21.2.1 Daemon Server] - 2026-09-02T00:25:04.437Z - [REQUEST]: Responding to the client. File watch changed
[NX v21.2.1 Daemon Server] - 2026-09-02T00:25:04.437Z - Done responding to the client File watch changed
[NX v21.2.1 Daemon Server] - 2026-09-02T00:25:04.437Z - Handled FILE-WATCH-CHANGED. Handling time: 0. Response time: 0.
[NX v21.2.1 Daemon Server] - 2026-09-02T00:25:04.437Z - Time taken for 'changed-projects' 0.028499999998530257ms
[NX v21.2.1 Daemon Server] - 2026-09-02T00:25:04.538Z - [REQUEST]: Updated workspace context based on watched changes, recomputing project graph...
[NX v21.2.1 Daemon Server] - 2026-09-02T00:25:04.538Z - [REQUEST]: .nx/workspace-data/source-maps.json,.nx/workspace-data/project-graph.json,.nx/workspace-data/tsconfig-files.hash,.nx/workspace-data/tsc-2568428459166798129.hash,.nx/workspace-data/file-map.json,.nx/workspace-data/react-router-8507840353650169656.hash,.nx/workspace-data/jest-7930610538513362720.hash,.nx/workspace-data/eslint-2654242865465226088.hash,.nx/workspace-data/vite-9347777721732807074.hash
[NX v21.2.1 Daemon Server] - 2026-09-02T00:25:04.538Z - [REQUEST]: .nx/workspace-data/project-graph.json~72ad88e8,.nx/workspace-data/tsconfig-files.hash.34254.60796f3e.tmp,.nx/workspace-data/tsc-2568428459166798129.hash.34254.98c4a778.tmp,.nx/workspace-data/source-maps.json~72ad88e8,.nx/workspace-data/file-map.json~72ad88e8
[NX v21.2.1 Daemon Server] - 2026-09-02T00:25:04.546Z - [REQUEST]: Responding to the client. handleHashMultiGlob
[NX v21.2.1 Daemon Server] - 2026-09-02T00:25:04.546Z - Done responding to the client handleHashMultiGlob
[NX v21.2.1 Daemon Server] - 2026-09-02T00:25:04.546Z - Handled HASH_GLOB. Handling time: 0. Response time: 0.
[NX v21.2.1 Daemon Server] - 2026-09-02T00:25:04.547Z - [REQUEST]: Responding to the client. handleGlob
[NX v21.2.1 Daemon Server] - 2026-09-02T00:25:04.547Z - Done responding to the client handleGlob
[NX v21.2.1 Daemon Server] - 2026-09-02T00:25:04.547Z - Handled GLOB. Handling time: 0. Response time: 0.
[NX v21.2.1 Daemon Server] - 2026-09-02T00:25:04.547Z - Time taken for 'hash changed files from watcher' 0.8245419999984733ms
[NX v21.2.1 Daemon Server] - 2026-09-02T00:25:04.551Z - [REQUEST]: Responding to the client. handleHashMultiGlob
[NX v21.2.1 Daemon Server] - 2026-09-02T00:25:04.551Z - Done responding to the client handleHashMultiGlob
[NX v21.2.1 Daemon Server] - 2026-09-02T00:25:04.551Z - Handled HASH_GLOB. Handling time: 3. Response time: 0.
[NX v21.2.1 Daemon Server] - 2026-09-02T00:25:04.553Z - [REQUEST]: Responding to the client. handleHashMultiGlob
[NX v21.2.1 Daemon Server] - 2026-09-02T00:25:04.553Z - Done responding to the client handleHashMultiGlob
[NX v21.2.1 Daemon Server] - 2026-09-02T00:25:04.553Z - Handled HASH_GLOB. Handling time: 1. Response time: 0.
[NX v21.2.1 Daemon Server] - 2026-09-02T00:25:04.557Z - [REQUEST]: Responding to the client. handleHashMultiGlob
[NX v21.2.1 Daemon Server] - 2026-09-02T00:25:04.558Z - Done responding to the client handleHashMultiGlob
[NX v21.2.1 Daemon Server] - 2026-09-02T00:25:04.558Z - Handled HASH_GLOB. Handling time: 3. Response time: 1.
[NX v21.2.1 Daemon Server] - 2026-09-02T00:25:04.576Z - Time taken for 'build-project-configs' 31.015167000001384ms
[NX v21.2.1 Daemon Server] - 2026-09-02T00:25:04.578Z - Time taken for '@nx/js/typescript:createDependencies' 4.962750000000597ms
[NX v21.2.1 Daemon Server] - 2026-09-02T00:25:04.578Z - Time taken for '@nx/vite/plugin:createDependencies' 3.8989999999994325ms
[NX v21.2.1 Daemon Server] - 2026-09-02T00:25:04.589Z - [SYNC]: collect registered sync generators
[NX v21.2.1 Daemon Server] - 2026-09-02T00:25:04.589Z - [SYNC]: project graph hash is the same, not collecting task sync generators
[NX v21.2.1 Daemon Server] - 2026-09-02T00:25:04.589Z - [SYNC]: nx.json hash is the same, not collecting global sync generators
[NX v21.2.1 Daemon Server] - 2026-09-02T00:25:04.589Z - [SYNC]: scheduling: ["@nx/js:typescript-sync"]
[NX v21.2.1 Daemon Server] - 2026-09-02T00:25:04.589Z - [REQUEST]: Responding to the client. File watch changed
[NX v21.2.1 Daemon Server] - 2026-09-02T00:25:04.589Z - Done responding to the client File watch changed
[NX v21.2.1 Daemon Server] - 2026-09-02T00:25:04.589Z - Handled FILE-WATCH-CHANGED. Handling time: 0. Response time: 0.
[NX v21.2.1 Daemon Server] - 2026-09-02T00:25:04.589Z - Time taken for 'total execution time for createProjectGraph()' 11.469957999999679ms
[NX v21.2.1 Daemon Server] - 2026-09-02T00:25:04.610Z - [WATCHER]: 5 file(s) created or restored, 4 file(s) modified, 5 file(s) deleted
[NX v21.2.1 Daemon Server] - 2026-09-02T00:25:04.610Z - [REQUEST]: Responding to the client. File watch changed
[NX v21.2.1 Daemon Server] - 2026-09-02T00:25:04.611Z - Done responding to the client File watch changed
[NX v21.2.1 Daemon Server] - 2026-09-02T00:25:04.611Z - Handled FILE-WATCH-CHANGED. Handling time: 0. Response time: 1.
[NX v21.2.1 Daemon Server] - 2026-09-02T00:25:04.611Z - Time taken for 'changed-projects' 0.028707999999824096ms
[NX v21.2.1 Daemon Server] - 2026-09-02T00:25:04.711Z - [REQUEST]: Updated workspace context based on watched changes, recomputing project graph...
[NX v21.2.1 Daemon Server] - 2026-09-02T00:25:04.711Z - [REQUEST]: .nx/workspace-data/file-map.json,.nx/workspace-data/tsc-2568428459166798129.hash,.nx/workspace-data/project-graph.json,.nx/workspace-data/source-maps.json,.nx/workspace-data/tsconfig-files.hash,.nx/workspace-data/eslint-2654242865465226088.hash,.nx/workspace-data/jest-7930610538513362720.hash,.nx/workspace-data/vite-9347777721732807074.hash,.nx/workspace-data/react-router-8507840353650169656.hash
[NX v21.2.1 Daemon Server] - 2026-09-02T00:25:04.711Z - [REQUEST]: .nx/workspace-data/tsc-2568428459166798129.hash.34254.b610829d.tmp,.nx/workspace-data/tsconfig-files.hash.34254.dd0abe16.tmp,.nx/workspace-data/project-graph.json~94d01fb6,.nx/workspace-data/source-maps.json~94d01fb6,.nx/workspace-data/file-map.json~94d01fb6
[NX v21.2.1 Daemon Server] - 2026-09-02T00:25:04.719Z - [REQUEST]: Responding to the client. handleHashMultiGlob
[NX v21.2.1 Daemon Server] - 2026-09-02T00:25:04.719Z - Done responding to the client handleHashMultiGlob
[NX v21.2.1 Daemon Server] - 2026-09-02T00:25:04.719Z - Handled HASH_GLOB. Handling time: 0. Response time: 0.
[NX v21.2.1 Daemon Server] - 2026-09-02T00:25:04.720Z - [REQUEST]: Responding to the client. handleGlob
[NX v21.2.1 Daemon Server] - 2026-09-02T00:25:04.720Z - Done responding to the client handleGlob
[NX v21.2.1 Daemon Server] - 2026-09-02T00:25:04.720Z - Handled GLOB. Handling time: 1. Response time: 0.
[NX v21.2.1 Daemon Server] - 2026-09-02T00:25:04.720Z - Time taken for 'hash changed files from watcher' 0.8845410000012635ms
[NX v21.2.1 Daemon Server] - 2026-09-02T00:25:04.724Z - [REQUEST]: Responding to the client. handleHashMultiGlob
[NX v21.2.1 Daemon Server] - 2026-09-02T00:25:04.724Z - Done responding to the client handleHashMultiGlob
[NX v21.2.1 Daemon Server] - 2026-09-02T00:25:04.724Z - Handled HASH_GLOB. Handling time: 4. Response time: 0.
[NX v21.2.1 Daemon Server] - 2026-09-02T00:25:04.726Z - [REQUEST]: Responding to the client. handleHashMultiGlob
[NX v21.2.1 Daemon Server] - 2026-09-02T00:25:04.726Z - Done responding to the client handleHashMultiGlob
[NX v21.2.1 Daemon Server] - 2026-09-02T00:25:04.726Z - Handled HASH_GLOB. Handling time: 2. Response time: 0.
[NX v21.2.1 Daemon Server] - 2026-09-02T00:25:04.731Z - [REQUEST]: Responding to the client. handleHashMultiGlob
[NX v21.2.1 Daemon Server] - 2026-09-02T00:25:04.731Z - Done responding to the client handleHashMultiGlob
[NX v21.2.1 Daemon Server] - 2026-09-02T00:25:04.731Z - Handled HASH_GLOB. Handling time: 4. Response time: 0.
[NX v21.2.1 Daemon Server] - 2026-09-02T00:25:04.749Z - Time taken for 'build-project-configs' 30.919165999999677ms
[NX v21.2.1 Daemon Server] - 2026-09-02T00:25:04.751Z - Time taken for '@nx/js/typescript:createDependencies' 4.966625000000931ms
[NX v21.2.1 Daemon Server] - 2026-09-02T00:25:04.751Z - Time taken for '@nx/vite/plugin:createDependencies' 3.9147499999999127ms
[NX v21.2.1 Daemon Server] - 2026-09-02T00:25:04.762Z - [SYNC]: collect registered sync generators
[NX v21.2.1 Daemon Server] - 2026-09-02T00:25:04.762Z - [SYNC]: project graph hash is the same, not collecting task sync generators
[NX v21.2.1 Daemon Server] - 2026-09-02T00:25:04.762Z - [SYNC]: nx.json hash is the same, not collecting global sync generators
[NX v21.2.1 Daemon Server] - 2026-09-02T00:25:04.762Z - [SYNC]: scheduling: ["@nx/js:typescript-sync"]
[NX v21.2.1 Daemon Server] - 2026-09-02T00:25:04.762Z - [REQUEST]: Responding to the client. File watch changed
[NX v21.2.1 Daemon Server] - 2026-09-02T00:25:04.762Z - Done responding to the client File watch changed
[NX v21.2.1 Daemon Server] - 2026-09-02T00:25:04.762Z - Handled FILE-WATCH-CHANGED. Handling time: 0. Response time: 0.
[NX v21.2.1 Daemon Server] - 2026-09-02T00:25:04.762Z - Time taken for 'total execution time for createProjectGraph()' 11.404083999999784ms
[NX v21.2.1 Daemon Server] - 2026-09-02T00:25:04.783Z - [WATCHER]: 5 file(s) created or restored, 4 file(s) modified, 5 file(s) deleted
[NX v21.2.1 Daemon Server] - 2026-09-02T00:25:04.783Z - [REQUEST]: Responding to the client. File watch changed
[NX v21.2.1 Daemon Server] - 2026-09-02T00:25:04.783Z - Done responding to the client File watch changed
[NX v21.2.1 Daemon Server] - 2026-09-02T00:25:04.783Z - Handled FILE-WATCH-CHANGED. Handling time: 0. Response time: 0.
[NX v21.2.1 Daemon Server] - 2026-09-02T00:25:04.783Z - Time taken for 'changed-projects' 0.02525000000059663ms
[NX v21.2.1 Daemon Server] - 2026-09-02T00:25:04.883Z - [REQUEST]: Updated workspace context based on watched changes, recomputing project graph...
[NX v21.2.1 Daemon Server] - 2026-09-02T00:25:04.884Z - [REQUEST]: .nx/workspace-data/tsc-2568428459166798129.hash,.nx/workspace-data/tsconfig-files.hash,.nx/workspace-data/project-graph.json,.nx/workspace-data/source-maps.json,.nx/workspace-data/file-map.json,.nx/workspace-data/eslint-2654242865465226088.hash,.nx/workspace-data/jest-7930610538513362720.hash,.nx/workspace-data/react-router-8507840353650169656.hash,.nx/workspace-data/vite-9347777721732807074.hash
[NX v21.2.1 Daemon Server] - 2026-09-02T00:25:04.884Z - [REQUEST]: .nx/workspace-data/project-graph.json~af3f7c92,.nx/workspace-data/source-maps.json~af3f7c92,.nx/workspace-data/file-map.json~af3f7c92,.nx/workspace-data/tsc-2568428459166798129.hash.34254.31011cb4.tmp,.nx/workspace-data/tsconfig-files.hash.34254.8d6cf0c2.tmp
[NX v21.2.1 Daemon Server] - 2026-09-02T00:25:04.891Z - [REQUEST]: Responding to the client. handleHashMultiGlob
[NX v21.2.1 Daemon Server] - 2026-09-02T00:25:04.891Z - Done responding to the client handleHashMultiGlob
[NX v21.2.1 Daemon Server] - 2026-09-02T00:25:04.891Z - Handled HASH_GLOB. Handling time: 0. Response time: 0.
[NX v21.2.1 Daemon Server] - 2026-09-02T00:25:04.892Z - [REQUEST]: Responding to the client. handleGlob
[NX v21.2.1 Daemon Server] - 2026-09-02T00:25:04.892Z - Done responding to the client handleGlob
[NX v21.2.1 Daemon Server] - 2026-09-02T00:25:04.892Z - Handled GLOB. Handling time: 1. Response time: 0.
[NX v21.2.1 Daemon Server] - 2026-09-02T00:25:04.892Z - Time taken for 'hash changed files from watcher' 1.0165409999990516ms
[NX v21.2.1 Daemon Server] - 2026-09-02T00:25:04.896Z - [REQUEST]: Responding to the client. handleHashMultiGlob
[NX v21.2.1 Daemon Server] - 2026-09-02T00:25:04.896Z - Done responding to the client handleHashMultiGlob
[NX v21.2.1 Daemon Server] - 2026-09-02T00:25:04.896Z - Handled HASH_GLOB. Handling time: 4. Response time: 0.
[NX v21.2.1 Daemon Server] - 2026-09-02T00:25:04.898Z - [REQUEST]: Responding to the client. handleHashMultiGlob
[NX v21.2.1 Daemon Server] - 2026-09-02T00:25:04.898Z - Done responding to the client handleHashMultiGlob
[NX v21.2.1 Daemon Server] - 2026-09-02T00:25:04.898Z - Handled HASH_GLOB. Handling time: 2. Response time: 0.
[NX v21.2.1 Daemon Server] - 2026-09-02T00:25:04.902Z - [REQUEST]: Responding to the client. handleHashMultiGlob
[NX v21.2.1 Daemon Server] - 2026-09-02T00:25:04.902Z - Done responding to the client handleHashMultiGlob
[NX v21.2.1 Daemon Server] - 2026-09-02T00:25:04.902Z - Handled HASH_GLOB. Handling time: 4. Response time: 0.
[NX v21.2.1 Daemon Server] - 2026-09-02T00:25:04.921Z - Time taken for 'build-project-configs' 30.47637500000019ms
[NX v21.2.1 Daemon Server] - 2026-09-02T00:25:04.923Z - Time taken for '@nx/js/typescript:createDependencies' 4.987499999999272ms
[NX v21.2.1 Daemon Server] - 2026-09-02T00:25:04.923Z - Time taken for '@nx/vite/plugin:createDependencies' 3.928583000000799ms
[NX v21.2.1 Daemon Server] - 2026-09-02T00:25:04.933Z - [SYNC]: collect registered sync generators
[NX v21.2.1 Daemon Server] - 2026-09-02T00:25:04.934Z - [SYNC]: project graph hash is the same, not collecting task sync generators
[NX v21.2.1 Daemon Server] - 2026-09-02T00:25:04.934Z - [SYNC]: nx.json hash is the same, not collecting global sync generators
[NX v21.2.1 Daemon Server] - 2026-09-02T00:25:04.934Z - [SYNC]: scheduling: ["@nx/js:typescript-sync"]
[NX v21.2.1 Daemon Server] - 2026-09-02T00:25:04.934Z - [REQUEST]: Responding to the client. File watch changed
[NX v21.2.1 Daemon Server] - 2026-09-02T00:25:04.934Z - Done responding to the client File watch changed
[NX v21.2.1 Daemon Server] - 2026-09-02T00:25:04.934Z - Handled FILE-WATCH-CHANGED. Handling time: 0. Response time: 0.
[NX v21.2.1 Daemon Server] - 2026-09-02T00:25:04.934Z - Time taken for 'total execution time for createProjectGraph()' 11.272499999999127ms
[NX v21.2.1 Daemon Server] - 2026-09-02T00:25:04.955Z - [WATCHER]: 5 file(s) created or restored, 4 file(s) modified, 5 file(s) deleted
[NX v21.2.1 Daemon Server] - 2026-09-02T00:25:04.955Z - [REQUEST]: Responding to the client. File watch changed
[NX v21.2.1 Daemon Server] - 2026-09-02T00:25:04.955Z - Done responding to the client File watch changed
[NX v21.2.1 Daemon Server] - 2026-09-02T00:25:04.955Z - Handled FILE-WATCH-CHANGED. Handling time: 0. Response time: 0.
[NX v21.2.1 Daemon Server] - 2026-09-02T00:25:04.955Z - Time taken for 'changed-projects' 0.021749999999883585ms
[NX v21.2.1 Daemon Server] - 2026-09-02T00:25:05.056Z - [REQUEST]: Updated workspace context based on watched changes, recomputing project graph...
[NX v21.2.1 Daemon Server] - 2026-09-02T00:25:05.056Z - [REQUEST]: .nx/workspace-data/tsc-2568428459166798129.hash,.nx/workspace-data/project-graph.json,.nx/workspace-data/source-maps.json,.nx/workspace-data/tsconfig-files.hash,.nx/workspace-data/file-map.json,.nx/workspace-data/eslint-2654242865465226088.hash,.nx/workspace-data/vite-9347777721732807074.hash,.nx/workspace-data/react-router-8507840353650169656.hash,.nx/workspace-data/jest-7930610538513362720.hash
[NX v21.2.1 Daemon Server] - 2026-09-02T00:25:05.056Z - [REQUEST]: .nx/workspace-data/tsc-2568428459166798129.hash.34254.188d8549.tmp,.nx/workspace-data/tsconfig-files.hash.34254.686c43fb.tmp,.nx/workspace-data/source-maps.json~de88e3ca,.nx/workspace-data/project-graph.json~de88e3ca,.nx/workspace-data/file-map.json~de88e3ca
[NX v21.2.1 Daemon Server] - 2026-09-02T00:25:05.064Z - [REQUEST]: Responding to the client. handleHashMultiGlob
[NX v21.2.1 Daemon Server] - 2026-09-02T00:25:05.064Z - Done responding to the client handleHashMultiGlob
[NX v21.2.1 Daemon Server] - 2026-09-02T00:25:05.064Z - Handled HASH_GLOB. Handling time: 0. Response time: 0.
[NX v21.2.1 Daemon Server] - 2026-09-02T00:25:05.065Z - [REQUEST]: Responding to the client. handleGlob
[NX v21.2.1 Daemon Server] - 2026-09-02T00:25:05.065Z - Done responding to the client handleGlob
[NX v21.2.1 Daemon Server] - 2026-09-02T00:25:05.065Z - Handled GLOB. Handling time: 1. Response time: 0.
[NX v21.2.1 Daemon Server] - 2026-09-02T00:25:05.065Z - Time taken for 'hash changed files from watcher' 0.8497499999994034ms
[NX v21.2.1 Daemon Server] - 2026-09-02T00:25:05.069Z - [REQUEST]: Responding to the client. handleHashMultiGlob
[NX v21.2.1 Daemon Server] - 2026-09-02T00:25:05.069Z - Done responding to the client handleHashMultiGlob
[NX v21.2.1 Daemon Server] - 2026-09-02T00:25:05.069Z - Handled HASH_GLOB. Handling time: 4. Response time: 0.
[NX v21.2.1 Daemon Server] - 2026-09-02T00:25:05.071Z - [REQUEST]: Responding to the client. handleHashMultiGlob
[NX v21.2.1 Daemon Server] - 2026-09-02T00:25:05.071Z - Done responding to the client handleHashMultiGlob
[NX v21.2.1 Daemon Server] - 2026-09-02T00:25:05.071Z - Handled HASH_GLOB. Handling time: 2. Response time: 0.
[NX v21.2.1 Daemon Server] - 2026-09-02T00:25:05.075Z - [REQUEST]: Responding to the client. handleHashMultiGlob
[NX v21.2.1 Daemon Server] - 2026-09-02T00:25:05.075Z - Done responding to the client handleHashMultiGlob
[NX v21.2.1 Daemon Server] - 2026-09-02T00:25:05.075Z - Handled HASH_GLOB. Handling time: 4. Response time: 0.
[NX v21.2.1 Daemon Server] - 2026-09-02T00:25:05.094Z - Time taken for 'build-project-configs' 31.015041000000565ms
[NX v21.2.1 Daemon Server] - 2026-09-02T00:25:05.096Z - Time taken for '@nx/js/typescript:createDependencies' 4.986541999998735ms
[NX v21.2.1 Daemon Server] - 2026-09-02T00:25:05.096Z - Time taken for '@nx/vite/plugin:createDependencies' 3.9098329999997077ms
[NX v21.2.1 Daemon Server] - 2026-09-02T00:25:05.107Z - [SYNC]: collect registered sync generators
[NX v21.2.1 Daemon Server] - 2026-09-02T00:25:05.108Z - [SYNC]: project graph hash is the same, not collecting task sync generators
[NX v21.2.1 Daemon Server] - 2026-09-02T00:25:05.108Z - [SYNC]: nx.json hash is the same, not collecting global sync generators
[NX v21.2.1 Daemon Server] - 2026-09-02T00:25:05.108Z - [SYNC]: scheduling: ["@nx/js:typescript-sync"]
[NX v21.2.1 Daemon Server] - 2026-09-02T00:25:05.108Z - [REQUEST]: Responding to the client. File watch changed
[NX v21.2.1 Daemon Server] - 2026-09-02T00:25:05.108Z - Done responding to the client File watch changed
[NX v21.2.1 Daemon Server] - 2026-09-02T00:25:05.108Z - Handled FILE-WATCH-CHANGED. Handling time: 0. Response time: 0.
[NX v21.2.1 Daemon Server] - 2026-09-02T00:25:05.108Z - Time taken for 'total execution time for createProjectGraph()' 12.501209000000017ms
[NX v21.2.1 Daemon Server] - 2026-09-02T00:25:05.128Z - [WATCHER]: 5 file(s) created or restored, 4 file(s) modified, 5 file(s) deleted
[NX v21.2.1 Daemon Server] - 2026-09-02T00:25:05.128Z - [REQUEST]: Responding to the client. File watch changed
[NX v21.2.1 Daemon Server] - 2026-09-02T00:25:05.128Z - Done responding to the client File watch changed
[NX v21.2.1 Daemon Server] - 2026-09-02T00:25:05.128Z - Handled FILE-WATCH-CHANGED. Handling time: 0. Response time: 0.
[NX v21.2.1 Daemon Server] - 2026-09-02T00:25:05.128Z - Time taken for 'changed-projects' 0.027082999999038293ms
[NX v21.2.1 Daemon Server] - 2026-09-02T00:25:05.229Z - [REQUEST]: Updated workspace context based on watched changes, recomputing project graph...
[NX v21.2.1 Daemon Server] - 2026-09-02T00:25:05.229Z - [REQUEST]: .nx/workspace-data/tsc-2568428459166798129.hash,.nx/workspace-data/source-maps.json,.nx/workspace-data/tsconfig-files.hash,.nx/workspace-data/project-graph.json,.nx/workspace-data/file-map.json,.nx/workspace-data/eslint-2654242865465226088.hash,.nx/workspace-data/jest-7930610538513362720.hash,.nx/workspace-data/react-router-8507840353650169656.hash,.nx/workspace-data/vite-9347777721732807074.hash
[NX v21.2.1 Daemon Server] - 2026-09-02T00:25:05.229Z - [REQUEST]: .nx/workspace-data/file-map.json~e2fe9326,.nx/workspace-data/tsc-2568428459166798129.hash.34254.f29b4b04.tmp,.nx/workspace-data/tsconfig-files.hash.34254.468f8bb8.tmp,.nx/workspace-data/project-graph.json~e2fe9326,.nx/workspace-data/source-maps.json~e2fe9326
[NX v21.2.1 Daemon Server] - 2026-09-02T00:25:05.237Z - [REQUEST]: Responding to the client. handleHashMultiGlob
[NX v21.2.1 Daemon Server] - 2026-09-02T00:25:05.237Z - Done responding to the client handleHashMultiGlob
[NX v21.2.1 Daemon Server] - 2026-09-02T00:25:05.237Z - Handled HASH_GLOB. Handling time: 0. Response time: 0.
[NX v21.2.1 Daemon Server] - 2026-09-02T00:25:05.239Z - [REQUEST]: Responding to the client. handleGlob
[NX v21.2.1 Daemon Server] - 2026-09-02T00:25:05.239Z - Done responding to the client handleGlob
[NX v21.2.1 Daemon Server] - 2026-09-02T00:25:05.239Z - Handled GLOB. Handling time: 0. Response time: 0.
[NX v21.2.1 Daemon Server] - 2026-09-02T00:25:05.239Z - Time taken for 'hash changed files from watcher' 0.9057919999995647ms
[NX v21.2.1 Daemon Server] - 2026-09-02T00:25:05.241Z - [REQUEST]: Responding to the client. handleHashMultiGlob
[NX v21.2.1 Daemon Server] - 2026-09-02T00:25:05.241Z - Done responding to the client handleHashMultiGlob
[NX v21.2.1 Daemon Server] - 2026-09-02T00:25:05.241Z - Handled HASH_GLOB. Handling time: 1. Response time: 0.
[NX v21.2.1 Daemon Server] - 2026-09-02T00:25:05.245Z - [REQUEST]: Responding to the client. handleHashMultiGlob
[NX v21.2.1 Daemon Server] - 2026-09-02T00:25:05.245Z - Done responding to the client handleHashMultiGlob
[NX v21.2.1 Daemon Server] - 2026-09-02T00:25:05.245Z - Handled HASH_GLOB. Handling time: 3. Response time: 0.
[NX v21.2.1 Daemon Server] - 2026-09-02T00:25:05.250Z - [REQUEST]: Responding to the client. handleHashMultiGlob
[NX v21.2.1 Daemon Server] - 2026-09-02T00:25:05.250Z - Done responding to the client handleHashMultiGlob
[NX v21.2.1 Daemon Server] - 2026-09-02T00:25:05.250Z - Handled HASH_GLOB. Handling time: 5. Response time: 0.
[NX v21.2.1 Daemon Server] - 2026-09-02T00:25:05.268Z - Time taken for 'build-project-configs' 31.928250000000844ms
[NX v21.2.1 Daemon Server] - 2026-09-02T00:25:05.270Z - Time taken for '@nx/js/typescript:createDependencies' 5.195749999998952ms
[NX v21.2.1 Daemon Server] - 2026-09-02T00:25:05.270Z - Time taken for '@nx/vite/plugin:createDependencies' 4.132417000000714ms
[NX v21.2.1 Daemon Server] - 2026-09-02T00:25:05.281Z - [SYNC]: collect registered sync generators
[NX v21.2.1 Daemon Server] - 2026-09-02T00:25:05.281Z - [SYNC]: project graph hash is the same, not collecting task sync generators
[NX v21.2.1 Daemon Server] - 2026-09-02T00:25:05.281Z - [SYNC]: nx.json hash is the same, not collecting global sync generators
[NX v21.2.1 Daemon Server] - 2026-09-02T00:25:05.281Z - [SYNC]: scheduling: ["@nx/js:typescript-sync"]
[NX v21.2.1 Daemon Server] - 2026-09-02T00:25:05.281Z - [REQUEST]: Responding to the client. File watch changed
[NX v21.2.1 Daemon Server] - 2026-09-02T00:25:05.281Z - Done responding to the client File watch changed
[NX v21.2.1 Daemon Server] - 2026-09-02T00:25:05.281Z - Handled FILE-WATCH-CHANGED. Handling time: 0. Response time: 0.
[NX v21.2.1 Daemon Server] - 2026-09-02T00:25:05.281Z - Time taken for 'total execution time for createProjectGraph()' 11.62329200000022ms
[NX v21.2.1 Daemon Server] - 2026-09-02T00:25:05.299Z - [WATCHER]: 5 file(s) created or restored, 4 file(s) modified, 5 file(s) deleted
[NX v21.2.1 Daemon Server] - 2026-09-02T00:25:05.300Z - [REQUEST]: Responding to the client. File watch changed
[NX v21.2.1 Daemon Server] - 2026-09-02T00:25:05.300Z - Done responding to the client File watch changed
[NX v21.2.1 Daemon Server] - 2026-09-02T00:25:05.300Z - Handled FILE-WATCH-CHANGED. Handling time: 0. Response time: 0.
[NX v21.2.1 Daemon Server] - 2026-09-02T00:25:05.300Z - Time taken for 'changed-projects' 0.03620900000169058ms
[NX v21.2.1 Daemon Server] - 2026-09-02T00:25:05.400Z - [REQUEST]: Updated workspace context based on watched changes, recomputing project graph...
[NX v21.2.1 Daemon Server] - 2026-09-02T00:25:05.400Z - [REQUEST]: .nx/workspace-data/tsconfig-files.hash,.nx/workspace-data/project-graph.json,.nx/workspace-data/source-maps.json,.nx/workspace-data/file-map.json,.nx/workspace-data/tsc-2568428459166798129.hash,.nx/workspace-data/vite-9347777721732807074.hash,.nx/workspace-data/react-router-8507840353650169656.hash,.nx/workspace-data/jest-7930610538513362720.hash,.nx/workspace-data/eslint-2654242865465226088.hash
[NX v21.2.1 Daemon Server] - 2026-09-02T00:25:05.400Z - [REQUEST]: .nx/workspace-data/project-graph.json~536f6ede,.nx/workspace-data/source-maps.json~536f6ede,.nx/workspace-data/file-map.json~536f6ede,.nx/workspace-data/tsc-2568428459166798129.hash.34254.4f4eb9f6.tmp,.nx/workspace-data/tsconfig-files.hash.34254.c12ba391.tmp
[NX v21.2.1 Daemon Server] - 2026-09-02T00:25:05.406Z - [REQUEST]: Responding to the client. handleHashMultiGlob
[NX v21.2.1 Daemon Server] - 2026-09-02T00:25:05.406Z - Done responding to the client handleHashMultiGlob
[NX v21.2.1 Daemon Server] - 2026-09-02T00:25:05.406Z - Handled HASH_GLOB. Handling time: 0. Response time: 0.
[NX v21.2.1 Daemon Server] - 2026-09-02T00:25:05.407Z - [REQUEST]: Responding to the client. handleGlob
[NX v21.2.1 Daemon Server] - 2026-09-02T00:25:05.407Z - Done responding to the client handleGlob
[NX v21.2.1 Daemon Server] - 2026-09-02T00:25:05.407Z - Handled GLOB. Handling time: 0. Response time: 0.
[NX v21.2.1 Daemon Server] - 2026-09-02T00:25:05.407Z - Time taken for 'hash changed files from watcher' 0.6518329999998969ms
[NX v21.2.1 Daemon Server] - 2026-09-02T00:25:05.411Z - [REQUEST]: Responding to the client. handleHashMultiGlob
[NX v21.2.1 Daemon Server] - 2026-09-02T00:25:05.411Z - Done responding to the client handleHashMultiGlob
[NX v21.2.1 Daemon Server] - 2026-09-02T00:25:05.411Z - Handled HASH_GLOB. Handling time: 4. Response time: 0.
[NX v21.2.1 Daemon Server] - 2026-09-02T00:25:05.413Z - [REQUEST]: Responding to the client. handleHashMultiGlob
[NX v21.2.1 Daemon Server] - 2026-09-02T00:25:05.413Z - Done responding to the client handleHashMultiGlob
[NX v21.2.1 Daemon Server] - 2026-09-02T00:25:05.413Z - Handled HASH_GLOB. Handling time: 2. Response time: 0.
[NX v21.2.1 Daemon Server] - 2026-09-02T00:25:05.416Z - [REQUEST]: Responding to the client. handleHashMultiGlob
[NX v21.2.1 Daemon Server] - 2026-09-02T00:25:05.416Z - Done responding to the client handleHashMultiGlob
[NX v21.2.1 Daemon Server] - 2026-09-02T00:25:05.416Z - Handled HASH_GLOB. Handling time: 3. Response time: 0.
[NX v21.2.1 Daemon Server] - 2026-09-02T00:25:05.436Z - Time taken for 'build-project-configs' 28.964959000000817ms
[NX v21.2.1 Daemon Server] - 2026-09-02T00:25:05.437Z - Time taken for '@nx/js/typescript:createDependencies' 5.015166000001045ms
[NX v21.2.1 Daemon Server] - 2026-09-02T00:25:05.437Z - Time taken for '@nx/vite/plugin:createDependencies' 3.953166000001147ms
[NX v21.2.1 Daemon Server] - 2026-09-02T00:25:05.448Z - [SYNC]: collect registered sync generators
[NX v21.2.1 Daemon Server] - 2026-09-02T00:25:05.448Z - [SYNC]: project graph hash is the same, not collecting task sync generators
[NX v21.2.1 Daemon Server] - 2026-09-02T00:25:05.448Z - [SYNC]: nx.json hash is the same, not collecting global sync generators
[NX v21.2.1 Daemon Server] - 2026-09-02T00:25:05.448Z - [SYNC]: scheduling: ["@nx/js:typescript-sync"]
[NX v21.2.1 Daemon Server] - 2026-09-02T00:25:05.449Z - [REQUEST]: Responding to the client. File watch changed
[NX v21.2.1 Daemon Server] - 2026-09-02T00:25:05.449Z - Done responding to the client File watch changed
[NX v21.2.1 Daemon Server] - 2026-09-02T00:25:05.449Z - Handled FILE-WATCH-CHANGED. Handling time: 0. Response time: 0.
[NX v21.2.1 Daemon Server] - 2026-09-02T00:25:05.449Z - Time taken for 'total execution time for createProjectGraph()' 11.372457999999824ms
[NX v21.2.1 Daemon Server] - 2026-09-02T00:25:05.469Z - [WATCHER]: 5 file(s) created or restored, 4 file(s) modified, 5 file(s) deleted
[NX v21.2.1 Daemon Server] - 2026-09-02T00:25:05.469Z - [REQUEST]: Responding to the client. File watch changed
[NX v21.2.1 Daemon Server] - 2026-09-02T00:25:05.469Z - Done responding to the client File watch changed
[NX v21.2.1 Daemon Server] - 2026-09-02T00:25:05.469Z - Handled FILE-WATCH-CHANGED. Handling time: 0. Response time: 0.
[NX v21.2.1 Daemon Server] - 2026-09-02T00:25:05.469Z - Time taken for 'changed-projects' 0.02654199999960838ms
[NX v21.2.1 Daemon Server] - 2026-09-02T00:25:05.570Z - [REQUEST]: Updated workspace context based on watched changes, recomputing project graph...
[NX v21.2.1 Daemon Server] - 2026-09-02T00:25:05.570Z - [REQUEST]: .nx/workspace-data/source-maps.json,.nx/workspace-data/file-map.json,.nx/workspace-data/tsconfig-files.hash,.nx/workspace-data/tsc-2568428459166798129.hash,.nx/workspace-data/project-graph.json,.nx/workspace-data/react-router-8507840353650169656.hash,.nx/workspace-data/eslint-2654242865465226088.hash,.nx/workspace-data/vite-9347777721732807074.hash,.nx/workspace-data/jest-7930610538513362720.hash
[NX v21.2.1 Daemon Server] - 2026-09-02T00:25:05.570Z - [REQUEST]: .nx/workspace-data/file-map.json~0aa53576,.nx/workspace-data/project-graph.json~0aa53576,.nx/workspace-data/tsconfig-files.hash.34254.2c99d6cc.tmp,.nx/workspace-data/tsc-2568428459166798129.hash.34254.8bdf460b.tmp,.nx/workspace-data/source-maps.json~0aa53576
[NX v21.2.1 Daemon Server] - 2026-09-02T00:25:05.577Z - [REQUEST]: Responding to the client. handleHashMultiGlob
[NX v21.2.1 Daemon Server] - 2026-09-02T00:25:05.577Z - Done responding to the client handleHashMultiGlob
[NX v21.2.1 Daemon Server] - 2026-09-02T00:25:05.577Z - Handled HASH_GLOB. Handling time: 0. Response time: 0.
[NX v21.2.1 Daemon Server] - 2026-09-02T00:25:05.578Z - [REQUEST]: Responding to the client. handleGlob
[NX v21.2.1 Daemon Server] - 2026-09-02T00:25:05.578Z - Done responding to the client handleGlob
[NX v21.2.1 Daemon Server] - 2026-09-02T00:25:05.578Z - Handled GLOB. Handling time: 1. Response time: 0.
[NX v21.2.1 Daemon Server] - 2026-09-02T00:25:05.578Z - Time taken for 'hash changed files from watcher' 0.7201249999998254ms
[NX v21.2.1 Daemon Server] - 2026-09-02T00:25:05.581Z - [REQUEST]: Responding to the client. handleHashMultiGlob
[NX v21.2.1 Daemon Server] - 2026-09-02T00:25:05.582Z - Done responding to the client handleHashMultiGlob
[NX v21.2.1 Daemon Server] - 2026-09-02T00:25:05.582Z - Handled HASH_GLOB. Handling time: 3. Response time: 1.
[NX v21.2.1 Daemon Server] - 2026-09-02T00:25:05.584Z - [REQUEST]: Responding to the client. handleHashMultiGlob
[NX v21.2.1 Daemon Server] - 2026-09-02T00:25:05.584Z - Done responding to the client handleHashMultiGlob
[NX v21.2.1 Daemon Server] - 2026-09-02T00:25:05.584Z - Handled HASH_GLOB. Handling time: 2. Response time: 0.
[NX v21.2.1 Daemon Server] - 2026-09-02T00:25:05.588Z - [REQUEST]: Responding to the client. handleHashMultiGlob
[NX v21.2.1 Daemon Server] - 2026-09-02T00:25:05.588Z - Done responding to the client handleHashMultiGlob
[NX v21.2.1 Daemon Server] - 2026-09-02T00:25:05.588Z - Handled HASH_GLOB. Handling time: 4. Response time: 0.
[NX v21.2.1 Daemon Server] - 2026-09-02T00:25:05.607Z - Time taken for 'build-project-configs' 29.862959000000046ms
[NX v21.2.1 Daemon Server] - 2026-09-02T00:25:05.609Z - Time taken for '@nx/vite/plugin:createDependencies' 3.907374999998865ms
[NX v21.2.1 Daemon Server] - 2026-09-02T00:25:05.609Z - Time taken for '@nx/js/typescript:createDependencies' 5.073249999999462ms
[NX v21.2.1 Daemon Server] - 2026-09-02T00:25:05.619Z - [SYNC]: collect registered sync generators
[NX v21.2.1 Daemon Server] - 2026-09-02T00:25:05.620Z - [SYNC]: project graph hash is the same, not collecting task sync generators
[NX v21.2.1 Daemon Server] - 2026-09-02T00:25:05.620Z - [SYNC]: nx.json hash is the same, not collecting global sync generators
[NX v21.2.1 Daemon Server] - 2026-09-02T00:25:05.620Z - [SYNC]: scheduling: ["@nx/js:typescript-sync"]
[NX v21.2.1 Daemon Server] - 2026-09-02T00:25:05.620Z - [REQUEST]: Responding to the client. File watch changed
[NX v21.2.1 Daemon Server] - 2026-09-02T00:25:05.620Z - Done responding to the client File watch changed
[NX v21.2.1 Daemon Server] - 2026-09-02T00:25:05.620Z - Handled FILE-WATCH-CHANGED. Handling time: 0. Response time: 0.
[NX v21.2.1 Daemon Server] - 2026-09-02T00:25:05.620Z - Time taken for 'total execution time for createProjectGraph()' 11.401291000000128ms
[NX v21.2.1 Daemon Server] - 2026-09-02T00:25:05.641Z - [WATCHER]: 5 file(s) created or restored, 4 file(s) modified, 5 file(s) deleted
[NX v21.2.1 Daemon Server] - 2026-09-02T00:25:05.641Z - [REQUEST]: Responding to the client. File watch changed
[NX v21.2.1 Daemon Server] - 2026-09-02T00:25:05.641Z - Done responding to the client File watch changed
[NX v21.2.1 Daemon Server] - 2026-09-02T00:25:05.641Z - Handled FILE-WATCH-CHANGED. Handling time: 0. Response time: 0.
[NX v21.2.1 Daemon Server] - 2026-09-02T00:25:05.641Z - Time taken for 'changed-projects' 0.027291000000332133ms
[NX v21.2.1 Daemon Server] - 2026-09-02T00:25:05.742Z - [REQUEST]: Updated workspace context based on watched changes, recomputing project graph...
[NX v21.2.1 Daemon Server] - 2026-09-02T00:25:05.742Z - [REQUEST]: .nx/workspace-data/file-map.json,.nx/workspace-data/tsconfig-files.hash,.nx/workspace-data/project-graph.json,.nx/workspace-data/tsc-2568428459166798129.hash,.nx/workspace-data/source-maps.json,.nx/workspace-data/vite-9347777721732807074.hash,.nx/workspace-data/jest-7930610538513362720.hash,.nx/workspace-data/react-router-8507840353650169656.hash,.nx/workspace-data/eslint-2654242865465226088.hash
[NX v21.2.1 Daemon Server] - 2026-09-02T00:25:05.742Z - [REQUEST]: .nx/workspace-data/project-graph.json~61e29270,.nx/workspace-data/tsconfig-files.hash.34254.e27481ff.tmp,.nx/workspace-data/tsc-2568428459166798129.hash.34254.314a6f2c.tmp,.nx/workspace-data/source-maps.json~61e29270,.nx/workspace-data/file-map.json~61e29270
[NX v21.2.1 Daemon Server] - 2026-09-02T00:25:05.749Z - [REQUEST]: Responding to the client. handleHashMultiGlob
[NX v21.2.1 Daemon Server] - 2026-09-02T00:25:05.749Z - Done responding to the client handleHashMultiGlob
[NX v21.2.1 Daemon Server] - 2026-09-02T00:25:05.749Z - Handled HASH_GLOB. Handling time: 0. Response time: 0.
[NX v21.2.1 Daemon Server] - 2026-09-02T00:25:05.750Z - [REQUEST]: Responding to the client. handleGlob
[NX v21.2.1 Daemon Server] - 2026-09-02T00:25:05.750Z - Done responding to the client handleGlob
[NX v21.2.1 Daemon Server] - 2026-09-02T00:25:05.750Z - Handled GLOB. Handling time: 1. Response time: 0.
[NX v21.2.1 Daemon Server] - 2026-09-02T00:25:05.750Z - Time taken for 'hash changed files from watcher' 0.8400000000001455ms
[NX v21.2.1 Daemon Server] - 2026-09-02T00:25:05.753Z - [REQUEST]: Responding to the client. handleHashMultiGlob
[NX v21.2.1 Daemon Server] - 2026-09-02T00:25:05.753Z - Done responding to the client handleHashMultiGlob
[NX v21.2.1 Daemon Server] - 2026-09-02T00:25:05.754Z - Handled HASH_GLOB. Handling time: 3. Response time: 1.
[NX v21.2.1 Daemon Server] - 2026-09-02T00:25:05.755Z - [REQUEST]: Responding to the client. handleHashMultiGlob
[NX v21.2.1 Daemon Server] - 2026-09-02T00:25:05.755Z - Done responding to the client handleHashMultiGlob
[NX v21.2.1 Daemon Server] - 2026-09-02T00:25:05.755Z - Handled HASH_GLOB. Handling time: 1. Response time: 0.
[NX v21.2.1 Daemon Server] - 2026-09-02T00:25:05.761Z - [REQUEST]: Responding to the client. handleHashMultiGlob
[NX v21.2.1 Daemon Server] - 2026-09-02T00:25:05.761Z - Done responding to the client handleHashMultiGlob
[NX v21.2.1 Daemon Server] - 2026-09-02T00:25:05.761Z - Handled HASH_GLOB. Handling time: 5. Response time: 0.
[NX v21.2.1 Daemon Server] - 2026-09-02T00:25:05.779Z - Time taken for 'build-project-configs' 30.86670800000138ms
[NX v21.2.1 Daemon Server] - 2026-09-02T00:25:05.781Z - Time taken for '@nx/js/typescript:createDependencies' 4.9710419999992155ms
[NX v21.2.1 Daemon Server] - 2026-09-02T00:25:05.781Z - Time taken for '@nx/vite/plugin:createDependencies' 4.0477499999997235ms
[NX v21.2.1 Daemon Server] - 2026-09-02T00:25:05.792Z - [SYNC]: collect registered sync generators
[NX v21.2.1 Daemon Server] - 2026-09-02T00:25:05.792Z - [SYNC]: project graph hash is the same, not collecting task sync generators
[NX v21.2.1 Daemon Server] - 2026-09-02T00:25:05.792Z - [SYNC]: nx.json hash is the same, not collecting global sync generators
[NX v21.2.1 Daemon Server] - 2026-09-02T00:25:05.792Z - [SYNC]: scheduling: ["@nx/js:typescript-sync"]
[NX v21.2.1 Daemon Server] - 2026-09-02T00:25:05.792Z - [REQUEST]: Responding to the client. File watch changed
[NX v21.2.1 Daemon Server] - 2026-09-02T00:25:05.792Z - Done responding to the client File watch changed
[NX v21.2.1 Daemon Server] - 2026-09-02T00:25:05.792Z - Handled FILE-WATCH-CHANGED. Handling time: 0. Response time: 0.
[NX v21.2.1 Daemon Server] - 2026-09-02T00:25:05.792Z - Time taken for 'total execution time for createProjectGraph()' 11.23029200000019ms
[NX v21.2.1 Daemon Server] - 2026-09-02T00:25:05.814Z - [WATCHER]: 5 file(s) created or restored, 4 file(s) modified, 5 file(s) deleted
[NX v21.2.1 Daemon Server] - 2026-09-02T00:25:05.814Z - [REQUEST]: Responding to the client. File watch changed
[NX v21.2.1 Daemon Server] - 2026-09-02T00:25:05.814Z - Done responding to the client File watch changed
[NX v21.2.1 Daemon Server] - 2026-09-02T00:25:05.814Z - Handled FILE-WATCH-CHANGED. Handling time: 0. Response time: 0.
[NX v21.2.1 Daemon Server] - 2026-09-02T00:25:05.814Z - Time taken for 'changed-projects' 0.02787499999976717ms
[NX v21.2.1 Daemon Server] - 2026-09-02T00:25:05.914Z - [REQUEST]: Updated workspace context based on watched changes, recomputing project graph...
[NX v21.2.1 Daemon Server] - 2026-09-02T00:25:05.914Z - [REQUEST]: .nx/workspace-data/tsc-2568428459166798129.hash,.nx/workspace-data/project-graph.json,.nx/workspace-data/source-maps.json,.nx/workspace-data/tsconfig-files.hash,.nx/workspace-data/file-map.json,.nx/workspace-data/eslint-2654242865465226088.hash,.nx/workspace-data/react-router-8507840353650169656.hash,.nx/workspace-data/vite-9347777721732807074.hash,.nx/workspace-data/jest-7930610538513362720.hash
[NX v21.2.1 Daemon Server] - 2026-09-02T00:25:05.914Z - [REQUEST]: .nx/workspace-data/source-maps.json~15081afc,.nx/workspace-data/file-map.json~15081afc,.nx/workspace-data/tsc-2568428459166798129.hash.34254.bb4110d0.tmp,.nx/workspace-data/tsconfig-files.hash.34254.41259830.tmp,.nx/workspace-data/project-graph.json~15081afc
[NX v21.2.1 Daemon Server] - 2026-09-02T00:25:05.920Z - [REQUEST]: Responding to the client. handleHashMultiGlob
[NX v21.2.1 Daemon Server] - 2026-09-02T00:25:05.920Z - Done responding to the client handleHashMultiGlob
[NX v21.2.1 Daemon Server] - 2026-09-02T00:25:05.920Z - Handled HASH_GLOB. Handling time: 0. Response time: 0.
[NX v21.2.1 Daemon Server] - 2026-09-02T00:25:05.921Z - [REQUEST]: Responding to the client. handleGlob
[NX v21.2.1 Daemon Server] - 2026-09-02T00:25:05.921Z - Done responding to the client handleGlob
[NX v21.2.1 Daemon Server] - 2026-09-02T00:25:05.921Z - Handled GLOB. Handling time: 0. Response time: 0.
[NX v21.2.1 Daemon Server] - 2026-09-02T00:25:05.921Z - Time taken for 'hash changed files from watcher' 0.6071250000004511ms
[NX v21.2.1 Daemon Server] - 2026-09-02T00:25:05.924Z - [REQUEST]: Responding to the client. handleHashMultiGlob
[NX v21.2.1 Daemon Server] - 2026-09-02T00:25:05.924Z - Done responding to the client handleHashMultiGlob
[NX v21.2.1 Daemon Server] - 2026-09-02T00:25:05.924Z - Handled HASH_GLOB. Handling time: 2. Response time: 0.
[NX v21.2.1 Daemon Server] - 2026-09-02T00:25:05.927Z - [REQUEST]: Responding to the client. handleHashMultiGlob
[NX v21.2.1 Daemon Server] - 2026-09-02T00:25:05.927Z - Done responding to the client handleHashMultiGlob
[NX v21.2.1 Daemon Server] - 2026-09-02T00:25:05.927Z - Handled HASH_GLOB. Handling time: 3. Response time: 0.
[NX v21.2.1 Daemon Server] - 2026-09-02T00:25:05.932Z - [REQUEST]: Responding to the client. handleHashMultiGlob
[NX v21.2.1 Daemon Server] - 2026-09-02T00:25:05.932Z - Done responding to the client handleHashMultiGlob
[NX v21.2.1 Daemon Server] - 2026-09-02T00:25:05.932Z - Handled HASH_GLOB. Handling time: 4. Response time: 0.
[NX v21.2.1 Daemon Server] - 2026-09-02T00:25:05.952Z - Time taken for 'build-project-configs' 30.726250000001528ms
[NX v21.2.1 Daemon Server] - 2026-09-02T00:25:05.954Z - Time taken for '@nx/js/typescript:createDependencies' 5.40008300000045ms
[NX v21.2.1 Daemon Server] - 2026-09-02T00:25:05.954Z - Time taken for '@nx/vite/plugin:createDependencies' 4.293874999999389ms
[NX v21.2.1 Daemon Server] - 2026-09-02T00:25:05.965Z - [SYNC]: collect registered sync generators
[NX v21.2.1 Daemon Server] - 2026-09-02T00:25:05.966Z - [SYNC]: project graph hash is the same, not collecting task sync generators
[NX v21.2.1 Daemon Server] - 2026-09-02T00:25:05.966Z - [SYNC]: nx.json hash is the same, not collecting global sync generators
[NX v21.2.1 Daemon Server] - 2026-09-02T00:25:05.966Z - [SYNC]: scheduling: ["@nx/js:typescript-sync"]
[NX v21.2.1 Daemon Server] - 2026-09-02T00:25:05.966Z - [REQUEST]: Responding to the client. File watch changed
[NX v21.2.1 Daemon Server] - 2026-09-02T00:25:05.966Z - Done responding to the client File watch changed
[NX v21.2.1 Daemon Server] - 2026-09-02T00:25:05.966Z - Handled FILE-WATCH-CHANGED. Handling time: 0. Response time: 0.
[NX v21.2.1 Daemon Server] - 2026-09-02T00:25:05.966Z - Time taken for 'total execution time for createProjectGraph()' 11.79491600000074ms
[NX v21.2.1 Daemon Server] - 2026-09-02T00:25:05.985Z - [WATCHER]: 5 file(s) created or restored, 4 file(s) modified, 5 file(s) deleted
[NX v21.2.1 Daemon Server] - 2026-09-02T00:25:05.985Z - [REQUEST]: Responding to the client. File watch changed
[NX v21.2.1 Daemon Server] - 2026-09-02T00:25:05.985Z - Done responding to the client File watch changed
[NX v21.2.1 Daemon Server] - 2026-09-02T00:25:05.985Z - Handled FILE-WATCH-CHANGED. Handling time: 0. Response time: 0.
[NX v21.2.1 Daemon Server] - 2026-09-02T00:25:05.985Z - Time taken for 'changed-projects' 0.03349999999954889ms
[NX v21.2.1 Daemon Server] - 2026-09-02T00:25:06.086Z - [REQUEST]: Updated workspace context based on watched changes, recomputing project graph...
[NX v21.2.1 Daemon Server] - 2026-09-02T00:25:06.086Z - [REQUEST]: .nx/workspace-data/file-map.json,.nx/workspace-data/project-graph.json,.nx/workspace-data/tsc-2568428459166798129.hash,.nx/workspace-data/tsconfig-files.hash,.nx/workspace-data/source-maps.json,.nx/workspace-data/jest-7930610538513362720.hash,.nx/workspace-data/vite-9347777721732807074.hash,.nx/workspace-data/eslint-2654242865465226088.hash,.nx/workspace-data/react-router-8507840353650169656.hash
[NX v21.2.1 Daemon Server] - 2026-09-02T00:25:06.086Z - [REQUEST]: .nx/workspace-data/file-map.json~80bae3e8,.nx/workspace-data/tsconfig-files.hash.34254.eee536db.tmp,.nx/workspace-data/project-graph.json~80bae3e8,.nx/workspace-data/tsc-2568428459166798129.hash.34254.c2784470.tmp,.nx/workspace-data/source-maps.json~80bae3e8
[NX v21.2.1 Daemon Server] - 2026-09-02T00:25:06.093Z - [REQUEST]: Responding to the client. handleHashMultiGlob
[NX v21.2.1 Daemon Server] - 2026-09-02T00:25:06.093Z - Done responding to the client handleHashMultiGlob
[NX v21.2.1 Daemon Server] - 2026-09-02T00:25:06.093Z - Handled HASH_GLOB. Handling time: 0. Response time: 0.
[NX v21.2.1 Daemon Server] - 2026-09-02T00:25:06.096Z - [REQUEST]: Responding to the client. handleGlob
[NX v21.2.1 Daemon Server] - 2026-09-02T00:25:06.096Z - Done responding to the client handleGlob
[NX v21.2.1 Daemon Server] - 2026-09-02T00:25:06.096Z - Handled GLOB. Handling time: 0. Response time: 0.
[NX v21.2.1 Daemon Server] - 2026-09-02T00:25:06.097Z - Time taken for 'hash changed files from watcher' 0.7446249999993597ms
[NX v21.2.1 Daemon Server] - 2026-09-02T00:25:06.101Z - [REQUEST]: Responding to the client. handleHashMultiGlob
[NX v21.2.1 Daemon Server] - 2026-09-02T00:25:06.101Z - Done responding to the client handleHashMultiGlob
[NX v21.2.1 Daemon Server] - 2026-09-02T00:25:06.101Z - Handled HASH_GLOB. Handling time: 4. Response time: 0.
[NX v21.2.1 Daemon Server] - 2026-09-02T00:25:06.103Z - [REQUEST]: Responding to the client. handleHashMultiGlob
[NX v21.2.1 Daemon Server] - 2026-09-02T00:25:06.103Z - Done responding to the client handleHashMultiGlob
[NX v21.2.1 Daemon Server] - 2026-09-02T00:25:06.103Z - Handled HASH_GLOB. Handling time: 2. Response time: 0.
[NX v21.2.1 Daemon Server] - 2026-09-02T00:25:06.108Z - [REQUEST]: Responding to the client. handleHashMultiGlob
[NX v21.2.1 Daemon Server] - 2026-09-02T00:25:06.108Z - Done responding to the client handleHashMultiGlob
[NX v21.2.1 Daemon Server] - 2026-09-02T00:25:06.108Z - Handled HASH_GLOB. Handling time: 5. Response time: 0.
[NX v21.2.1 Daemon Server] - 2026-09-02T00:25:06.128Z - Time taken for 'build-project-configs' 34.79362500000025ms
[NX v21.2.1 Daemon Server] - 2026-09-02T00:25:06.130Z - Time taken for '@nx/vite/plugin:createDependencies' 4.320040999999037ms
[NX v21.2.1 Daemon Server] - 2026-09-02T00:25:06.130Z - Time taken for '@nx/js/typescript:createDependencies' 5.605541000000812ms
[NX v21.2.1 Daemon Server] - 2026-09-02T00:25:06.142Z - [SYNC]: collect registered sync generators
[NX v21.2.1 Daemon Server] - 2026-09-02T00:25:06.143Z - [SYNC]: project graph hash is the same, not collecting task sync generators
[NX v21.2.1 Daemon Server] - 2026-09-02T00:25:06.143Z - [SYNC]: nx.json hash is the same, not collecting global sync generators
[NX v21.2.1 Daemon Server] - 2026-09-02T00:25:06.143Z - [SYNC]: scheduling: ["@nx/js:typescript-sync"]
[NX v21.2.1 Daemon Server] - 2026-09-02T00:25:06.143Z - [REQUEST]: Responding to the client. File watch changed
[NX v21.2.1 Daemon Server] - 2026-09-02T00:25:06.143Z - Done responding to the client File watch changed
[NX v21.2.1 Daemon Server] - 2026-09-02T00:25:06.143Z - Handled FILE-WATCH-CHANGED. Handling time: 0. Response time: 0.
[NX v21.2.1 Daemon Server] - 2026-09-02T00:25:06.143Z - Time taken for 'total execution time for createProjectGraph()' 12.672207999999955ms
[NX v21.2.1 Daemon Server] - 2026-09-02T00:25:06.151Z - [WATCHER]: 2 file(s) created or restored, 4 file(s) modified, 2 file(s) deleted
[NX v21.2.1 Daemon Server] - 2026-09-02T00:25:06.156Z - [REQUEST]: Responding to the client. File watch changed
[NX v21.2.1 Daemon Server] - 2026-09-02T00:25:06.156Z - Done responding to the client File watch changed
[NX v21.2.1 Daemon Server] - 2026-09-02T00:25:06.156Z - Handled FILE-WATCH-CHANGED. Handling time: 0. Response time: 0.
[NX v21.2.1 Daemon Server] - 2026-09-02T00:25:06.156Z - Time taken for 'changed-projects' 0.056916999999884865ms
[NX v21.2.1 Daemon Server] - 2026-09-02T00:25:06.204Z - [WATCHER]: 3 file(s) created or restored, 0 file(s) modified, 3 file(s) deleted
[NX v21.2.1 Daemon Server] - 2026-09-02T00:25:06.205Z - [REQUEST]: Responding to the client. File watch changed
[NX v21.2.1 Daemon Server] - 2026-09-02T00:25:06.205Z - Done responding to the client File watch changed
[NX v21.2.1 Daemon Server] - 2026-09-02T00:25:06.205Z - Handled FILE-WATCH-CHANGED. Handling time: 0. Response time: 0.
[NX v21.2.1 Daemon Server] - 2026-09-02T00:25:06.205Z - Time taken for 'changed-projects' 0.03541699999914272ms
[NX v21.2.1 Daemon Server] - 2026-09-02T00:25:06.257Z - [REQUEST]: Updated workspace context based on watched changes, recomputing project graph...
[NX v21.2.1 Daemon Server] - 2026-09-02T00:25:06.257Z - [REQUEST]: .nx/workspace-data/tsc-2568428459166798129.hash,.nx/workspace-data/tsconfig-files.hash,.nx/workspace-data/react-router-8507840353650169656.hash,.nx/workspace-data/jest-7930610538513362720.hash,.nx/workspace-data/eslint-2654242865465226088.hash,.nx/workspace-data/vite-9347777721732807074.hash,.nx/workspace-data/source-maps.json,.nx/workspace-data/file-map.json,.nx/workspace-data/project-graph.json
[NX v21.2.1 Daemon Server] - 2026-09-02T00:25:06.257Z - [REQUEST]: .nx/workspace-data/tsconfig-files.hash.34254.8123bfa4.tmp,.nx/workspace-data/tsc-2568428459166798129.hash.34254.bd9faf22.tmp,.nx/workspace-data/project-graph.json~5e32cd97,.nx/workspace-data/file-map.json~5e32cd97,.nx/workspace-data/source-maps.json~5e32cd97
[NX v21.2.1 Daemon Server] - 2026-09-02T00:25:06.264Z - [REQUEST]: Responding to the client. handleHashMultiGlob
[NX v21.2.1 Daemon Server] - 2026-09-02T00:25:06.264Z - Done responding to the client handleHashMultiGlob
[NX v21.2.1 Daemon Server] - 2026-09-02T00:25:06.264Z - Handled HASH_GLOB. Handling time: 0. Response time: 0.
[NX v21.2.1 Daemon Server] - 2026-09-02T00:25:06.265Z - [REQUEST]: Responding to the client. handleGlob
[NX v21.2.1 Daemon Server] - 2026-09-02T00:25:06.265Z - Done responding to the client handleGlob
[NX v21.2.1 Daemon Server] - 2026-09-02T00:25:06.265Z - Handled GLOB. Handling time: 1. Response time: 0.
[NX v21.2.1 Daemon Server] - 2026-09-02T00:25:06.265Z - Time taken for 'hash changed files from watcher' 0.8672919999989972ms
[NX v21.2.1 Daemon Server] - 2026-09-02T00:25:06.269Z - [REQUEST]: Responding to the client. handleHashMultiGlob
[NX v21.2.1 Daemon Server] - 2026-09-02T00:25:06.269Z - Done responding to the client handleHashMultiGlob
[NX v21.2.1 Daemon Server] - 2026-09-02T00:25:06.269Z - Handled HASH_GLOB. Handling time: 4. Response time: 0.
[NX v21.2.1 Daemon Server] - 2026-09-02T00:25:06.271Z - [REQUEST]: Responding to the client. handleHashMultiGlob
[NX v21.2.1 Daemon Server] - 2026-09-02T00:25:06.271Z - Done responding to the client handleHashMultiGlob
[NX v21.2.1 Daemon Server] - 2026-09-02T00:25:06.271Z - Handled HASH_GLOB. Handling time: 1. Response time: 0.
[NX v21.2.1 Daemon Server] - 2026-09-02T00:25:06.276Z - [REQUEST]: Responding to the client. handleHashMultiGlob
[NX v21.2.1 Daemon Server] - 2026-09-02T00:25:06.276Z - Done responding to the client handleHashMultiGlob
[NX v21.2.1 Daemon Server] - 2026-09-02T00:25:06.276Z - Handled HASH_GLOB. Handling time: 5. Response time: 0.
[NX v21.2.1 Daemon Server] - 2026-09-02T00:25:06.298Z - Time taken for 'build-project-configs' 33.639375000000655ms
[NX v21.2.1 Daemon Server] - 2026-09-02T00:25:06.301Z - Time taken for '@nx/vite/plugin:createDependencies' 5.222541999999521ms
[NX v21.2.1 Daemon Server] - 2026-09-02T00:25:06.301Z - Time taken for '@nx/js/typescript:createDependencies' 6.806749999999738ms
[NX v21.2.1 Daemon Server] - 2026-09-02T00:25:06.314Z - [SYNC]: collect registered sync generators
[NX v21.2.1 Daemon Server] - 2026-09-02T00:25:06.315Z - [SYNC]: project graph hash is the same, not collecting task sync generators
[NX v21.2.1 Daemon Server] - 2026-09-02T00:25:06.315Z - [SYNC]: nx.json hash is the same, not collecting global sync generators
[NX v21.2.1 Daemon Server] - 2026-09-02T00:25:06.315Z - [SYNC]: scheduling: ["@nx/js:typescript-sync"]
[NX v21.2.1 Daemon Server] - 2026-09-02T00:25:06.315Z - [REQUEST]: Responding to the client. File watch changed
[NX v21.2.1 Daemon Server] - 2026-09-02T00:25:06.315Z - Done responding to the client File watch changed
[NX v21.2.1 Daemon Server] - 2026-09-02T00:25:06.315Z - Handled FILE-WATCH-CHANGED. Handling time: 0. Response time: 0.
[NX v21.2.1 Daemon Server] - 2026-09-02T00:25:06.315Z - Time taken for 'total execution time for createProjectGraph()' 14.396374999998443ms
[NX v21.2.1 Daemon Server] - 2026-09-02T00:25:06.328Z - [WATCHER]: 5 file(s) created or restored, 4 file(s) modified, 5 file(s) deleted
[NX v21.2.1 Daemon Server] - 2026-09-02T00:25:06.329Z - [REQUEST]: Responding to the client. File watch changed
[NX v21.2.1 Daemon Server] - 2026-09-02T00:25:06.329Z - Done responding to the client File watch changed
[NX v21.2.1 Daemon Server] - 2026-09-02T00:25:06.329Z - Handled FILE-WATCH-CHANGED. Handling time: 0. Response time: 0.
[NX v21.2.1 Daemon Server] - 2026-09-02T00:25:06.329Z - Time taken for 'changed-projects' 0.04920800000036252ms
[NX v21.2.1 Daemon Server] - 2026-09-02T00:25:06.430Z - [REQUEST]: Updated workspace context based on watched changes, recomputing project graph...
[NX v21.2.1 Daemon Server] - 2026-09-02T00:25:06.430Z - [REQUEST]: .nx/workspace-data/tsc-2568428459166798129.hash,.nx/workspace-data/project-graph.json,.nx/workspace-data/file-map.json,.nx/workspace-data/tsconfig-files.hash,.nx/workspace-data/source-maps.json,.nx/workspace-data/react-router-8507840353650169656.hash,.nx/workspace-data/vite-9347777721732807074.hash,.nx/workspace-data/eslint-2654242865465226088.hash,.nx/workspace-data/jest-7930610538513362720.hash
[NX v21.2.1 Daemon Server] - 2026-09-02T00:25:06.430Z - [REQUEST]: .nx/workspace-data/file-map.json~a76fbcf3,.nx/workspace-data/project-graph.json~a76fbcf3,.nx/workspace-data/source-maps.json~a76fbcf3,.nx/workspace-data/tsc-2568428459166798129.hash.34254.bc578301.tmp,.nx/workspace-data/tsconfig-files.hash.34254.020d1c7e.tmp
[NX v21.2.1 Daemon Server] - 2026-09-02T00:25:06.438Z - [REQUEST]: Responding to the client. handleHashMultiGlob
[NX v21.2.1 Daemon Server] - 2026-09-02T00:25:06.438Z - Done responding to the client handleHashMultiGlob
[NX v21.2.1 Daemon Server] - 2026-09-02T00:25:06.438Z - Handled HASH_GLOB. Handling time: 0. Response time: 1.
[NX v21.2.1 Daemon Server] - 2026-09-02T00:25:06.438Z - [REQUEST]: Responding to the client. handleGlob
[NX v21.2.1 Daemon Server] - 2026-09-02T00:25:06.438Z - Done responding to the client handleGlob
[NX v21.2.1 Daemon Server] - 2026-09-02T00:25:06.438Z - Handled GLOB. Handling time: 0. Response time: 0.
[NX v21.2.1 Daemon Server] - 2026-09-02T00:25:06.438Z - Time taken for 'hash changed files from watcher' 0.8617500000000291ms
[NX v21.2.1 Daemon Server] - 2026-09-02T00:25:06.441Z - [REQUEST]: Responding to the client. handleHashMultiGlob
[NX v21.2.1 Daemon Server] - 2026-09-02T00:25:06.441Z - Done responding to the client handleHashMultiGlob
[NX v21.2.1 Daemon Server] - 2026-09-02T00:25:06.441Z - Handled HASH_GLOB. Handling time: 2. Response time: 0.
[NX v21.2.1 Daemon Server] - 2026-09-02T00:25:06.445Z - [REQUEST]: Responding to the client. handleHashMultiGlob
[NX v21.2.1 Daemon Server] - 2026-09-02T00:25:06.445Z - Done responding to the client handleHashMultiGlob
[NX v21.2.1 Daemon Server] - 2026-09-02T00:25:06.445Z - Handled HASH_GLOB. Handling time: 4. Response time: 0.
[NX v21.2.1 Daemon Server] - 2026-09-02T00:25:06.450Z - [REQUEST]: Responding to the client. handleHashMultiGlob
[NX v21.2.1 Daemon Server] - 2026-09-02T00:25:06.450Z - Done responding to the client handleHashMultiGlob
[NX v21.2.1 Daemon Server] - 2026-09-02T00:25:06.450Z - Handled HASH_GLOB. Handling time: 5. Response time: 0.
[NX v21.2.1 Daemon Server] - 2026-09-02T00:25:06.472Z - Time taken for 'build-project-configs' 34.07012500000019ms
[NX v21.2.1 Daemon Server] - 2026-09-02T00:25:06.474Z - Time taken for '@nx/vite/plugin:createDependencies' 4.711875000000873ms
[NX v21.2.1 Daemon Server] - 2026-09-02T00:25:06.475Z - Time taken for '@nx/js/typescript:createDependencies' 6.150665999999546ms
[NX v21.2.1 Daemon Server] - 2026-09-02T00:25:06.490Z - [SYNC]: collect registered sync generators
[NX v21.2.1 Daemon Server] - 2026-09-02T00:25:06.490Z - [SYNC]: project graph hash is the same, not collecting task sync generators
[NX v21.2.1 Daemon Server] - 2026-09-02T00:25:06.490Z - [SYNC]: nx.json hash is the same, not collecting global sync generators
[NX v21.2.1 Daemon Server] - 2026-09-02T00:25:06.490Z - [SYNC]: scheduling: ["@nx/js:typescript-sync"]
[NX v21.2.1 Daemon Server] - 2026-09-02T00:25:06.490Z - [REQUEST]: Responding to the client. File watch changed
[NX v21.2.1 Daemon Server] - 2026-09-02T00:25:06.490Z - Done responding to the client File watch changed
[NX v21.2.1 Daemon Server] - 2026-09-02T00:25:06.490Z - Handled FILE-WATCH-CHANGED. Handling time: 0. Response time: 0.
[NX v21.2.1 Daemon Server] - 2026-09-02T00:25:06.490Z - Time taken for 'total execution time for createProjectGraph()' 15.890832999999475ms
[NX v21.2.1 Daemon Server] - 2026-09-02T00:25:06.501Z - [WATCHER]: 2 file(s) created or restored, 4 file(s) modified, 3 file(s) deleted
[NX v21.2.1 Daemon Server] - 2026-09-02T00:25:06.501Z - [REQUEST]: Responding to the client. File watch changed
[NX v21.2.1 Daemon Server] - 2026-09-02T00:25:06.501Z - Done responding to the client File watch changed
[NX v21.2.1 Daemon Server] - 2026-09-02T00:25:06.501Z - Handled FILE-WATCH-CHANGED. Handling time: 0. Response time: 0.
[NX v21.2.1 Daemon Server] - 2026-09-02T00:25:06.501Z - Time taken for 'changed-projects' 0.03829100000075414ms
[NX v21.2.1 Daemon Server] - 2026-09-02T00:25:06.552Z - [WATCHER]: 3 file(s) created or restored, 0 file(s) modified, 3 file(s) deleted
[NX v21.2.1 Daemon Server] - 2026-09-02T00:25:06.552Z - [REQUEST]: Responding to the client. File watch changed
[NX v21.2.1 Daemon Server] - 2026-09-02T00:25:06.552Z - Done responding to the client File watch changed
[NX v21.2.1 Daemon Server] - 2026-09-02T00:25:06.552Z - Handled FILE-WATCH-CHANGED. Handling time: 0. Response time: 0.
[NX v21.2.1 Daemon Server] - 2026-09-02T00:25:06.552Z - Time taken for 'changed-projects' 0.05500000000029104ms
[NX v21.2.1 Daemon Server] - 2026-09-02T00:25:06.602Z - [REQUEST]: Updated workspace context based on watched changes, recomputing project graph...
[NX v21.2.1 Daemon Server] - 2026-09-02T00:25:06.602Z - [REQUEST]: .nx/workspace-data/tsc-2568428459166798129.hash,.nx/workspace-data/tsconfig-files.hash,.nx/workspace-data/vite-9347777721732807074.hash,.nx/workspace-data/jest-7930610538513362720.hash,.nx/workspace-data/eslint-2654242865465226088.hash,.nx/workspace-data/react-router-8507840353650169656.hash,.nx/workspace-data/source-maps.json,.nx/workspace-data/project-graph.json,.nx/workspace-data/file-map.json
[NX v21.2.1 Daemon Server] - 2026-09-02T00:25:06.602Z - [REQUEST]: .nx/workspace-data/tsc-2568428459166798129.hash.34254.d3c984db.tmp,.nx/workspace-data/tsconfig-files.hash.34254.adb5e6f8.tmp,.nx/workspace-data/project-graph.json~672e013c,.nx/workspace-data/file-map.json~672e013c,.nx/workspace-data/source-maps.json~672e013c
[NX v21.2.1 Daemon Server] - 2026-09-02T00:25:06.611Z - [REQUEST]: Responding to the client. handleHashMultiGlob
[NX v21.2.1 Daemon Server] - 2026-09-02T00:25:06.611Z - Done responding to the client handleHashMultiGlob
[NX v21.2.1 Daemon Server] - 2026-09-02T00:25:06.611Z - Handled HASH_GLOB. Handling time: 1. Response time: 0.
[NX v21.2.1 Daemon Server] - 2026-09-02T00:25:06.612Z - [REQUEST]: Responding to the client. handleGlob
[NX v21.2.1 Daemon Server] - 2026-09-02T00:25:06.613Z - Done responding to the client handleGlob
[NX v21.2.1 Daemon Server] - 2026-09-02T00:25:06.613Z - Handled GLOB. Handling time: 1. Response time: 1.
[NX v21.2.1 Daemon Server] - 2026-09-02T00:25:06.613Z - Time taken for 'hash changed files from watcher' 1.200749999999971ms
[NX v21.2.1 Daemon Server] - 2026-09-02T00:25:06.619Z - [REQUEST]: Responding to the client. handleHashMultiGlob
[NX v21.2.1 Daemon Server] - 2026-09-02T00:25:06.619Z - Done responding to the client handleHashMultiGlob
[NX v21.2.1 Daemon Server] - 2026-09-02T00:25:06.619Z - Handled HASH_GLOB. Handling time: 5. Response time: 0.
[NX v21.2.1 Daemon Server] - 2026-09-02T00:25:06.624Z - [REQUEST]: Responding to the client. handleHashMultiGlob
[NX v21.2.1 Daemon Server] - 2026-09-02T00:25:06.624Z - Done responding to the client handleHashMultiGlob
[NX v21.2.1 Daemon Server] - 2026-09-02T00:25:06.624Z - Handled HASH_GLOB. Handling time: 5. Response time: 0.
[NX v21.2.1 Daemon Server] - 2026-09-02T00:25:06.626Z - [REQUEST]: Responding to the client. handleHashMultiGlob
[NX v21.2.1 Daemon Server] - 2026-09-02T00:25:06.626Z - Done responding to the client handleHashMultiGlob
[NX v21.2.1 Daemon Server] - 2026-09-02T00:25:06.626Z - Handled HASH_GLOB. Handling time: 2. Response time: 0.
[NX v21.2.1 Daemon Server] - 2026-09-02T00:25:06.652Z - Time taken for 'build-project-configs' 36.416832999999315ms
[NX v21.2.1 Daemon Server] - 2026-09-02T00:25:06.660Z - Time taken for '@nx/js/typescript:createDependencies' 15.94329099999959ms
[NX v21.2.1 Daemon Server] - 2026-09-02T00:25:06.677Z - [SYNC]: collect registered sync generators
[NX v21.2.1 Daemon Server] - 2026-09-02T00:25:06.678Z - [SYNC]: project graph hash is the same, not collecting task sync generators
[NX v21.2.1 Daemon Server] - 2026-09-02T00:25:06.678Z - [SYNC]: nx.json hash is the same, not collecting global sync generators
[NX v21.2.1 Daemon Server] - 2026-09-02T00:25:06.678Z - [SYNC]: scheduling: ["@nx/js:typescript-sync"]
[NX v21.2.1 Daemon Server] - 2026-09-02T00:25:06.678Z - [REQUEST]: Responding to the client. File watch changed
[NX v21.2.1 Daemon Server] - 2026-09-02T00:25:06.678Z - Done responding to the client File watch changed
[NX v21.2.1 Daemon Server] - 2026-09-02T00:25:06.678Z - Handled FILE-WATCH-CHANGED. Handling time: 0. Response time: 0.
[NX v21.2.1 Daemon Server] - 2026-09-02T00:25:06.678Z - Time taken for 'total execution time for createProjectGraph()' 26.094749999998385ms
[NX v21.2.1 Daemon Server] - 2026-09-02T00:25:06.679Z - [WATCHER]: 2 file(s) created or restored, 4 file(s) modified, 2 file(s) deleted
[NX v21.2.1 Daemon Server] - 2026-09-02T00:25:06.679Z - [REQUEST]: Responding to the client. File watch changed
[NX v21.2.1 Daemon Server] - 2026-09-02T00:25:06.679Z - Done responding to the client File watch changed
[NX v21.2.1 Daemon Server] - 2026-09-02T00:25:06.679Z - Handled FILE-WATCH-CHANGED. Handling time: 0. Response time: 0.
[NX v21.2.1 Daemon Server] - 2026-09-02T00:25:06.679Z - Time taken for 'changed-projects' 0.03329200000007404ms
[NX v21.2.1 Daemon Server] - 2026-09-02T00:25:06.746Z - [WATCHER]: 3 file(s) created or restored, 0 file(s) modified, 3 file(s) deleted
[NX v21.2.1 Daemon Server] - 2026-09-02T00:25:06.747Z - [REQUEST]: Responding to the client. File watch changed
[NX v21.2.1 Daemon Server] - 2026-09-02T00:25:06.747Z - Done responding to the client File watch changed
[NX v21.2.1 Daemon Server] - 2026-09-02T00:25:06.747Z - Handled FILE-WATCH-CHANGED. Handling time: 1. Response time: 0.
[NX v21.2.1 Daemon Server] - 2026-09-02T00:25:06.747Z - Time taken for 'changed-projects' 0.06725000000005821ms
[NX v21.2.1 Daemon Server] - 2026-09-02T00:25:06.780Z - [REQUEST]: Updated workspace context based on watched changes, recomputing project graph...
[NX v21.2.1 Daemon Server] - 2026-09-02T00:25:06.781Z - [REQUEST]: .nx/workspace-data/tsc-2568428459166798129.hash,.nx/workspace-data/tsconfig-files.hash,.nx/workspace-data/vite-9347777721732807074.hash,.nx/workspace-data/jest-7930610538513362720.hash,.nx/workspace-data/eslint-2654242865465226088.hash,.nx/workspace-data/react-router-8507840353650169656.hash,.nx/workspace-data/file-map.json,.nx/workspace-data/source-maps.json,.nx/workspace-data/project-graph.json
[NX v21.2.1 Daemon Server] - 2026-09-02T00:25:06.781Z - [REQUEST]: .nx/workspace-data/tsc-2568428459166798129.hash.34254.5b773e4a.tmp,.nx/workspace-data/tsconfig-files.hash.34254.a451c0a5.tmp,.nx/workspace-data/project-graph.json~69411152,.nx/workspace-data/source-maps.json~69411152,.nx/workspace-data/file-map.json~69411152
[NX v21.2.1 Daemon Server] - 2026-09-02T00:25:06.788Z - [REQUEST]: Responding to the client. handleHashMultiGlob
[NX v21.2.1 Daemon Server] - 2026-09-02T00:25:06.788Z - Done responding to the client handleHashMultiGlob
[NX v21.2.1 Daemon Server] - 2026-09-02T00:25:06.788Z - Handled HASH_GLOB. Handling time: 0. Response time: 0.
[NX v21.2.1 Daemon Server] - 2026-09-02T00:25:06.790Z - [REQUEST]: Responding to the client. handleGlob
[NX v21.2.1 Daemon Server] - 2026-09-02T00:25:06.790Z - Done responding to the client handleGlob
[NX v21.2.1 Daemon Server] - 2026-09-02T00:25:06.790Z - Handled GLOB. Handling time: 1. Response time: 0.
[NX v21.2.1 Daemon Server] - 2026-09-02T00:25:06.790Z - Time taken for 'hash changed files from watcher' 0.9212079999997513ms
[NX v21.2.1 Daemon Server] - 2026-09-02T00:25:06.793Z - [REQUEST]: Responding to the client. handleHashMultiGlob
[NX v21.2.1 Daemon Server] - 2026-09-02T00:25:06.793Z - Done responding to the client handleHashMultiGlob
[NX v21.2.1 Daemon Server] - 2026-09-02T00:25:06.793Z - Handled HASH_GLOB. Handling time: 3. Response time: 0.
[NX v21.2.1 Daemon Server] - 2026-09-02T00:25:06.797Z - [REQUEST]: Responding to the client. handleHashMultiGlob
[NX v21.2.1 Daemon Server] - 2026-09-02T00:25:06.798Z - Done responding to the client handleHashMultiGlob
[NX v21.2.1 Daemon Server] - 2026-09-02T00:25:06.798Z - Handled HASH_GLOB. Handling time: 4. Response time: 1.
[NX v21.2.1 Daemon Server] - 2026-09-02T00:25:06.804Z - [REQUEST]: Responding to the client. handleHashMultiGlob
[NX v21.2.1 Daemon Server] - 2026-09-02T00:25:06.804Z - Done responding to the client handleHashMultiGlob
[NX v21.2.1 Daemon Server] - 2026-09-02T00:25:06.804Z - Handled HASH_GLOB. Handling time: 6. Response time: 0.
[NX v21.2.1 Daemon Server] - 2026-09-02T00:25:06.825Z - Time taken for 'build-project-configs' 37.16533399999935ms
[NX v21.2.1 Daemon Server] - 2026-09-02T00:25:06.828Z - Time taken for '@nx/js/typescript:createDependencies' 7.2146670000001905ms
[NX v21.2.1 Daemon Server] - 2026-09-02T00:25:06.828Z - Time taken for '@nx/vite/plugin:createDependencies' 6.233958999999231ms
[NX v21.2.1 Daemon Server] - 2026-09-02T00:25:06.848Z - [SYNC]: collect registered sync generators
[NX v21.2.1 Daemon Server] - 2026-09-02T00:25:06.849Z - [SYNC]: project graph hash is the same, not collecting task sync generators
[NX v21.2.1 Daemon Server] - 2026-09-02T00:25:06.849Z - [SYNC]: nx.json hash is the same, not collecting global sync generators
[NX v21.2.1 Daemon Server] - 2026-09-02T00:25:06.849Z - [SYNC]: scheduling: ["@nx/js:typescript-sync"]
[NX v21.2.1 Daemon Server] - 2026-09-02T00:25:06.849Z - [REQUEST]: Responding to the client. File watch changed
[NX v21.2.1 Daemon Server] - 2026-09-02T00:25:06.849Z - Done responding to the client File watch changed
[NX v21.2.1 Daemon Server] - 2026-09-02T00:25:06.849Z - Handled FILE-WATCH-CHANGED. Handling time: 0. Response time: 0.
[NX v21.2.1 Daemon Server] - 2026-09-02T00:25:06.849Z - Time taken for 'total execution time for createProjectGraph()' 14.403249999999389ms
[NX v21.2.1 Daemon Server] - 2026-09-02T00:25:06.850Z - [WATCHER]: 3 file(s) created or restored, 4 file(s) modified, 2 file(s) deleted
[NX v21.2.1 Daemon Server] - 2026-09-02T00:25:06.850Z - [REQUEST]: Responding to the client. File watch changed
Error [ERR_STREAM_DESTROYED]: Cannot call write after a stream was destroyed
    at _write (node:internal/streams/writable:489:11)
    at Writable.write (node:internal/streams/writable:508:10)
    at /Users/test/Documents/code/nx-monorepo-ts/node_modules/nx/src/daemon/server/shutdown-utils.js:73:16
    at new Promise (<anonymous>)
    at respondToClient (/Users/test/Documents/code/nx-monorepo-ts/node_modules/nx/src/daemon/server/shutdown-utils.js:69:12)
    at handleResult (/Users/test/Documents/code/nx-monorepo-ts/node_modules/nx/src/daemon/server/server.js:192:52)
    at process.processTicksAndRejections (node:internal/process/task_queues:105:5)
    at async Promise.all (index 0)
    at async /Users/test/Documents/code/nx-monorepo-ts/node_modules/nx/src/daemon/server/file-watching/file-watcher-sockets.js:27:9
    at async /Users/test/Documents/code/nx-monorepo-ts/node_modules/nx/src/utils/promised-based-queue.js:19:21 {
  code: 'ERR_STREAM_DESTROYED'
}
[NX v21.2.1 Daemon Server] - 2026-09-02T00:25:06.851Z - Done responding to the client File watch changed
[NX v21.2.1 Daemon Server] - 2026-09-02T00:25:06.851Z - Handled FILE-WATCH-CHANGED. Handling time: 0. Response time: 1.
[NX v21.2.1 Daemon Server] - 2026-09-02T00:25:06.851Z - [WATCHER]: Processing file changes in outputs
[NX v21.2.1 Daemon Server] - 2026-09-02T00:25:06.851Z - Time taken for 'changed-projects' 0.026874999999563443ms
[NX v21.2.1 Daemon Server] - 2026-09-02T00:25:06.851Z - Closed a connection. Number of open connections: 6
[NX v21.2.1 Daemon Server] - 2026-09-02T00:25:06.851Z - Closed a connection. Number of open connections: 5
[NX v21.2.1 Daemon Server] - 2026-09-02T00:25:06.851Z - Closed a connection. Number of open connections: 4
[NX v21.2.1 Daemon Server] - 2026-09-02T00:25:06.851Z - Closed a connection. Number of open connections: 3
[NX v21.2.1 Daemon Server] - 2026-09-02T00:25:06.851Z - Closed a connection. Number of open connections: 2
[NX v21.2.1 Daemon Server] - 2026-09-02T00:25:06.851Z - Closed a connection. Number of open connections: 1
[NX v21.2.1 Daemon Server] - 2026-09-02T00:25:06.851Z - Closed a connection. Number of open connections: 0
[NX v21.2.1 Daemon Server] - 2026-09-02T00:25:06.851Z - [WATCHER]: Stopping the watcher for /Users/test/Documents/code/nx-monorepo-ts (sources)
[NX v21.2.1 Daemon Server] - 2026-09-02T00:25:06.851Z - [WATCHER]: Stopping the watcher for /Users/test/Documents/code/nx-monorepo-ts (outputs)
[NX v21.2.1 Daemon Server] - 2026-09-02T00:25:06.852Z - Server stopped because: "Stopping the daemon the set of ignored files changed (native)"
[NX v21.2.1 Daemon Server] - 2026-09-02T00:25:07.919Z - Started listening on: /var/folders/dh/hdj8y6kj22x5jxqks_l9s8s80000gn/T/2b67ce026cf5f7c276be/d.sock
[NX v21.2.1 Daemon Server] - 2026-09-02T00:25:07.921Z - [WATCHER]: Subscribed to changes within: /Users/test/Documents/code/nx-monorepo-ts (native)
[NX v21.2.1 Daemon Server] - 2026-09-02T00:25:07.928Z - Established a connection. Number of open connections: 1
[NX v21.2.1 Daemon Server] - 2026-09-02T00:25:07.929Z - Closed a connection. Number of open connections: 0
[NX v21.2.1 Daemon Server] - 2026-09-02T00:25:07.937Z - Established a connection. Number of open connections: 1
[NX v21.2.1 Daemon Server] - 2026-09-02T00:25:07.937Z - Established a connection. Number of open connections: 2
[NX v21.2.1 Daemon Server] - 2026-09-02T00:25:07.937Z - Closed a connection. Number of open connections: 1
[NX v21.2.1 Daemon Server] - 2026-09-02T00:25:07.939Z - [REQUEST]: Client Request for Project Graph Received
[NX v21.2.1 Daemon Server] - 2026-09-02T00:25:07.982Z - [WATCHER]: Processing file changes in outputs
[NX v21.2.1 Daemon Server] - 2026-09-02T00:25:08.087Z - Time taken for 'Load Nx Plugin: /Users/test/Documents/code/nx-monorepo-ts/node_modules/nx/src/plugins/package-json' 145.885625ms
[NX v21.2.1 Daemon Server] - 2026-09-02T00:25:08.102Z - Time taken for 'Load Nx Plugin: /Users/test/Documents/code/nx-monorepo-ts/node_modules/nx/src/plugins/project-json/build-nodes/project-json' 161.250042ms
[NX v21.2.1 Daemon Server] - 2026-09-02T00:25:08.125Z - Time taken for 'loadDefaultNxPlugins' 184.99391699999998ms
[NX v21.2.1 Daemon Server] - 2026-09-02T00:25:08.137Z - Time taken for 'Load Nx Plugin: @nx/eslint/plugin' 197.15658299999998ms
[NX v21.2.1 Daemon Server] - 2026-09-02T00:25:08.141Z - Time taken for 'Load Nx Plugin: @nx/jest/plugin' 200.439958ms
[NX v21.2.1 Daemon Server] - 2026-09-02T00:25:08.153Z - Time taken for 'Load Nx Plugin: @nx/js/typescript' 213.45979200000002ms
[NX v21.2.1 Daemon Server] - 2026-09-02T00:25:08.161Z - Time taken for 'Load Nx Plugin: @nx/vite/plugin' 221.267541ms
[NX v21.2.1 Daemon Server] - 2026-09-02T00:25:08.163Z - [REQUEST]: Updated workspace context based on watched changes, recomputing project graph...
[NX v21.2.1 Daemon Server] - 2026-09-02T00:25:08.163Z - [REQUEST]: 
[NX v21.2.1 Daemon Server] - 2026-09-02T00:25:08.163Z - [REQUEST]: 
[NX v21.2.1 Daemon Server] - 2026-09-02T00:25:08.175Z - Time taken for 'loadSpecifiedNxPlugins' 223.42325ms
[NX v21.2.1 Daemon Server] - 2026-09-02T00:25:08.175Z - Established a connection. Number of open connections: 2
[NX v21.2.1 Daemon Server] - 2026-09-02T00:25:08.175Z - Established a connection. Number of open connections: 3
[NX v21.2.1 Daemon Server] - 2026-09-02T00:25:08.175Z - Closed a connection. Number of open connections: 2
[NX v21.2.1 Daemon Server] - 2026-09-02T00:25:08.175Z - Established a connection. Number of open connections: 3
[NX v21.2.1 Daemon Server] - 2026-09-02T00:25:08.176Z - [REQUEST]: Responding to the client. handleHashMultiGlob
[NX v21.2.1 Daemon Server] - 2026-09-02T00:25:08.176Z - Done responding to the client handleHashMultiGlob
[NX v21.2.1 Daemon Server] - 2026-09-02T00:25:08.176Z - Handled HASH_GLOB. Handling time: 0. Response time: 0.
[NX v21.2.1 Daemon Server] - 2026-09-02T00:25:08.176Z - Established a connection. Number of open connections: 4
[NX v21.2.1 Daemon Server] - 2026-09-02T00:25:08.176Z - Closed a connection. Number of open connections: 3
[NX v21.2.1 Daemon Server] - 2026-09-02T00:25:08.177Z - Established a connection. Number of open connections: 4
[NX v21.2.1 Daemon Server] - 2026-09-02T00:25:08.177Z - [REQUEST]: Responding to the client. handleGlob
[NX v21.2.1 Daemon Server] - 2026-09-02T00:25:08.177Z - Done responding to the client handleGlob
[NX v21.2.1 Daemon Server] - 2026-09-02T00:25:08.177Z - Handled GLOB. Handling time: 0. Response time: 0.
[NX v21.2.1 Daemon Server] - 2026-09-02T00:25:08.178Z - Established a connection. Number of open connections: 5
[NX v21.2.1 Daemon Server] - 2026-09-02T00:25:08.178Z - Closed a connection. Number of open connections: 4
[NX v21.2.1 Daemon Server] - 2026-09-02T00:25:08.182Z - [REQUEST]: Responding to the client. handleHashMultiGlob
[NX v21.2.1 Daemon Server] - 2026-09-02T00:25:08.182Z - Done responding to the client handleHashMultiGlob
[NX v21.2.1 Daemon Server] - 2026-09-02T00:25:08.182Z - Handled HASH_GLOB. Handling time: 4. Response time: 0.
[NX v21.2.1 Daemon Server] - 2026-09-02T00:25:08.187Z - [REQUEST]: Responding to the client. handleHashMultiGlob
[NX v21.2.1 Daemon Server] - 2026-09-02T00:25:08.187Z - Done responding to the client handleHashMultiGlob
[NX v21.2.1 Daemon Server] - 2026-09-02T00:25:08.187Z - Handled HASH_GLOB. Handling time: 4. Response time: 0.
[NX v21.2.1 Daemon Server] - 2026-09-02T00:25:08.187Z - Established a connection. Number of open connections: 5
[NX v21.2.1 Daemon Server] - 2026-09-02T00:25:08.187Z - Established a connection. Number of open connections: 6
[NX v21.2.1 Daemon Server] - 2026-09-02T00:25:08.187Z - Closed a connection. Number of open connections: 5
[NX v21.2.1 Daemon Server] - 2026-09-02T00:25:08.190Z - [REQUEST]: Responding to the client. handleHashMultiGlob
[NX v21.2.1 Daemon Server] - 2026-09-02T00:25:08.190Z - Done responding to the client handleHashMultiGlob
[NX v21.2.1 Daemon Server] - 2026-09-02T00:25:08.190Z - Handled HASH_GLOB. Handling time: 2. Response time: 0.
[NX v21.2.1 Daemon Server] - 2026-09-02T00:25:08.771Z - Time taken for 'build-project-configs' 589.427917ms
[NX v21.2.1 Daemon Server] - 2026-09-02T00:25:08.774Z - Time taken for '@nx/vite/plugin:createDependencies' 5.1001249999999345ms
[NX v21.2.1 Daemon Server] - 2026-09-02T00:25:08.774Z - Time taken for '@nx/js/typescript:createDependencies' 6.513959ms
[NX v21.2.1 Daemon Server] - 2026-09-02T00:25:08.791Z - [SYNC]: collect registered sync generators
[NX v21.2.1 Daemon Server] - 2026-09-02T00:25:08.791Z - [SYNC]: scheduling: ["@nx/js:typescript-sync"]
[NX v21.2.1 Daemon Server] - 2026-09-02T00:25:08.791Z - [REQUEST]: Responding to the client. project-graph
[NX v21.2.1 Daemon Server] - 2026-09-02T00:25:08.792Z - Time taken for 'total for creating and serializing project graph' 852.867667ms
[NX v21.2.1 Daemon Server] - 2026-09-02T00:25:08.793Z - Done responding to the client project-graph
[NX v21.2.1 Daemon Server] - 2026-09-02T00:25:08.793Z - Handled REQUEST_PROJECT_GRAPH. Handling time: 853. Response time: 2.
[NX v21.2.1 Daemon Server] - 2026-09-02T00:25:08.796Z - [REQUEST]: Responding to the client. handleContextFileData
[NX v21.2.1 Daemon Server] - 2026-09-02T00:25:08.796Z - Done responding to the client handleContextFileData
[NX v21.2.1 Daemon Server] - 2026-09-02T00:25:08.796Z - Handled GET_CONTEXT_FILE_DATA. Handling time: 0. Response time: 0.
[NX v21.2.1 Daemon Server] - 2026-09-02T00:25:08.892Z - [SYNC]: running scheduled generator @nx/js:typescript-sync
[NX v21.2.1 Daemon Server] - 2026-09-02T00:25:09.014Z - Established a connection. Number of open connections: 6
[NX v21.2.1 Daemon Server] - 2026-09-02T00:25:09.014Z - [REQUEST]: Client Request for Project Graph Received
[NX v21.2.1 Daemon Server] - 2026-09-02T00:25:09.014Z - [REQUEST]: Responding to the client. project-graph
[NX v21.2.1 Daemon Server] - 2026-09-02T00:25:09.016Z - Time taken for 'total for creating and serializing project graph' 0.1687499999998181ms
[NX v21.2.1 Daemon Server] - 2026-09-02T00:25:09.016Z - Established a connection. Number of open connections: 7
[NX v21.2.1 Daemon Server] - 2026-09-02T00:25:09.016Z - Closed a connection. Number of open connections: 6
[NX v21.2.1 Daemon Server] - 2026-09-02T00:25:09.016Z - Established a connection. Number of open connections: 7
[NX v21.2.1 Daemon Server] - 2026-09-02T00:25:09.018Z - Closed a connection. Number of open connections: 6
[NX v21.2.1 Daemon Server] - 2026-09-02T00:25:09.018Z - [REQUEST]: Client Request for Project Graph Received
[NX v21.2.1 Daemon Server] - 2026-09-02T00:25:09.019Z - [REQUEST]: Responding to the client. project-graph
[NX v21.2.1 Daemon Server] - 2026-09-02T00:25:09.019Z - Time taken for 'total for creating and serializing project graph' 0.135707999999795ms
[NX v21.2.1 Daemon Server] - 2026-09-02T00:25:09.021Z - Done responding to the client project-graph
[NX v21.2.1 Daemon Server] - 2026-09-02T00:25:09.021Z - Handled REQUEST_PROJECT_GRAPH. Handling time: 0. Response time: 7.
[NX v21.2.1 Daemon Server] - 2026-09-02T00:25:09.021Z - Done responding to the client project-graph
[NX v21.2.1 Daemon Server] - 2026-09-02T00:25:09.021Z - Handled REQUEST_PROJECT_GRAPH. Handling time: 1. Response time: 2.
[NX v21.2.1 Daemon Server] - 2026-09-02T00:25:09.029Z - [SYNC]: @nx/js:typescript-sync changes: 
[NX v21.2.1 Daemon Server] - 2026-09-02T00:25:09.029Z - Time taken for 'run-sync-generator:@nx/js:typescript-sync' 136.63537499999984ms
[NX v21.2.1 Daemon Server] - 2026-09-02T00:25:09.029Z - [REQUEST]: Client Request for Project Graph Received
[NX v21.2.1 Daemon Server] - 2026-09-02T00:25:09.030Z - [REQUEST]: Responding to the client. project-graph
[NX v21.2.1 Daemon Server] - 2026-09-02T00:25:09.030Z - Time taken for 'total for creating and serializing project graph' 0.09766700000000128ms
[NX v21.2.1 Daemon Server] - 2026-09-02T00:25:09.031Z - Done responding to the client project-graph
[NX v21.2.1 Daemon Server] - 2026-09-02T00:25:09.031Z - Handled REQUEST_PROJECT_GRAPH. Handling time: 1. Response time: 1.
[NX v21.2.1 Daemon Server] - 2026-09-02T00:25:09.034Z - Established a connection. Number of open connections: 7
[NX v21.2.1 Daemon Server] - 2026-09-02T00:26:54.228Z - [WATCHER]: 20 file(s) created or restored, 1 file(s) modified, 0 file(s) deleted
[NX v21.2.1 Daemon Server] - 2026-09-02T00:26:54.229Z - [REQUEST]: Responding to the client. File watch changed
Error [ERR_STREAM_DESTROYED]: Cannot call write after a stream was destroyed
    at _write (node:internal/streams/writable:489:11)
    at Writable.write (node:internal/streams/writable:508:10)
    at /Users/test/Documents/code/nx-monorepo-ts/node_modules/nx/src/daemon/server/shutdown-utils.js:73:16
    at new Promise (<anonymous>)
    at respondToClient (/Users/test/Documents/code/nx-monorepo-ts/node_modules/nx/src/daemon/server/shutdown-utils.js:69:12)
    at handleResult (/Users/test/Documents/code/nx-monorepo-ts/node_modules/nx/src/daemon/server/server.js:192:52)
    at process.processTicksAndRejections (node:internal/process/task_queues:105:5)
    at async Promise.all (index 0)
    at async /Users/test/Documents/code/nx-monorepo-ts/node_modules/nx/src/daemon/server/file-watching/file-watcher-sockets.js:27:9
    at async /Users/test/Documents/code/nx-monorepo-ts/node_modules/nx/src/utils/promised-based-queue.js:19:21 {
  code: 'ERR_STREAM_DESTROYED'
}
[NX v21.2.1 Daemon Server] - 2026-09-02T00:26:54.229Z - Done responding to the client File watch changed
[NX v21.2.1 Daemon Server] - 2026-09-02T00:26:54.229Z - Handled FILE-WATCH-CHANGED. Handling time: 0. Response time: 0.
[NX v21.2.1 Daemon Server] - 2026-09-02T00:26:54.229Z - [WATCHER]: Processing file changes in outputs
[NX v21.2.1 Daemon Server] - 2026-09-02T00:26:54.229Z - Time taken for 'changed-projects' 0.20704100000148173ms
[NX v21.2.1 Daemon Server] - 2026-09-02T00:26:54.229Z - Closed a connection. Number of open connections: 6
[NX v21.2.1 Daemon Server] - 2026-09-02T00:26:54.230Z - Closed a connection. Number of open connections: 5
[NX v21.2.1 Daemon Server] - 2026-09-02T00:26:54.230Z - Closed a connection. Number of open connections: 4
[NX v21.2.1 Daemon Server] - 2026-09-02T00:26:54.230Z - Closed a connection. Number of open connections: 3
[NX v21.2.1 Daemon Server] - 2026-09-02T00:26:54.230Z - Closed a connection. Number of open connections: 2
[NX v21.2.1 Daemon Server] - 2026-09-02T00:26:54.230Z - Closed a connection. Number of open connections: 1
[NX v21.2.1 Daemon Server] - 2026-09-02T00:26:54.230Z - Closed a connection. Number of open connections: 0
[NX v21.2.1 Daemon Server] - 2026-09-02T00:26:54.230Z - [WATCHER]: Stopping the watcher for /Users/test/Documents/code/nx-monorepo-ts (sources)
[NX v21.2.1 Daemon Server] - 2026-09-02T00:26:54.230Z - [WATCHER]: Stopping the watcher for /Users/test/Documents/code/nx-monorepo-ts (outputs)
[NX v21.2.1 Daemon Server] - 2026-09-02T00:26:54.230Z - Server stopped because: "Stopping the daemon the set of ignored files changed (native)"
[NX v21.2.1 Daemon Server] - 2026-09-02T00:27:47.736Z - Started listening on: /var/folders/dh/hdj8y6kj22x5jxqks_l9s8s80000gn/T/2b67ce026cf5f7c276be/d.sock
[NX v21.2.1 Daemon Server] - 2026-09-02T00:27:47.738Z - [WATCHER]: Subscribed to changes within: /Users/test/Documents/code/nx-monorepo-ts (native)
[NX v21.2.1 Daemon Server] - 2026-09-02T00:27:47.745Z - Established a connection. Number of open connections: 1
[NX v21.2.1 Daemon Server] - 2026-09-02T00:27:47.747Z - Closed a connection. Number of open connections: 0
[NX v21.2.1 Daemon Server] - 2026-09-02T00:27:47.753Z - Established a connection. Number of open connections: 1
[NX v21.2.1 Daemon Server] - 2026-09-02T00:27:47.754Z - Established a connection. Number of open connections: 2
[NX v21.2.1 Daemon Server] - 2026-09-02T00:27:47.754Z - Closed a connection. Number of open connections: 1
[NX v21.2.1 Daemon Server] - 2026-09-02T00:27:47.755Z - [REQUEST]: Client Request for Project Graph Received
[NX v21.2.1 Daemon Server] - 2026-09-02T00:27:47.798Z - [WATCHER]: Processing file changes in outputs
[NX v21.2.1 Daemon Server] - 2026-09-02T00:27:47.900Z - Time taken for 'Load Nx Plugin: /Users/test/Documents/code/nx-monorepo-ts/node_modules/nx/src/plugins/project-json/build-nodes/project-json' 142.63379199999997ms
[NX v21.2.1 Daemon Server] - 2026-09-02T00:27:47.911Z - Time taken for 'Load Nx Plugin: /Users/test/Documents/code/nx-monorepo-ts/node_modules/nx/src/plugins/package-json' 154.08491700000002ms
[NX v21.2.1 Daemon Server] - 2026-09-02T00:27:47.914Z - Time taken for 'loadDefaultNxPlugins' 157.27020900000002ms
[NX v21.2.1 Daemon Server] - 2026-09-02T00:27:47.958Z - Time taken for 'Load Nx Plugin: @nx/jest/plugin' 201.03887499999996ms
[NX v21.2.1 Daemon Server] - 2026-09-02T00:27:47.958Z - Time taken for 'Load Nx Plugin: @nx/eslint/plugin' 201.9155ms
[NX v21.2.1 Daemon Server] - 2026-09-02T00:27:47.962Z - Time taken for 'Load Nx Plugin: @nx/js/typescript' 206.98612500000002ms
[NX v21.2.1 Daemon Server] - 2026-09-02T00:27:47.985Z - Time taken for 'Load Nx Plugin: @nx/react/router-plugin' 228.79675ms
[NX v21.2.1 Daemon Server] - 2026-09-02T00:27:47.986Z - [REQUEST]: Updated workspace context based on watched changes, recomputing project graph...
[NX v21.2.1 Daemon Server] - 2026-09-02T00:27:47.986Z - [REQUEST]: 
[NX v21.2.1 Daemon Server] - 2026-09-02T00:27:47.986Z - [REQUEST]: 
[NX v21.2.1 Daemon Server] - 2026-09-02T00:27:47.998Z - Time taken for 'loadSpecifiedNxPlugins' 230.12708299999997ms
[NX v21.2.1 Daemon Server] - 2026-09-02T00:27:47.998Z - Established a connection. Number of open connections: 2
[NX v21.2.1 Daemon Server] - 2026-09-02T00:27:47.998Z - Established a connection. Number of open connections: 3
[NX v21.2.1 Daemon Server] - 2026-09-02T00:27:47.998Z - Closed a connection. Number of open connections: 2
[NX v21.2.1 Daemon Server] - 2026-09-02T00:27:47.998Z - Established a connection. Number of open connections: 3
[NX v21.2.1 Daemon Server] - 2026-09-02T00:27:47.999Z - [REQUEST]: Responding to the client. handleHashMultiGlob
[NX v21.2.1 Daemon Server] - 2026-09-02T00:27:47.999Z - Done responding to the client handleHashMultiGlob
[NX v21.2.1 Daemon Server] - 2026-09-02T00:27:47.999Z - Handled HASH_GLOB. Handling time: 0. Response time: 0.
[NX v21.2.1 Daemon Server] - 2026-09-02T00:27:47.999Z - Established a connection. Number of open connections: 4
[NX v21.2.1 Daemon Server] - 2026-09-02T00:27:47.999Z - Closed a connection. Number of open connections: 3
[NX v21.2.1 Daemon Server] - 2026-09-02T00:27:48.000Z - [REQUEST]: Responding to the client. handleGlob
[NX v21.2.1 Daemon Server] - 2026-09-02T00:27:48.000Z - Done responding to the client handleGlob
[NX v21.2.1 Daemon Server] - 2026-09-02T00:27:48.000Z - Handled GLOB. Handling time: 1. Response time: 0.
[NX v21.2.1 Daemon Server] - 2026-09-02T00:27:48.000Z - Established a connection. Number of open connections: 4
[NX v21.2.1 Daemon Server] - 2026-09-02T00:27:48.000Z - Established a connection. Number of open connections: 5
[NX v21.2.1 Daemon Server] - 2026-09-02T00:27:48.000Z - Closed a connection. Number of open connections: 4
[NX v21.2.1 Daemon Server] - 2026-09-02T00:27:48.004Z - [REQUEST]: Responding to the client. handleHashMultiGlob
[NX v21.2.1 Daemon Server] - 2026-09-02T00:27:48.005Z - Done responding to the client handleHashMultiGlob
[NX v21.2.1 Daemon Server] - 2026-09-02T00:27:48.005Z - Handled HASH_GLOB. Handling time: 3. Response time: 1.
[NX v21.2.1 Daemon Server] - 2026-09-02T00:27:48.009Z - [REQUEST]: Responding to the client. handleHashMultiGlob
[NX v21.2.1 Daemon Server] - 2026-09-02T00:27:48.009Z - Done responding to the client handleHashMultiGlob
[NX v21.2.1 Daemon Server] - 2026-09-02T00:27:48.009Z - Handled HASH_GLOB. Handling time: 4. Response time: 0.
[NX v21.2.1 Daemon Server] - 2026-09-02T00:27:48.009Z - Established a connection. Number of open connections: 5
[NX v21.2.1 Daemon Server] - 2026-09-02T00:27:48.009Z - Established a connection. Number of open connections: 6
[NX v21.2.1 Daemon Server] - 2026-09-02T00:27:48.009Z - Closed a connection. Number of open connections: 5
[NX v21.2.1 Daemon Server] - 2026-09-02T00:27:48.012Z - [REQUEST]: Responding to the client. handleHashMultiGlob
[NX v21.2.1 Daemon Server] - 2026-09-02T00:27:48.012Z - Done responding to the client handleHashMultiGlob
[NX v21.2.1 Daemon Server] - 2026-09-02T00:27:48.012Z - Handled HASH_GLOB. Handling time: 2. Response time: 0.
[NX v21.2.1 Daemon Server] - 2026-09-02T00:27:48.604Z - Time taken for 'build-project-configs' 599.212ms
[NX v21.2.1 Daemon Server] - 2026-09-02T00:27:48.607Z - Time taken for '@nx/vite/plugin:createDependencies' 5.320249999999987ms
[NX v21.2.1 Daemon Server] - 2026-09-02T00:27:48.607Z - Time taken for '@nx/js/typescript:createDependencies' 6.920582999999965ms
[NX v21.2.1 Daemon Server] - 2026-09-02T00:27:48.624Z - [SYNC]: collect registered sync generators
[NX v21.2.1 Daemon Server] - 2026-09-02T00:27:48.624Z - [SYNC]: scheduling: ["@nx/js:typescript-sync"]
[NX v21.2.1 Daemon Server] - 2026-09-02T00:27:48.624Z - [REQUEST]: Responding to the client. project-graph
[NX v21.2.1 Daemon Server] - 2026-09-02T00:27:48.625Z - Time taken for 'total for creating and serializing project graph' 869.824333ms
[NX v21.2.1 Daemon Server] - 2026-09-02T00:27:48.627Z - Done responding to the client project-graph
[NX v21.2.1 Daemon Server] - 2026-09-02T00:27:48.627Z - Handled REQUEST_PROJECT_GRAPH. Handling time: 869. Response time: 3.
[NX v21.2.1 Daemon Server] - 2026-09-02T00:27:48.630Z - [REQUEST]: Responding to the client. handleContextFileData
[NX v21.2.1 Daemon Server] - 2026-09-02T00:27:48.630Z - Done responding to the client handleContextFileData
[NX v21.2.1 Daemon Server] - 2026-09-02T00:27:48.630Z - Handled GET_CONTEXT_FILE_DATA. Handling time: 0. Response time: 0.
[NX v21.2.1 Daemon Server] - 2026-09-02T00:27:48.724Z - [SYNC]: running scheduled generator @nx/js:typescript-sync
[NX v21.2.1 Daemon Server] - 2026-09-02T00:27:48.842Z - Established a connection. Number of open connections: 6
[NX v21.2.1 Daemon Server] - 2026-09-02T00:27:48.842Z - [REQUEST]: Client Request for Project Graph Received
[NX v21.2.1 Daemon Server] - 2026-09-02T00:27:48.842Z - [REQUEST]: Responding to the client. project-graph
[NX v21.2.1 Daemon Server] - 2026-09-02T00:27:48.843Z - Time taken for 'total for creating and serializing project graph' 0.1398340000000644ms
[NX v21.2.1 Daemon Server] - 2026-09-02T00:27:48.843Z - Established a connection. Number of open connections: 7
[NX v21.2.1 Daemon Server] - 2026-09-02T00:27:48.844Z - Closed a connection. Number of open connections: 6
[NX v21.2.1 Daemon Server] - 2026-09-02T00:27:48.844Z - Established a connection. Number of open connections: 7
[NX v21.2.1 Daemon Server] - 2026-09-02T00:27:48.844Z - Closed a connection. Number of open connections: 6
[NX v21.2.1 Daemon Server] - 2026-09-02T00:27:48.844Z - [REQUEST]: Client Request for Project Graph Received
[NX v21.2.1 Daemon Server] - 2026-09-02T00:27:48.844Z - [REQUEST]: Responding to the client. project-graph
[NX v21.2.1 Daemon Server] - 2026-09-02T00:27:48.845Z - Time taken for 'total for creating and serializing project graph' 0.11445899999989706ms
[NX v21.2.1 Daemon Server] - 2026-09-02T00:27:48.849Z - Done responding to the client project-graph
[NX v21.2.1 Daemon Server] - 2026-09-02T00:27:48.849Z - Handled REQUEST_PROJECT_GRAPH. Handling time: 0. Response time: 5.
[NX v21.2.1 Daemon Server] - 2026-09-02T00:27:48.857Z - [SYNC]: @nx/js:typescript-sync changes: 
[NX v21.2.1 Daemon Server] - 2026-09-02T00:27:48.857Z - Time taken for 'run-sync-generator:@nx/js:typescript-sync' 132.4732919999999ms
[NX v21.2.1 Daemon Server] - 2026-09-02T00:27:48.857Z - Done responding to the client project-graph
[NX v21.2.1 Daemon Server] - 2026-09-02T00:27:48.857Z - Handled REQUEST_PROJECT_GRAPH. Handling time: 0. Response time: 15.
[NX v21.2.1 Daemon Server] - 2026-09-02T00:27:48.860Z - [REQUEST]: Client Request for Project Graph Received
[NX v21.2.1 Daemon Server] - 2026-09-02T00:27:48.860Z - [REQUEST]: Responding to the client. project-graph
[NX v21.2.1 Daemon Server] - 2026-09-02T00:27:48.861Z - Time taken for 'total for creating and serializing project graph' 0.1462500000000091ms
[NX v21.2.1 Daemon Server] - 2026-09-02T00:27:48.862Z - Done responding to the client project-graph
[NX v21.2.1 Daemon Server] - 2026-09-02T00:27:48.862Z - Handled REQUEST_PROJECT_GRAPH. Handling time: 0. Response time: 2.
[NX v21.2.1 Daemon Server] - 2026-09-02T00:27:48.864Z - Established a connection. Number of open connections: 7
[NX v21.2.1 Daemon Server] - 2026-09-02T00:35:09.350Z - Established a connection. Number of open connections: 8
[NX v21.2.1 Daemon Server] - 2026-09-02T00:35:09.351Z - Established a connection. Number of open connections: 9
[NX v21.2.1 Daemon Server] - 2026-09-02T00:35:09.351Z - Closed a connection. Number of open connections: 8
[NX v21.2.1 Daemon Server] - 2026-09-02T00:35:09.354Z - [REQUEST]: Client Request for Project Graph Received
[NX v21.2.1 Daemon Server] - 2026-09-02T00:35:09.355Z - [REQUEST]: Responding to the client. project-graph
[NX v21.2.1 Daemon Server] - 2026-09-02T00:35:09.356Z - Time taken for 'total for creating and serializing project graph' 1.0275839999667369ms
[NX v21.2.1 Daemon Server] - 2026-09-02T00:35:09.360Z - Done responding to the client project-graph
[NX v21.2.1 Daemon Server] - 2026-09-02T00:35:09.360Z - Handled REQUEST_PROJECT_GRAPH. Handling time: 2. Response time: 5.
[NX v21.2.1 Daemon Server] - 2026-09-02T00:35:09.365Z - [REQUEST]: Responding to the client. handleRunPreTasksExecution
[NX v21.2.1 Daemon Server] - 2026-09-02T00:35:09.365Z - Done responding to the client handleRunPreTasksExecution
[NX v21.2.1 Daemon Server] - 2026-09-02T00:35:09.365Z - Handled PRE_TASKS_EXECUTION. Handling time: 0. Response time: 0.
[NX v21.2.1 Daemon Server] - 2026-09-02T00:35:09.365Z - Time taken for 'preTasksExecution' 0.11941699997987598ms
[NX v21.2.1 Daemon Server] - 2026-09-02T00:35:09.367Z - [SYNC]: get sync generators changes on demand ["@nx/js:typescript-sync"]
[NX v21.2.1 Daemon Server] - 2026-09-02T00:35:09.367Z - [SYNC]: @nx/js:typescript-sync not scheduled and has cached result, returning cached result
[NX v21.2.1 Daemon Server] - 2026-09-02T00:35:09.367Z - [REQUEST]: Responding to the client. handleGetSyncGeneratorChanges
[NX v21.2.1 Daemon Server] - 2026-09-02T00:35:09.367Z - Done responding to the client handleGetSyncGeneratorChanges
[NX v21.2.1 Daemon Server] - 2026-09-02T00:35:09.367Z - Handled GET_SYNC_GENERATOR_CHANGES. Handling time: 0. Response time: 0.
[NX v21.2.1 Daemon Server] - 2026-09-02T00:35:09.504Z - [REQUEST]: Responding to the client. handleHashTasks
[NX v21.2.1 Daemon Server] - 2026-09-02T00:35:09.504Z - Done responding to the client handleHashTasks
[NX v21.2.1 Daemon Server] - 2026-09-02T00:35:09.504Z - Handled HASH_TASKS. Handling time: 53. Response time: 0.
[NX v21.2.1 Daemon Server] - 2026-09-02T00:35:09.575Z - [REQUEST]: Responding to the client. handleGetEstimatedTaskTimings
[NX v21.2.1 Daemon Server] - 2026-09-02T00:35:09.575Z - Done responding to the client handleGetEstimatedTaskTimings
[NX v21.2.1 Daemon Server] - 2026-09-02T00:35:09.575Z - Handled GET_ESTIMATED_TASK_TIMINGS. Handling time: 21. Response time: 0.
[NX v21.2.1 Daemon Server] - 2026-09-02T00:35:38.949Z - [REQUEST]: Responding to the client. handleRecordTaskRuns
[NX v21.2.1 Daemon Server] - 2026-09-02T00:35:38.950Z - Done responding to the client handleRecordTaskRuns
[NX v21.2.1 Daemon Server] - 2026-09-02T00:35:38.950Z - Handled RECORD_TASK_RUNS. Handling time: 0. Response time: 1.
[NX v21.2.1 Daemon Server] - 2026-09-02T00:35:38.951Z - [REQUEST]: Responding to the client. handleGetFlakyTasks
[NX v21.2.1 Daemon Server] - 2026-09-02T00:35:38.951Z - Done responding to the client handleGetFlakyTasks
[NX v21.2.1 Daemon Server] - 2026-09-02T00:35:38.951Z - Handled GET_FLAKY_TASKS. Handling time: 0. Response time: 0.
[NX v21.2.1 Daemon Server] - 2026-09-02T00:35:39.090Z - [REQUEST]: Responding to the client. handleRunPostTasksExecution
[NX v21.2.1 Daemon Server] - 2026-09-02T00:35:39.090Z - Done responding to the client handleRunPostTasksExecution
[NX v21.2.1 Daemon Server] - 2026-09-02T00:35:39.090Z - Handled POST_TASKS_EXECUTION. Handling time: 1. Response time: 0.
[NX v21.2.1 Daemon Server] - 2026-09-02T00:35:39.090Z - Time taken for 'postTasksExecution' 0.32070799998473376ms
[NX v21.2.1 Daemon Server] - 2026-09-02T00:35:39.099Z - Closed a connection. Number of open connections: 7
